CVE_MUN,CVE_LOC,tot_denue
02001,020010001,130
02001,020010095,2
02001,020010118,1
02001,020010124,4
02001,020010139,4
02001,020010184,1
02001,020010186,1
02001,020010243,1
02001,020010247,30
02001,020010736,1
02001,020010942,1
02001,020011025,1
02001,020012157,1
02001,020013122,1
02001,020013368,1
02002,020020001,3
02002,020020106,1
02002,020020237,1
02002,020020243,1
02002,020020394,1
02002,020020402,1
02002,020020411,3
02002,020021195,1
02004,020040001,3
02005,020050001,1
02005,020050086,1
02005,020050090,2
02005,020050305,4
02006,020060001,14
02006,020060003,1
02006,020060022,15
02006,020060040,1
02006,020060085,2
02006,020060115,4
02006,020060117,1
02006,020060118,9
02006,020060121,4
02006,020060124,2
02006,020060126,5
02006,020060127,5
02006,020060199,1
02006,020060225,4
02006,020060248,1
02006,020060585,3
02006,020060683,1
02006,020060837,3
02006,020060861,6
02006,020060863,2
03001,030010001,25
03001,030010003,42
03001,030010027,2
03001,030010049,1
03001,030010112,2
03001,030010133,6
03001,030010162,2
03001,030010224,2
03001,030010241,1
03001,030010244,1
03001,030010280,144
03001,030010335,5
03001,030010390,1
03001,030010662,1
03001,030011964,4
03001,030012086,2
03001,030012476,3
03001,030012821,2
03002,030020001,68
03002,030020014,3
03002,030020015,7
03002,030020049,7
03002,030020056,1
03002,030020066,31
03002,030020097,29
03002,030020140,8
03002,030020149,1
03002,030020165,6
03002,030020456,1
03002,030020967,6
03002,030021374,1
03003,030030001,72
03003,030030003,2
03003,030030060,2
03003,030030092,2
03003,030030121,2
03003,030030224,9
03003,030030336,15
03003,030030392,4
03003,030030402,2
03003,030030778,10
03003,030030849,2
03003,030030920,3
03003,030030963,1
03003,030030985,3
03003,030031227,3
03003,030031394,2
03003,030031424,1
03003,030031558,1
03003,030031630,6
03003,030031675,3
03003,030031681,3
03003,030032007,1
03003,030032233,2
03008,030080001,8
03008,030080054,5
03008,030080177,1
03008,030080217,2
03009,030090001,21
03009,030090071,4
03009,030090156,3
03009,030090161,4
03009,030090197,2
03009,030090222,3
03009,030090235,2
03009,030090358,1
04001,040010002,103
04001,040010014,7
04001,040010015,2
04002,040020001,180
04002,040020075,1
04002,040020087,40
04002,040020101,1
04002,040020105,1
04002,040020178,1
04003,040030001,100
04003,040030005,23
04003,040030006,18
04003,040030013,7
04003,040030031,9
04003,040030058,3
04003,040030081,1
04003,040030101,18
04003,040030118,10
04003,040030199,61
04003,040030262,8
04003,040030364,1
04003,040030612,3
04003,040030614,61
04003,040031138,2
04003,040031351,9
04003,040031722,1
04003,040031843,1
04003,040033217,4
04003,040033402,1
04003,040033453,9
04004,040040001,121
04004,040040016,9
04004,040040017,1
04004,040040052,1
04004,040040091,1
04004,040040233,1
04004,040040239,1
04004,040040243,1
04004,040040521,2
04007,040070001,14
04007,040070029,1
04007,040070108,1
04007,040070110,2
04007,040070238,1
04007,040070320,15
04007,040070521,6
04007,040070663,1
04012,040120001,76
04012,040120016,2
04012,040120055,9
14020,140200057,1
14020,140200062,1
14020,140200070,2
14020,140200082,2
14020,140200088,1
14022,140220006,8
14022,140220033,3
14022,140220047,1
14043,140430001,1
14043,140430036,1
14043,140430062,2
14043,140430092,2
14043,140430094,1
14043,140430146,4
14058,140580021,1
14067,140670001,8
14067,140670007,2
14067,140670009,1
14067,140670028,1
14100,141000001,1
14100,141000034,1
14100,141000065,2
14100,141000159,1
14100,141000189,2
14100,141000261,1
18001,180010001,7
18001,180010004,2
18001,180010016,4
18001,180010094,1
18001,180010098,1
18001,180010105,31
18001,180010115,11
18004,180040001,1
18004,180040020,5
18004,180040065,4
18004,180040089,1
18004,180040128,24
18004,180040154,6
18004,180040186,1
18004,180040191,2
18004,180040322,2
18008,180080028,1
18010,180100001,1
18010,180100008,3
18010,180100014,2
18010,180100021,1
18010,180100022,25
18010,180100023,1
18010,180100025,44
18010,180100035,3
18010,180100039,3
18010,180100041,1
18010,180100047,3
18010,180100063,9
18012,180120001,109
18012,180120003,3
18012,180120004,3
18012,180120006,24
18012,180120009,1
18012,180120013,1
18012,180120014,22
18012,180120016,25
18012,180120019,21
18012,180120024,1
18012,180120026,3
18012,180120027,12
18012,180120030,2
18012,180120043,2
18012,180120073,2
18015,180150001,1
18015,180150004,3
18015,180150006,7
18015,180150007,3
18015,180150009,1
18015,180150021,2
18015,180150025,125
18015,180150031,28
18015,180150035,4
18015,180150037,2
18015,180150038,16
18015,180150044,2
18015,180150057,2
18015,180150059,31
18015,180150062,9
18015,180150065,8
18015,180150066,7
18015,180150069,1
18015,180150074,3
18015,180150081,6
18015,180150083,2
18016,180160001,9
18016,180160004,7
18016,180160005,25
18016,180160006,2
18016,180160016,1
18016,180160024,28
18016,180160026,3
18016,180160028,1
18016,180160029,17
18016,180160031,10
18016,180160032,3
18016,180160038,10
18016,180160039,1
18016,180160041,1
18016,180160043,1
18016,180160044,36
18016,180160046,2
18016,180160047,3
18016,180160054,7
18016,180160091,4
18016,180160205,15
18016,180160300,43
18018,180180001,3
18018,180180012,5
18018,180180018,28
18020,180200013,5
18020,180200027,28
18020,180200041,1
18020,180200053,1
18020,180200081,1
18020,180200106,7
23001,230010001,4
23002,230020036,1
23002,230020108,3
23002,230020456,1
23003,230030001,9
23003,230030435,1
23004,230040001,6
23004,230040007,2
23004,230040008,3
23004,230040014,5
23004,230040016,3
23004,230040020,4
23004,230040032,2
23004,230040037,2
23004,230040039,2
23004,230040050,1
23004,230040053,2
23004,230040067,3
23004,230040073,3
23004,230040075,1
23004,230040077,1
23004,230040106,2
23004,230040110,2
23004,230040111,6
23004,230040201,2
23004,230040264,2
23004,230042428,2
23005,230050001,9
23007,230070001,1
23007,230070008,7
23007,230070012,3
23007,230070023,1
23008,230080001,1
23009,230090001,2
23009,230090106,1
23010,230100001,1
23010,230100022,2
23010,230100258,2
23011,230110001,2
23011,230110193,1
25001,250010001,64
25001,250010067,34
25001,250010070,1
25001,250010081,4
25001,250010119,85
25001,250010128,1
25001,250010136,1
25001,250010148,9
25001,250010149,1
25001,250010160,4
25001,250010166,27
25001,250010169,14
25001,250010228,1
25001,250010240,61
25001,250010349,11
25001,250010356,2
25001,250010370,1
25001,250010407,1
25001,250010448,5
25001,250011001,3
25001,250011045,2
25002,250020001,3
25002,250020007,1
25002,250020012,4
25002,250020035,50
25002,250020067,1
25002,250020084,12
25002,250020093,80
25002,250020117,1
25006,250060001,58
25006,250060133,81
25006,250060304,1
25006,250060305,17
25006,250060311,81
25006,250060312,1
25006,250060318,1
25006,250060341,32
25006,250060391,7
25006,250060420,9
25006,250060544,10
25006,250060569,1
25006,250060627,13
25006,250061003,29
25006,250061044,32
25006,250061622,1
25006,250061695,2
25006,250061698,1
25006,250062255,2
25008,250080004,1
25008,250080061,1
25008,250080164,9
25008,250080171,1
25008,250080176,1
25008,250080180,1
25008,250080404,2
25009,250090001,15
25009,250090013,88
25009,250090020,1
25009,250090034,2
25009,250090043,3
25009,250090044,1
25009,250090060,43
25009,250090062,7
25009,250090213,12
25010,250100001,6
25010,250100004,2
25010,250100016,5
25010,250100026,2
25010,250100036,1
25010,250100077,1
25010,250100122,5
25010,250100212,1
25010,250100237,1
25010,250100420,1
25010,250100547,4
25010,250100620,1
25011,250110001,28
25011,250110035,1
25011,250110059,14
25011,250110065,138
25011,250110085,2
25011,250110114,1
25011,250110124,1
25011,250110138,1
25011,250110148,70
25011,250110188,2
25011,250110228,1
25011,250110239,1
25011,250110269,1
25011,250110280,5
25011,250110381,2
25011,250110382,2
25011,250110386,7
25011,250110695,7
25011,250110707,14
25011,250110720,1
25011,250110723,1
25011,250110751,5
25011,250110780,1
25012,250120001,358
25012,250120134,2
25012,250120278,1
25012,250120294,1
25012,250120348,5
25012,250120370,2
25012,250120761,2
25012,250120786,2
25012,250121377,1
25013,250130565,1
25014,250140001,2
25014,250140015,1
25014,250140020,5
25014,250140022,5
25014,250140041,5
25014,250140079,1
25014,250140134,3
25014,250140146,7
25014,250140287,8
25014,250140388,9
25014,250140398,8
25016,250160066,25
25016,250160131,1
25016,250160676,8
25017,250170367,2
25017,250171046,2
25017,250171557,1
25018,250180001,2
25018,250180002,1
25018,250180006,22
25018,250180014,1
25018,250180041,21
25018,250180054,10
25018,250180076,2
25018,250180126,5
25018,250180131,8
25018,250180292,1
25018,250180322,13
25018,250180434,27
26012,260120082,1
26012,260120172,7
26017,260170001,4
26017,260170080,12
26017,260170166,17
26018,260180001,16
26018,260180090,2
26018,260180284,1
26018,260180296,1
26018,260180357,1
26018,260180365,1
26018,260180585,2
26025,260250001,29
26025,260250013,1
26025,260250082,3
26026,260260011,1
26026,260260051,1
26029,260290001,108
26029,260290025,2
26029,260290111,1
26029,260290254,1
26029,260291298,17
26030,260300001,16
26030,260300136,4
26030,260300137,55
26030,260300208,3
26030,260300514,1
26030,260301214,10
26030,260301215,9
26030,260301829,2
26030,260301889,7
26030,260303258,2
26030,260303661,1
26033,260330001,13
26033,260330002,18
26033,260330011,3
26033,260330012,2
26033,260330017,10
26033,260330019,2
26033,260330020,1
26033,260330035,2
26033,260330038,1
26033,260330054,2
26033,260330055,1
26033,260330062,2
26033,260330063,3
26033,260330067,10
26033,260330078,1
26033,260330082,1
26033,260330083,1
26033,260330094,1
26033,260330098,1
26033,260330099,61
26033,260330100,5
26033,260330110,2
26033,260330112,2
26033,260330210,1
26033,260330230,3
26033,260330235,1
26042,260420001,2
26042,260420006,1
26042,260420108,1
26047,260470027,2
26047,260470065,19
26048,260480001,104
26048,260480004,2
26048,260480204,2
26055,260550001,2
26055,260550011,125
26071,260710001,2
26071,260710139,21
26071,260710140,1
26071,260710141,18
26072,260720001,1
26072,260720017,53
26072,260720186,19
31004,310040001,1
31011,310110001,214
31027,310270001,4
31027,310270004,6
31028,310280001,151
31029,310290001,4
31033,310330006,1
31038,310380004,99
31059,310590001,165
31059,310590003,53
31059,310590004,51
31059,310590005,67
31059,310590026,1
31059,310590078,1
31061,310610001,46
31061,310610002,11
31065,310650001,24
31068,310680001,4
31068,310680003,25
31082,310820001,1
31083,310830001,55
31096,310960001,1
31096,310960009,40
31106,311060002,5
31106,311060054,6
