CVE_MUN,CVE_LOC,ua_area_loc_kmsq
02001,020010001,24.49517203286388
02001,020010095,0.37625781808323866
02001,020010124,6.343861399820229
02001,020010127,10.798757825557603
02001,020010139,25.512366669935403
02001,020010149,16.471619084509324
02001,020010155,49.75469972511645
02001,020010184,58.044764662547045
02001,020010242,0.40112467892204295
02001,020010247,3.3707049378975973
02001,020010254,16.471619084509324
02001,020010329,58.745606104392245
02001,020010385,0.48734181508368113
02001,020010544,0.1724169589293953
02001,020010645,0.09942660621823592
02001,020010677,42.64839674669902
02001,020010678,56.37604532154941
02001,020010684,0.7422220742089229
02001,020010732,15.384915358413316
02001,020010736,0.37625781808323866
02001,020010769,3.903964031278636
02001,020010848,0.6883199498198262
02001,020010861,14.095152459308224
02001,020010892,0.12382628536837269
02001,020010909,34.28826655399336
02001,020010958,19.589008797605153
02001,020011048,0.5698051152795276
02001,020011080,0.1815778788399119
02001,020011115,59.45680438430792
02001,020011121,7.613999317661809
02001,020011170,39.28844094286589
02001,020011183,0.44988465211646994
02001,020011201,16.471619084509324
02001,020011238,0.020765354476873762
02001,020011251,49.034196339491146
02001,020011280,0.020765354476873762
02001,020011297,50.24428941371933
02001,020011303,0.09753505275517499
02001,020011309,0.22367896320687583
02001,020011334,0.7422220742089229
02001,020011341,0.7422220742089229
02001,020011345,0.5374172918754258
02001,020011373,0.7422220742089229
02001,020011444,59.45680438430792
02001,020011489,0.09942660621823592
02001,020011603,0.07321839493896161
02001,020011616,0.7422220742089229
02001,020011661,7.613999317661809
02001,020011663,0.43219669009248357
02001,020011687,48.04431747428098
02001,020011740,16.471619084509324
02001,020011812,11.884540577447245
02001,020011814,54.61633942725602
02001,020011825,0.7422220742089229
02001,020011870,15.379604792892378
02001,020011957,0.7422220742089229
02001,020011962,59.45680438430792
02001,020012005,17.890689421664774
02001,020012007,13.768455042893788
02001,020012013,17.084525040200997
02001,020012134,0.17040989235319756
02001,020012160,3.775743304637548
02001,020012221,59.45680438430792
02001,020012223,51.394992664028
02001,020012224,59.45680438430792
02001,020012230,0.37625781808323866
02001,020012317,17.212909411950363
02001,020012435,0.2789263141965406
02001,020012487,16.471619084509324
02001,020012488,16.471619084509324
02001,020012502,14.367556272241064
02001,020012691,6.651943344997728
02001,020012693,3.2003809512840884
02001,020012729,0.009503429921265226
02001,020012776,16.471619084509324
02001,020012870,1.4451061820137918
02001,020012978,1.3528483303393724
02001,020013151,2.4742870217850723
02001,020013152,2.619184278862321
02001,020013170,62.01636591977485
02001,020013171,59.45680438430792
02001,020013173,59.45680438430792
02001,020013174,59.45680438430792
02001,020013283,59.26079163758986
02001,020013329,61.2382375106347
02001,020013340,0.43219669009248357
02001,020013353,2.347783271465254
02001,020013355,15.619458462083413
02001,020013460,29.700386938696564
02001,020013555,0.4706447504636466
02001,020013606,20.592548021997594
02001,020013627,7.613999317661809
02001,020013639,0.37625781808323866
02001,020013658,0.8901713679799377
02001,020013677,19.854657547544296
02001,020013682,42.75749365339047
02001,020013684,40.62362901354224
02001,020013685,38.30501417789847
02001,020013687,36.656404154613824
02001,020013688,35.918755205829754
02001,020013689,71.70577757395313
02001,020013690,71.70577757395313
02001,020013691,36.453156357922516
02001,020013692,33.80773140510315
02001,020013696,41.41403470204671
02001,020013699,33.00226514705317
02001,020013700,27.30966563216019
02001,020013706,37.23745680296562
02001,020013707,35.48421706057481
02001,020013708,33.83924727794843
02001,020013711,26.727509262409427
02001,020013714,22.567403171262214
02001,020013717,17.948393445896194
02001,020013724,33.58695874423315
02001,020013725,30.16825053079208
02001,020013726,26.95853810269893
02001,020013727,23.394369332203603
02001,020013730,10.669760717257256
02001,020013732,40.93014282932834
02001,020013733,37.77650851407124
02001,020013738,19.354042569360153
02001,020013740,15.264870404461048
02001,020013741,47.825674366496614
02001,020013742,37.74313310135954
02001,020013744,32.63278171253051
02001,020013746,27.917201958191246
02001,020013747,24.560889985154724
02001,020013749,39.93555508232658
02001,020013751,42.85983370027466
02001,020013752,37.9094816611407
02001,020013753,52.91226626784177
02001,020013755,42.44966014744362
02001,020013756,37.33274548265869
02001,020013760,36.576239348288496
02001,020013763,54.002747676295186
02001,020013765,55.28070042321071
02001,020013768,52.59548513339925
02001,020013770,37.73079072518108
02001,020013773,31.544398701034545
02001,020013774,33.7857742432563
02001,020013776,93.03118320482908
02001,020013777,93.03118320482908
02001,020013778,40.679113145452384
02001,020013780,35.85053049654856
02001,020013781,32.207885110285915
02001,020013783,49.79042415894739
02001,020013784,47.681298460878466
02001,020013795,39.96430935746205
02001,020013797,25.590671987191904
02001,020013798,20.555528194380408
02001,020013799,15.749027384095022
02001,020013801,48.93691223654618
02001,020013802,45.4085448034271
02001,020013804,44.744369344353096
02001,020013805,26.3968761844327
02001,020013807,44.274839128521776
02001,020013812,39.83629700415901
02001,020013815,0.8555766792060943
02001,020013825,16.471619084509324
02001,020013828,0.7422220742089229
02001,020013870,0.009503429921265226
02001,020013888,39.197478985774104
02001,020013920,0.3576777138047129
02001,020013922,23.191114208408276
02001,020013963,0.1815778788399119
02001,020014068,1.5675448541799697
02001,020014075,38.27600577349881
02001,020014128,0.009503429921265226
02001,020014182,51.138736259977705
02001,020014183,49.08597824296819
02001,020014186,23.117872130987834
02001,020014317,11.002092905103387
02001,020014342,58.58453231922609
02001,020014390,0.1724169589293953
02001,020014444,6.343861399820229
02001,020014523,52.49393122510568
02001,020014549,15.494105095065418
02001,020014552,0.037251159180842514
02001,020014592,50.20060436193689
02001,020014634,94.25446036885933
02001,020014635,7.7091115262870344
02001,020014638,43.495544347576256
02001,020014656,48.33158516387848
02001,020014778,6.633784924736486
02001,020014877,69.44430021166544
02001,020014900,16.83580707923709
02001,020014903,43.38557926886979
02001,020014904,44.93000998473039
02001,020014908,29.700386938696564
02001,020014909,28.199226751146607
02001,020014918,14.791325884251519
02001,020014920,3.903964031278636
02001,020014925,11.849214430477652
02001,020014930,12.113629823421894
02001,020014943,3.070915118638856
02001,020014965,0.009503429921265226
02001,020014972,6.633784924736486
02001,020014973,24.76945037849599
02001,020014980,14.698833670120178
02001,020015025,0.7394181539536899
02001,020015026,0.01338093337540346
02001,020015027,49.35514538573956
02001,020015028,27.210733463276394
02001,020015029,32.18272788466791
02001,020015037,13.144938893910961
02001,020015086,0.1626087025993837
02001,020015122,15.002728924350984
02001,020015154,1.9244625034193223
02001,020015155,59.45675208222007
02001,020015161,24.624473380213036
02001,020015162,15.384915358413316
02001,020015163,54.42347267741504
02001,020015164,48.758396765987655
02001,020015165,69.44430021166544
02001,020015166,58.36916532498806
02001,020015167,37.21939915846702
02001,020015168,54.61633942725602
02001,020015170,49.15295344450274
02001,020015171,0.009503429921265226
02001,020015185,1.453175760911617
02001,020015198,69.44430021166544
02001,020015200,0.10566060628525907
02001,020015202,35.44207006445715
02001,020015204,35.83567433681038
02001,020015260,0.020765354476873762
02001,020015264,60.58158621725896
02001,020015277,2.5521057836550485
02001,020015287,39.16868883764354
02001,020015289,32.77848616597473
02001,020015297,43.25664716235204
02001,020015299,0.009503429921265226
02001,020015328,4.60235304170941
02001,020015459,45.84030945377894
02001,020015460,44.19115414548698
02001,020015461,48.144976958259804
02001,020015462,0.717801948373334
02001,020015465,54.69818727566569
02001,020015467,1.8296022371191563
02001,020015472,10.141325685790296
02001,020015474,0.37369631593331315
02001,020015475,0.6842117084159505
02001,020015477,0.40112467892204295
02001,020015479,28.817629428039996
02001,020015483,3.4999097716734857
02001,020015486,1.2907585912599975
02001,020015488,14.374988620276472
02001,020015496,13.218898706615153
02001,020015501,19.540741232824107
02001,020015502,29.99065119747251
02001,020015505,46.08327975405926
02001,020015506,51.22691936731549
02001,020015525,53.51252957082914
02001,020015528,48.19532955355377
02001,020015530,50.929704783095666
02001,020015531,47.19136481174766
02001,020015532,94.25446036885933
02001,020015537,20.09933921095299
02001,020015539,19.65360688861261
02001,020015540,42.02433382714547
02001,020015542,41.060107295853285
02001,020015546,40.326036899795795
02001,020015551,47.79103489183944
02001,020015552,36.4388806641918
02001,020015554,35.41014261724529
02001,020015559,32.89756505906823
02001,020015665,33.00318149204214
02001,020015692,29.452534607473442
02001,020015694,38.50832413441334
02001,020015695,37.15656209687706
02001,020015696,31.506345782907868
02001,020015697,29.74060486384195
02001,020015763,1.1714712126616214
02001,020015769,36.741575493727865
02001,020015907,59.45680438430792
02001,020015921,3.128863547380731
02001,020016454,16.754385411020245
02002,020020284,4.359465855987945
02002,020020412,2.5266954434201447
02002,020020414,2.5266954434201447
02002,020020417,0.577290002467826
02002,020020598,0.5971787222543085
02002,020021343,6.112936579022177
02002,020021350,0.577290002467826
02002,020021365,5.9022484496192416
02002,020021415,2.5266954434201447
02002,020021620,2.5266954434201447
02002,020021623,0.577290002467826
02002,020021659,2.2218363171251725
02002,020021694,0.577290002467826
02002,020021824,2.0937335463739326
02002,020022089,3.7452330182297855
02002,020022224,3.514629991636214
02002,020022854,5.735476673346469
02002,020022940,0.577290002467826
02002,020022966,0.577290002467826
02002,020023029,0.577290002467826
02002,020023103,0.577290002467826
02002,020023112,4.6476317099489055
02002,020023450,0.577290002467826
02002,020024803,3.550987885754427
02002,020024892,0.577290002467826
02002,020024909,4.042971343593554
02002,020024931,2.1501270875509557
02002,020024942,2.3649127017945326
02002,020024945,0.577290002467826
02002,020024952,6.112936579022177
02002,020025128,29.700386938696564
02002,020025138,0.577290002467826
02002,020025364,29.700386938696564
02002,020025421,6.086154448854157
02002,020025435,3.0976415417714045
02002,020025441,1.2907585912599975
02002,020025450,29.700386938696564
02004,020040719,0.10089912671657279
02004,020041351,0.4706447504636466
02004,020041767,20.592548021997594
02004,020041787,69.44430021166544
02004,020041801,2.5521057836550485
02004,020041919,14.698833670120178
02004,020041956,29.700386938696564
02004,020042081,0.37369631593331315
02005,020050076,6.343861399820229
02005,020050176,69.44430021166544
02005,020050244,69.44430021166544
02005,020050291,15.384915358413316
02005,020050304,6.343861399820229
02005,020050317,69.44430021166544
02006,020060001,0.10089912671657279
02006,020060022,0.20677207447753101
02006,020060043,0.20677207447753101
02006,020060079,32.63278171253051
02006,020060080,3.1590747357098126
02006,020060084,14.701087631355126
02006,020060085,1.9001277018350897
02006,020060086,3.4730638094598607
02006,020060088,3.271220250354496
02006,020060089,5.289485327659312
02006,020060109,15.389607663619557
02006,020060111,6.141481137589788
02006,020060114,21.425621530591663
02006,020060115,1.5418531945110951
02006,020060118,0.9085819486366432
02006,020060121,21.108859388538587
02006,020060123,2.04756523383485
02006,020060125,10.070100945027264
02006,020060127,1.4509717522800323
02006,020060134,0.06499205495754397
02006,020060162,12.474505101758803
02006,020060193,0.2789263141965406
02006,020060197,20.357204190823424
02006,020060199,5.110581172012334
02006,020060202,26.470578228203564
02006,020060207,30.27077091411919
02006,020060224,0.00869475276884007
02006,020060225,0.00869475276884007
02006,020060235,0.040195059247673255
02006,020060249,0.10089912671657279
02006,020060250,23.64962826580805
02006,020060257,1.4895406565566307
02006,020060260,12.334808282439656
02006,020060264,23.74422794407425
02006,020060285,7.78333915160855
02006,020060287,0.10089912671657279
02006,020060288,0.00869475276884007
02006,020060289,0.03983747901883721
02006,020060294,3.307683843042682
02006,020060296,11.062251643136351
02006,020060326,1.8463370699030044
02006,020060329,11.213165311471768
02006,020060332,23.53563789600436
02006,020060344,0.7465759038934694
02006,020060346,2.815922433543527
02006,020060360,10.494833286589165
02006,020060365,19.58618499065934
02006,020060383,7.311280218109258
02006,020060388,5.064116131836978
02006,020060412,0.10089912671657279
02006,020060413,4.3678079261269405
02006,020060421,25.549615480062617
02006,020060433,6.548207884753952
02006,020060440,25.513277379899268
02006,020060449,29.630444011383783
02006,020060453,0.10089912671657279
02006,020060456,2.9426873214812175
02006,020060458,6.633784924736486
02006,020060461,10.465742430801798
02006,020060464,22.56781400281502
02006,020060475,0.00869475276884007
02006,020060480,0.9814968907833334
02006,020060483,9.818354552172318
02006,020060488,1.4509717522800323
02006,020060528,5.5104070111309635
02006,020060542,23.65701307849623
02006,020060569,7.612073556145921
02006,020060581,0.20677207447753101
02006,020060583,10.49183895211073
02006,020060585,1.3307176891732604
02006,020060596,3.9831837251292406
02006,020060605,25.879107333119585
02006,020060623,69.44430021166544
02006,020060629,3.5410990051684967
02006,020060630,0.00869475276884007
02006,020060642,0.10089912671657279
02006,020060645,2.799527768315962
02006,020060646,1.4729060844136894
02006,020060651,3.9272998692800147
02006,020060652,5.6114774936357845
02006,020060660,0.4158722065809138
02006,020060663,2.701389165229953
02006,020060672,13.413404476054303
02006,020060715,0.2789263141965406
02006,020060743,1.175049105306942
02006,020060759,0.2789263141965406
02006,020060772,37.15656209687706
02006,020060800,0.7254886546552353
02006,020060832,10.941472392308984
02006,020060837,0.009767412133357837
02006,020060841,0.16083134106945396
02006,020060845,16.547102528194912
02006,020060858,0.10089912671657279
02006,020060861,13.672390077061333
02006,020060865,2.6276981436681583
03001,030010003,1.3226041400032065
03001,030010027,13.351090024175367
03001,030010224,0.5638433752749062
03001,030010241,1.6774559001314457
03001,030010280,57.663828600706665
03001,030010450,1.1685953053810172
03001,030010662,36.42120989016888
03001,030010911,0.10718440041457326
03001,030012476,0.10718440041457326
03001,030012821,84.63530952671134
03002,030020014,0.10523231227044232
03002,030020015,2.30639349420768
03002,030020041,0.6349541299663363
03002,030020049,0.2687427152009942
03002,030020056,9.77642572534831
03002,030020066,13.406667287614317
03002,030020089,0.2233628474887386
03002,030020116,10.786716967320308
03002,030020456,0.5262967121496778
03002,030020515,2.599357744830571
03002,030020715,1.0490069029689613
03002,030020823,0.26406702674105575
03002,030020967,24.645669541064635
03002,030021374,24.409456389321033
03002,030021515,0.2687427152009942
03002,030021554,8.894991957957378
03002,030021777,2.30639349420768
03003,030030001,0.2899834551066994
03003,030030060,29.227494565721653
03003,030030092,0.5286952999876156
03003,030030108,0.5286952999876156
03003,030030224,0.6508478560380632
03003,030030341,0.47361242493134736
03003,030030381,0.47361242493134736
03003,030030592,0.47361242493134736
03003,030030684,0.47361242493134736
03003,030030898,0.47361242493134736
03003,030030945,0.41478934529375655
03003,030030963,29.327428404988535
03003,030031321,0.2233628474887386
03003,030031322,0.2233628474887386
03003,030031394,0.47361242493134736
03003,030031424,0.47361242493134736
03003,030031450,0.5286952999876156
03003,030031884,0.47361242493134736
03003,030031944,0.351436811642067
03003,030032007,0.5607350136634851
03003,030032120,0.5286952999876156
03003,030032132,0.5286952999876156
03003,030032161,0.48478561102257434
03003,030032174,0.4989731020995616
03003,030032183,0.1723292207142855
03003,030032270,0.029722197888053952
03003,030032351,0.4989731020995616
03003,030032368,0.029722197888053952
03003,030032515,0.47361242493134736
03003,030032530,0.029722197888053952
03003,030032531,0.08720117510280014
03003,030032599,0.08200550490329042
03003,030032669,0.4989731020995616
03003,030032727,0.1723292207142855
03003,030032916,0.05707995222768188
03003,030033022,0.070267093985520307
03003,030033135,0.47361242493134736
03008,030080120,0.2233628474887386
03008,030080209,84.63530952671134
03008,030080217,0.2233628474887386
03008,030080251,0.4989731020995616
03008,030080335,0.6349541299663363
03008,030080383,24.645669541064635
03008,030080456,0.2233628474887386
03008,030080521,0.2233628474887386
03008,030080533,0.2233628474887386
03008,030080560,0.47361242493134736
03008,030080985,0.45902722647661715
03008,030081051,0.2233628474887386
03009,030090156,0.14714765836618096
03009,030090161,0.14714765836618096
03009,030090183,0.11409776801431179
03009,030090193,0.2233628474887386
03009,030090197,0.11409776801431179
03009,030090235,0.10008148909573257
04001,040010002,0.11728133709853887
04002,040020001,192.3235079146767
04002,040020073,1.1486307678967713
04002,040020077,39.58304137155145
04002,040020081,0.0876820241060257
04002,040020086,84.040848475587
04002,040020087,271.2213024340133
04002,040020093,41.05654414890143
04002,040020101,14.063473581907413
04002,040020178,308.0084134333183
04002,040020200,25.634174617221348
04002,040020326,306.6898352092989
04002,040020329,302.17247976553523
04002,040020402,33.13205101902523
04002,040020501,31.343630966681772
04002,040020520,38.96037552218179
04002,040020875,30.542544650235893
04002,040020960,40.00815155642006
04003,040030007,3.1397128187678756e-4
04003,040030199,3.535943678617477e-4
04003,040030614,0.07805106615073606
04003,040031847,3.535943678617477e-4
04003,040032724,3.535943678617477e-4
04003,040033080,0.012592876778464764
04003,040033461,89.5338832778748
04003,040034638,3.535943678617477e-4
04004,040040001,98.2585735987471
04004,040040005,0.012592876778464764
04004,040040016,123.73791472890208
04004,040040017,174.98131726295153
04004,040040019,16.705179867552758
04004,040040021,99.29039656469767
04004,040040052,0.012592876778464764
04004,040040082,0.012592876778464764
04004,040040233,89.5338832778748
04004,040040243,0.012592876778464764
04004,040040521,65.08824548029052
04004,040041680,57.37415453693703
04004,040041916,4.356678540828958
04004,040042148,50.30757455343775
04004,040042356,54.32597415194959
04007,040070086,89.5338832778748
04007,040070108,0.011334840336501598
04007,040070109,0.28430939928781984
04007,040070110,3.1397128187678756e-4
04007,040070238,0.28430939928781984
04007,040070320,0.28430939928781984
04007,040070521,0.28430939928781984
04012,040120001,285.3893255987637
04012,040120016,194.68239676050015
04012,040120055,213.1102811490714
04012,040120056,165.99619408168786
14020,140200020,31.98392978735172
14020,140200021,1.7177817708197236
14020,140200022,0.6486448319721818
14020,140200034,0.02019881797374785
14020,140200035,31.001471203518282
14020,140200041,3.359261048387494
14020,140200043,4.9839087549923065
14020,140200057,52.51819811415501
14020,140200062,6.439970082210657
14020,140200064,23.471627890206218
14020,140200066,13.713053999602453
14020,140200070,51.87398814153563
14020,140200078,0.02019881797374785
14020,140200079,0.02019881797374785
14020,140200082,1.6884164927230776
14020,140200087,0.02019881797374785
14020,140200088,0.02019881797374785
14020,140200092,1.2220027077228277
14020,140200109,18.653747428435725
14020,140200114,0.13038326850385218
14020,140200116,29.089075212750732
14020,140200117,34.7571093804398
14020,140200121,0.02019881797374785
14020,140200123,0.02019881797374785
14020,140200131,0.0985048677546382
14020,140200155,0.02019881797374785
14020,140200164,0.02019881797374785
14020,140200213,0.02019881797374785
14020,140200248,0.02019881797374785
14022,140220002,0.11659136830851435
14022,140220003,1.1218029525159077
14022,140220006,0.11659136830851435
14022,140220009,0.12669051024727523
14022,140220016,0.11659136830851435
14022,140220030,0.015347313986636699
14022,140220033,0.11659136830851435
14022,140220047,0.5178156489780098
14022,140220058,0.11134319626063853
14022,140220069,0.11659136830851435
14022,140220102,0.11659136830851435
14022,140220103,0.11659136830851435
14022,140220107,0.11659136830851435
14022,140220109,0.11659136830851435
14022,140220120,0.11659136830851435
14022,140220133,1.02055889819403
14022,140220141,0.11659136830851435
14022,140220147,0.11659136830851435
14022,140220151,0.11659136830851435
14022,140220157,0.015347313986636699
14043,140430015,1.02055889819403
14043,140430033,0.059406080318067225
14043,140430039,0.059406080318067225
14043,140430062,1.02055889819403
14043,140430091,0.11109306806688383
14043,140430092,1.02055889819403
14043,140430099,0.059406080318067225
14043,140430123,0.059406080318067225
14043,140430146,0.059406080318067225
14043,140430150,0.059406080318067225
14043,140430176,1.02055889819403
14043,140430249,0.059406080318067225
14058,140580006,0.11659136830851435
14067,140670247,0.020247248233031482
14067,140670252,0.11659136830851435
14084,140840007,0.11659136830851435
14100,141000013,0.9265871138480902
14100,141000029,0.020247248233031482
14100,141000039,0.020247248233031482
14100,141000054,0.020247248233031482
14100,141000058,0.020247248233031482
14100,141000059,0.05168698774881661
14100,141000065,0.05168698774881661
14100,141000080,0.020247248233031482
14100,141000081,0.9265871138480902
14100,141000098,0.020247248233031482
14100,141000100,0.9265871138480902
14100,141000110,0.020247248233031482
14100,141000122,0.02019881797374785
14100,141000189,0.020247248233031482
14100,141000215,0.9265871138480902
14100,141000230,0.02019881797374785
14100,141000235,0.8791530694636106
14100,141000261,0.9265871138480902
14100,141000267,0.6486448319721818
14100,141000272,0.9265871138480902
14100,141000276,0.9265871138480902
14100,141000303,0.020247248233031482
14100,141000408,0.020247248233031482
14100,141000482,0.020247248233031482
14100,141000488,0.020247248233031482
14100,141000509,0.020247248233031482
18001,180010011,0.009115591499909759
18001,180010038,0.009115591499909759
18001,180010039,0.01674458487126976
18001,180010070,0.14906148992852866
18001,180010105,1.006730284025684
18001,180010115,1.2569565881982465
18001,180010185,0.04780848697481305
18004,180040065,29.04193639424312
18004,180040071,19.951377222024984
18004,180040083,0.5587075788027942
18004,180040093,7.513796158856564
18004,180040120,0.009115591499909759
18004,180040125,6.122646765158176
18004,180040128,0.9308938869232207
18004,180040137,0.08618082894205302
18004,180040141,5.316489847416311
18004,180040186,0.7585177724928855
18004,180040191,17.722307922828673
18004,180040315,20.110911389249324
18004,180040322,1.6700873743720615
18004,180040325,11.873305176018476
18004,180040340,8.200682331750214
18004,180040426,23.272839054122446
18004,180040455,0.07298357519313693
18004,180040496,5.1310782490723135
18004,180040512,0.8416934940087646
18004,180040518,0.8829083776263446
18004,180040572,3.6319680901885443
18004,180040594,3.8026711894795753
18004,180040626,29.122457175846897
18004,180040637,4.05661382585445
18004,180040648,28.9127752722487
18004,180040697,1.4650532393619045
18004,180040712,3.8026711894795753
18004,180040757,1.7336048284360246
18010,180100001,0.050890212423373014
18010,180100003,0.050890212423373014
18010,180100010,0.02068679630524665
18010,180100016,0.050890212423373014
18010,180100017,0.050890212423373014
18010,180100020,0.050890212423373014
18010,180100024,0.0018618378090932966
18010,180100027,0.050890212423373014
18010,180100041,0.050890212423373014
18010,180100118,0.050890212423373014
18012,180120001,0.29157886015263573
18012,180120003,0.3073383776446544
18012,180120005,0.09628029909579455
18012,180120006,0.6170308105819151
18012,180120011,0.0940358048709184
18012,180120014,29.122457175846897
18012,180120016,0.08052078160377592
18012,180120017,0.09628029909579455
18012,180120024,0.3218596327413851
18012,180120026,0.09628029909579455
18012,180120027,0.10332206556539238
18012,180120029,0.09628029909579455
18012,180120031,0.29157886015263573
18012,180120035,0.14906148992852866
18012,180120036,3.8026711894795753
18012,180120039,0.28642720957835016
18012,180120043,0.28642720957835016
18012,180120044,0.1014319496700801
18012,180120045,0.09628029909579455
18012,180120059,0.28642720957835016
18012,180120070,0.09628029909579455
18012,180120073,0.3073383776446544
18012,180120134,0.14953716652338206
18012,180120184,0.1542131405028142
18012,180120188,0.27279229616229234
18012,180120215,0.12236009124353528
18012,180120224,0.09628029909579455
18015,180150002,0.01674458487126976
18015,180150007,72.61492365102521
18015,180150009,54.0182185687003
18015,180150013,0.01674458487126976
18015,180150014,0.01674458487126976
18015,180150018,0.04780848697481305
18015,180150021,67.76203715655866
18015,180150023,0.01674458487126976
18015,180150026,0.01674458487126976
18015,180150030,0.04780848697481305
18015,180150031,4.6815713749543875
18015,180150040,0.04780848697481305
18015,180150041,0.04780848697481305
18015,180150044,0.15587267559827864
18015,180150045,0.031063902103543282
18015,180150046,0.009698462135933339
18015,180150048,0.01674458487126976
18015,180150059,3.7374907580198498
18015,180150060,0.01674458487126976
18015,180150063,11.873305176018476
18015,180150067,0.31051209294395893
18015,180150071,0.04780848697481305
18015,180150073,0.01674458487126976
18015,180150074,68.29271397006997
18015,180150078,0.01674458487126976
18015,180150081,0.6170308105819151
18015,180150082,0.01674458487126976
18015,180150083,67.07876755168904
18015,180150085,0.01674458487126976
18015,180150150,0.01674458487126976
18015,180150151,0.04780848697481305
18015,180150152,0.01674458487126976
18015,180150328,48.26104468012248
18015,180150365,0.031063902103543282
18015,180150391,0.029744423204664142
18015,180150393,0.04780848697481305
18016,180160001,0.009115591499909759
18016,180160002,0.009115591499909759
18016,180160005,1.2569565881982465
18016,180160007,0.009115591499909759
18016,180160008,0.009115591499909759
18016,180160011,0.009115591499909759
18016,180160014,0.009115591499909759
18016,180160016,0.009115591499909759
18016,180160018,0.009115591499909759
18016,180160020,0.009115591499909759
18016,180160028,0.009115591499909759
18016,180160030,0.009115591499909759
18016,180160032,0.009115591499909759
18016,180160036,0.009115591499909759
18016,180160041,0.009115591499909759
18016,180160043,0.009115591499909759
18016,180160044,1.2569565881982465
18016,180160046,0.6285004150767103
18016,180160047,0.009115591499909759
18016,180160048,0.3043474065949619
18016,180160049,0.009115591499909759
18016,180160108,1.2569565881982465
18018,180180015,0.009115591499909759
18020,180200013,1.268520797126731
18020,180200024,0.044878190112322566
18020,180200026,0.04780848697481305
18020,180200027,26.056647970961393
18020,180200037,0.0995297438210696
18020,180200040,0.05465155370874703
18020,180200041,16.770260714283094
18020,180200047,0.05465155370874703
18020,180200066,0.05465155370874703
18020,180200081,0.05465155370874703
18020,180200082,0.05465155370874703
18020,180200087,0.05465155370874703
18020,180200089,0.044878190112322566
18020,180200092,0.05465155370874703
18020,180200098,0.044878190112322566
18020,180200103,18.54761299329376
18020,180200106,20.386584050747395
18020,180200117,53.11271424534023
18020,180200118,7.3276796539761575
18020,180200213,0.05465155370874703
18020,180200217,0.044878190112322566
18020,180200236,9.879330788907527
18020,180200254,0.044878190112322566
18020,180200270,0.05465155370874703
18020,180200283,44.18854277469384
18020,180200353,0.05465155370874703
18020,180200382,0.05465155370874703
18020,180200413,0.05465155370874703
18020,180200434,0.044878190112322566
18020,180200459,0.044878190112322566
18020,180200461,0.044878190112322566
18020,180200463,0.044878190112322566
18020,180200476,0.05101225470441813
18020,180200504,0.044878190112322566
18020,180200524,0.044878190112322566
18020,180200592,0.05465155370874703
18020,180200595,16.143474878087382
18020,180200596,0.044878190112322566
18020,180200648,0.05465155370874703
18020,180200678,0.044878190112322566
18020,180200690,0.044878190112322566
23001,230010426,0.44472470189976693
23001,230010462,0.44472470189976693
23001,230010745,0.44472470189976693
23001,230010845,0.44472470189976693
23001,230010854,0.7990814582361877
23001,230010858,0.44472470189976693
23001,230010877,0.2839268150602281
23001,230010891,0.44472470189976693
23001,230010893,0.44472470189976693
23001,230010917,0.44472470189976693
23001,230010932,0.44472470189976693
23001,230010957,0.012215287086818367
23001,230010976,0.03925701939136535
23001,230010999,0.7990814582361877
23001,230011032,0.44472470189976693
23001,230011047,0.44472470189976693
23001,230011049,0.44472470189976693
23004,230040190,0.44472470189976693
23007,230070467,0.03925701939136535
23008,230080578,0.2839268150602281
23008,230080646,0.03925701939136535
23010,230100288,0.44472470189976693
25001,250010067,0.052646896144534695
25001,250010072,0.007511086792398244
25001,250010081,1.8636897877209977
25001,250010082,0.009883977856579133
25001,250010090,0.007511086792398244
25001,250010095,0.11183413984025456
25001,250010119,15.998636765378325
25001,250010128,0.007511086792398244
25001,250010148,0.22489703062574506
25001,250010149,0.19141010467956496
25001,250010150,0.006329623605871573
25001,250010156,1.3999104584174715
25001,250010160,0.007511086792398244
25001,250010163,0.001181463186526671
25001,250010166,0.33761395920188536
25001,250010169,0.050446756906859576
25001,250010178,0.001181463186526671
25001,250010193,0.01998788882380724
25001,250010198,0.1766065698624443
25001,250010210,0.03072235069469735
25001,250010212,0.006329623605871573
25001,250010225,0.03072235069469735
25001,250010226,0.06883212493725865
25001,250010228,0.02648009518865682
25001,250010234,0.001181463186526671
25001,250010240,1.4118117516585649
25001,250010245,0.026316482361529024
25001,250010253,1.3395040646611454
25001,250010284,0.24901535292717814
25001,250010285,0.03251653897901438
25001,250010349,0.35140964900929483
25001,250010356,1.4180832988882897
25001,250010370,0.9693268761494044
25001,250010398,0.07754366225661849
25001,250010407,0.009883977856579133
25001,250010416,0.03072235069469735
25001,250010425,0.06883212493725865
25001,250010447,0.03206344250626117
25001,250010448,0.4369113068114743
25001,250010459,0.001181463186526671
25001,250010513,0.09311385543090478
25001,250010514,0.35347859356138855
25001,250010517,0.007511086792398244
25001,250010532,0.05205133133006841
25001,250010546,0.10239429608211667
25001,250010549,0.7470929802350923
25001,250010567,0.001181463186526671
25001,250010598,0.050446756906859576
25001,250010602,0.3600005881979
25001,250010626,0.9936608953767029
25001,250010627,0.11174125990668768
25001,250010675,0.200008110971265
25001,250010680,0.07885356592949852
25001,250010705,0.001181463186526671
25001,250010727,0.02827836853628559
25001,250010733,0.001181463186526671
25001,250010751,0.12378277197230794
25001,250010783,0.007511086792398244
25001,250010784,0.007511086792398244
25001,250010797,0.001181463186526671
25001,250010800,1.2763516504489616
25001,250010834,0.4369113068114743
25001,250010838,0.05034274933340773
25001,250010917,0.07121403865074692
25001,250010939,0.020368906840473412
25001,250010943,0.5275481170979757
25001,250010957,0.007511086792398244
25001,250010989,0.09311385543090478
25001,250011001,1.8636897877209977
25001,250011045,0.050446756906859576
25001,250011151,0.009883977856579133
25001,250011379,0.007511086792398244
25002,250020035,0.05684691798616201
25002,250020048,1.664189486182254
25002,250020054,0.05684691798616201
25002,250020058,0.05684691798616201
25002,250020069,0.2955549439400341
25002,250020080,0.009728089114256204
25002,250020093,0.08659152416383475
25002,250020097,0.3600005881979
25002,250020100,0.007511086792398244
25002,250020114,0.05684691798616201
25002,250020117,0.05684691798616201
25002,250020118,0.05684691798616201
25002,250020188,0.03072235069469735
25002,250020221,0.5275481170979757
25002,250020226,0.2190064877528958
25006,250060106,5.183290407666158
25006,250060117,0.07065095210966188
25006,250060119,0.007511086792398244
25006,250060121,0.009728089114256204
25006,250060122,0.009728089114256204
25006,250060129,0.09132005096233822
25006,250060132,0.02001651706341654
25006,250060133,0.03149326158709824
25006,250060136,0.09132005096233822
25006,250060143,0.24901535292717814
25006,250060162,0.06883212493725865
25006,250060177,0.09132005096233822
25006,250060185,0.09132005096233822
25006,250060201,0.24901535292717814
25006,250060236,0.020368906840473412
25006,250060281,0.09132005096233822
25006,250060295,0.09132005096233822
25006,250060305,0.2233197502901666
25006,250060311,0.6066392270141673
25006,250060318,0.15568131468962507
25006,250060321,0.06883212493725865
25006,250060341,0.20295433084518835
25006,250060349,0.18264010192467645
25006,250060361,0.06117385297189653
25006,250060387,0.020365419444978237
25006,250060391,0.2826769912655568
25006,250060399,0.09132005096233822
25006,250060400,0.06883212493725865
25006,250060401,0.09132005096233822
25006,250060413,0.09132005096233822
25006,250060421,0.07972266042036842
25006,250060427,0.026316482361529024
25006,250060431,0.5809739529514741
25006,250060443,0.24901535292717814
25006,250060453,0.09132005096233822
25006,250060470,0.09132005096233822
25006,250060482,0.009728089114256204
25006,250060486,0.24901535292717814
25006,250060497,0.06883212493725865
25006,250060504,0.09132005096233822
25006,250060505,0.13110427025884017
25006,250060533,0.09132005096233822
25006,250060537,0.009728089114256204
25006,250060539,0.35140964900929483
25006,250060541,0.012878508494152688
25006,250060544,0.020365419444978237
25006,250060547,0.24901535292717814
25006,250060556,0.06883212493725865
25006,250060561,0.07972266042036842
25006,250060566,0.24901535292717814
25006,250060579,0.020368906840473412
25006,250060599,2.1307424069202585
25006,250060600,0.08659152416383475
25006,250060601,0.08659152416383475
25006,250060612,0.0709670588383656
25006,250060614,0.16285695868920907
25006,250060622,0.009728089114256204
25006,250060627,0.09132005096233822
25006,250060629,0.3600005881979
25006,250060648,0.09132005096233822
25006,250060657,0.15728785321666672
25006,250060667,0.02001651706341654
25006,250060711,0.02001651706341654
25006,250060746,0.24901535292717814
25006,250060772,0.06746305413669441
25006,250060817,1.664189486182254
25006,250060854,0.09132005096233822
25006,250060856,0.2955549439400341
25006,250060882,0.06883212493725865
25006,250060903,0.23168908362646773
25006,250060936,0.07972266042036842
25006,250060960,0.009728089114256204
25006,250060975,0.009728089114256204
25006,250060977,0.1733320407431107
25006,250060993,0.1370025765491575
25006,250060997,0.20295433084518835
25006,250060999,0.020365419444978237
25006,250061003,0.1346199971538391
25006,250061041,0.009728089114256204
25006,250061042,0.009728089114256204
25006,250061044,0.03149326158709824
25006,250061061,0.29840389683126844
25006,250061063,0.009728089114256204
25006,250061103,0.020368906840473412
25006,250061116,0.06883212493725865
25006,250061124,0.009728089114256204
25006,250061126,0.011735133049279452
25006,250061128,0.24901535292717814
25006,250061129,0.010021440992239863
25006,250061149,0.7470929802350923
25006,250061165,0.010226643683217466
25006,250061166,0.24901535292717814
25006,250061168,0.20295433084518835
25006,250061193,0.3641565679225158
25006,250061225,0.009728089114256204
25006,250061227,0.15246357225659396
25006,250061240,0.1297790523183495
25006,250061242,0.08628440390359306
25006,250061258,0.06883212493725865
25006,250061278,0.24901535292717814
25006,250061279,0.02001651706341654
25006,250061325,0.14750683102542161
25006,250061327,0.0493885439040903
25006,250061346,0.010142263157255948
25006,250061350,0.24901535292717814
25006,250061359,0.020365419444978237
25006,250061361,0.009728089114256204
25006,250061362,0.02001651706341654
25006,250061365,0.009728089114256204
25006,250061377,0.09132005096233822
25006,250061415,0.07972266042036842
25006,250061431,0.11891901200333983
25006,250061435,0.020365419444978237
25006,250061456,0.1370025765491575
25006,250061461,0.06883212493725865
25006,250061472,0.16285695868920907
25006,250061473,0.009728089114256204
25006,250061474,0.15047755357813836
25006,250061480,0.16285695868920907
25006,250061495,0.07972266042036842
25006,250061496,0.07972266042036842
25006,250061509,0.07972266042036842
25006,250061511,0.09132005096233822
25006,250061514,0.06883212493725865
25006,250061526,0.07972266042036842
25006,250061535,0.3600005881979
25006,250061563,0.24901535292717814
25006,250061584,0.24901535292717814
25006,250061622,0.026316482361529024
25006,250061659,0.25340867610042916
25006,250061665,0.18264010192467645
25006,250061669,0.1733320407431107
25006,250061684,0.06883212493725865
25006,250061695,0.20295433084518835
25006,250061698,0.06188260040852241
25006,250061741,0.24901535292717814
25006,250061765,0.09132005096233822
25006,250061832,0.3953377602260113
25006,250061998,0.25630881364371255
25006,250062019,0.07972266042036842
25006,250062033,0.07972266042036842
25006,250062156,0.009728089114256204
25006,250062160,0.009728089114256204
25006,250062164,0.009728089114256204
25006,250062255,0.09132005096233822
25006,250062262,0.16485775746654346
25006,250062270,0.09132005096233822
25006,250062282,0.06188260040852241
25006,250062398,0.1483577310483735
25006,250062449,0.06883212493725865
25006,250062466,0.24901535292717814
25006,250062469,0.2974785710239634
25006,250062480,0.06883212493725865
25006,250062489,0.020368906840473412
25006,250062518,0.03072235069469735
25006,250062604,0.24901535292717814
25006,250062727,0.028537260789038614
25006,250062732,0.05970614335695189
25006,250062758,0.200008110971265
25006,250062784,0.09132005096233822
25006,250062807,0.020368906840473412
25006,250062875,0.07972266042036842
25006,250062910,0.04652059204655886
25006,250062949,0.07972266042036842
25006,250063028,0.24901535292717814
25006,250063081,0.06883212493725865
25006,250063086,0.020368906840473412
25006,250063106,0.020368906840473412
25006,250063141,0.010142263157255948
25006,250063254,0.2826769912655568
25006,250063370,0.14989008540540932
25006,250063466,0.06883212493725865
25006,250063537,0.22553547778343222
25008,250080001,0.9980691235986169
25008,250080028,0.381103749230735
25008,250080029,0.0200706391067449
25008,250080032,0.1221682033784017
25008,250080035,0.18264010192467645
25008,250080045,0.1422388424851466
25008,250080061,0.1422388424851466
25008,250080064,0.11205814955404587
25008,250080072,0.680532861627819
25008,250080074,0.05006899838205613
25008,250080075,0.009728089114256204
25008,250080085,0.381103749230735
25008,250080100,0.1422388424851466
25008,250080140,0.06883212493725865
25008,250080171,0.1422388424851466
25008,250080172,0.12149968932514638
25008,250080176,0.07972266042036842
25008,250080211,0.020155175693337805
25008,250080398,0.1422388424851466
25008,250080409,0.4720192298603281
25008,250080421,0.1422388424851466
25009,250090001,0.016865353964723648
25009,250090018,0.020128539082460106
25009,250090023,1.1987436789394934
25009,250090034,0.020128539082460106
25009,250090044,0.020128539082460106
25009,250090060,1.2569565881982465
25009,250090183,0.020128539082460106
25009,250090197,0.020128539082460106
25009,250090213,0.020005670522347092
25009,250090220,0.020128539082460106
25009,250090595,0.020128539082460106
25009,250090651,0.020128539082460106
25009,250090671,0.020128539082460106
25009,250090779,1.2569565881982465
25010,250100001,1.664189486182254
25010,250100004,0.08628440390359306
25010,250100013,1.6492213628905084
25010,250100016,1.664189486182254
25010,250100018,8.692815497256815e-4
25010,250100022,0.009016158119226165
25010,250100024,0.7470929802350923
25010,250100026,1.664189486182254
25010,250100029,0.010021440992239863
25010,250100031,0.010021440992239863
25010,250100035,0.07885356592949852
25010,250100036,0.7762350243879067
25010,250100037,1.3322294455205763
25010,250100046,0.5132006620264798
25010,250100047,0.20317818076298572
25010,250100048,0.3615323251442581
25010,250100051,0.010021440992239863
25010,250100077,0.010021440992239863
25010,250100078,0.07972266042036842
25010,250100081,0.010021440992239863
25010,250100088,1.6938860809822047
25010,250100097,0.053518662590136504
25010,250100104,0.2565928955015435
25010,250100115,0.010021440992239863
25010,250100117,0.5032009286489337
25010,250100118,1.231684679605933
25010,250100119,0.5640425424662078
25010,250100122,0.2657020169521242
25010,250100124,1.5567399343653114
25010,250100125,1.5338005992720112
25010,250100126,1.5338005992720112
25010,250100132,0.010021440992239863
25010,250100135,0.1370025765491575
25010,250100137,0.010021440992239863
25010,250100143,1.632865377943287
25010,250100148,0.009728089114256204
25010,250100167,2.1307424069202585
25010,250100168,2.1307424069202585
25010,250100178,0.3600005881979
25010,250100182,0.12235078752739517
25010,250100185,0.24901535292717814
25010,250100186,0.010021440992239863
25010,250100195,0.010021440992239863
25010,250100199,0.5289997462622704
25010,250100200,0.010021440992239863
25010,250100204,9.488458855673671e-4
25010,250100210,0.9079036733073151
25010,250100212,1.664189486182254
25010,250100214,0.5132006620264798
25010,250100216,0.18592162514320762
25010,250100237,1.6269962127187774
25010,250100272,1.664189486182254
25010,250100289,0.06117385297189653
25010,250100305,1.664189486182254
25010,250100309,0.28639343815307294
25010,250100331,1.664189486182254
25010,250100344,0.010021440992239863
25010,250100351,0.010021440992239863
25010,250100352,0.4251346304482508
25010,250100354,1.664189486182254
25010,250100357,0.32117589239360766
25010,250100382,0.007511086792398244
25010,250100387,1.664189486182254
25010,250100401,0.200008110971265
25010,250100420,1.664189486182254
25010,250100421,0.5141420118918594
25010,250100465,1.7474047435723412
25010,250100539,0.010021440992239863
25010,250100540,0.03072235069469735
25010,250100542,0.010021440992239863
25010,250100547,1.664189486182254
25010,250100548,0.053518662590136504
25010,250100599,1.6097523539025973
25010,250100727,0.010021440992239863
25010,250100987,0.053518662590136504
25010,250101235,0.010021440992239863
25010,250101278,0.9980691235986169
25010,250101279,0.6272628601390932
25010,250101289,0.010021440992239863
25010,250101293,0.09132005096233822
25010,250101372,0.2571491282303575
25010,250101374,0.02001651706341654
25010,250101397,0.04846321809678525
25010,250101408,0.010021440992239863
25010,250101523,0.45785458425370673
25011,250110042,0.2020858715639132
25011,250110065,0.29672415486882253
25011,250110079,0.28886001157218216
25011,250110085,0.06883212493725865
25011,250110096,0.06883212493725865
25011,250110114,0.7283836767676473
25011,250110119,0.7086368640108853
25011,250110129,0.7283836767676473
25011,250110141,0.06746305413669441
25011,250110142,0.7470929802350923
25011,250110148,0.2756757277535424
25011,250110151,0.07972266042036842
25011,250110166,1.5338005992720112
25011,250110201,0.24901535292717814
25011,250110220,0.7086368640108853
25011,250110226,0.03999508424764499
25011,250110228,0.07277467148282192
25011,250110229,0.3600005881979
25011,250110233,0.7086368640108853
25011,250110239,0.15674296714361186
25011,250110280,0.07277467148282192
25011,250110362,0.07972266042036842
25011,250110370,0.001181463186526671
25011,250110380,0.7283836767676473
25011,250110381,0.07277467148282192
25011,250110386,0.2020858715639132
25011,250110457,0.41061473278677463
25011,250110477,15.998636765378325
25011,250110562,0.06117385297189653
25011,250110563,0.2020858715639132
25011,250110568,0.1370025765491575
25011,250110627,0.03999508424764499
25011,250110664,0.06883212493725865
25011,250110695,0.7283836767676473
25011,250110700,0.14205039333694602
25011,250110707,0.7283836767676473
25011,250110723,0.06117385297189653
25011,250110725,0.010021440992239863
25011,250110740,0.020111647702470422
25011,250110741,0.7283836767676473
25011,250110751,0.2020858715639132
25011,250110781,0.7283836767676473
25011,250110941,0.7283836767676473
25011,250110981,0.14989008540540932
25011,250111027,0.7470929802350923
25011,250111162,0.7283836767676473
25011,250111273,0.2965702963783527
25012,250120001,0.36680843421440573
25012,250120128,0.35740140679911336
25012,250120133,0.7470929802350923
25012,250120134,0.10805808928218577
25012,250120135,0.020111647702470422
25012,250120162,2.388051553563876
25012,250120163,0.2955549439400341
25012,250120169,0.691999518237345
25012,250120187,0.020111647702470422
25012,250120191,0.7470929802350923
25012,250120193,0.18264010192467645
25012,250120197,0.536451983072618
25012,250120208,0.7470929802350923
25012,250120230,0.020111647702470422
25012,250120236,0.11891901200333983
25012,250120240,0.35592046000812205
25012,250120241,0.7470929802350923
25012,250120243,0.2955549439400341
25012,250120249,0.35592046000812205
25012,250120255,0.7470929802350923
25012,250120268,0.8115386244929582
25012,250120274,0.020111647702470422
25012,250120278,0.020111647702470422
25012,250120281,0.24901535292717814
25012,250120284,0.2952944423930552
25012,250120288,0.45153803629505823
25012,250120294,0.020111647702470422
25012,250120300,0.020111647702470422
25012,250120304,0.680532861627819
25012,250120307,0.2955549439400341
25012,250120311,0.7470929802350923
25012,250120313,0.040223295404940844
25012,250120315,0.02648009518865682
25012,250120325,0.4648615086732116
25012,250120331,0.7470929802350923
25012,250120332,0.020111647702470422
25012,250120341,0.45153803629505823
25012,250120346,0.020111647702470422
25012,250120348,0.45153803629505823
25012,250120351,0.1431076528046634
25012,250120357,0.4707748279517535
25012,250120360,0.020111647702470422
25012,250120376,0.7470929802350923
25012,250120415,0.7938594539472852
25012,250120457,0.04014236516340077
25012,250120483,0.634580073827628
25012,250120504,0.4712929197968179
25012,250120510,0.8320069270126521
25012,250120586,0.10517465266172449
25012,250120605,0.7470929802350923
25012,250120690,0.2487925803453326
25012,250120719,0.3600005881979
25012,250120724,0.09132005096233822
25012,250120728,0.12235078752739517
25012,250120747,0.2955549439400341
25012,250120761,0.0875897867624918
25012,250120764,0.6160252036596183
25012,250120786,0.7470929802350923
25012,250120795,0.07040535429760814
25012,250120801,0.6160252036596183
25012,250120806,0.6160252036596183
25012,250120822,0.7470929802350923
25012,250120824,0.35227569949686716
25012,250120851,0.3365368050613888
25012,250120863,0.8115386244929582
25012,250120864,0.8115386244929582
25012,250120990,0.2955549439400341
25012,250121005,0.5219433905926664
25012,250121044,0.6160252036596183
25012,250121182,0.05149901741922274
25012,250121189,0.45153803629505823
25012,250121257,0.44695013685382345
25012,250121377,0.040223295404940844
25012,250121428,0.21742550133340993
25012,250121461,0.14071770672850684
25012,250121482,0.7470929802350923
25013,250130004,0.07667235598492064
25013,250130013,0.0493885439040903
25013,250130014,0.0493885439040903
25013,250130044,0.010021440992239863
25013,250130047,0.0493885439040903
25013,250130058,0.0493885439040903
25013,250130064,1.664189486182254
25013,250130065,1.664189486182254
25013,250130068,0.0493885439040903
25013,250130074,0.0493885439040903
25013,250130094,0.0493885439040903
25013,250130142,0.0493885439040903
25013,250130148,0.020368906840473412
25013,250130160,0.2487925803453326
25013,250130217,0.009728089114256204
25013,250130235,0.0493885439040903
25013,250130242,0.0493885439040903
25013,250130243,0.05970614335695189
25013,250130247,0.24901535292717814
25013,250130251,0.2487925803453326
25013,250130272,0.010021440992239863
25013,250130273,0.010021440992239863
25013,250130274,0.010021440992239863
25013,250130275,0.020111647702470422
25013,250130276,0.0493885439040903
25013,250130284,0.0493885439040903
25013,250130291,0.2955549439400341
25013,250130295,0.0493885439040903
25013,250130330,0.0493885439040903
25013,250130340,0.026316482361529024
25013,250130344,0.15246357225659396
25013,250130367,0.0493885439040903
25013,250130370,0.0493885439040903
25013,250130388,0.020368906840473412
25013,250130445,0.09132005096233822
25013,250130486,0.009728089114256204
25013,250130565,0.0493885439040903
25013,250130589,0.0493885439040903
25013,250130610,0.03072235069469735
25013,250130624,0.2955549439400341
25013,250130716,0.09132005096233822
25013,250130739,5.183290407666158
25013,250130772,0.0493885439040903
25014,250140041,0.5219433905926664
25014,250140047,0.2487925803453326
25014,250140049,0.45153803629505823
25014,250140052,0.020111647702470422
25014,250140053,0.08659152416383475
25014,250140079,0.020163155447201802
25014,250140134,0.07040535429760814
25014,250140146,0.020163155447201802
25014,250140170,0.07885356592949852
25014,250140388,0.020163155447201802
25014,250140394,0.03999508424764499
25014,250140398,0.0875897867624918
25014,250140445,0.7470929802350923
25014,250140471,0.45153803629505823
25014,250140472,0.07040535429760814
25014,250140757,0.07040535429760814
25016,250160002,0.1221682033784017
25016,250160004,0.1221682033784017
25016,250160027,0.09132005096233822
25016,250160042,0.0493885439040903
25016,250160066,0.14237183092349023
25016,250160096,0.14989008540540932
25016,250160122,0.05970614335695189
25016,250160131,0.45153803629505823
25016,250160152,0.12378277197230794
25016,250160176,0.026316482361529024
25016,250160335,0.14237183092349023
25016,250160506,0.3365368050613888
25016,250160676,0.14237183092349023
25016,250160712,0.14237183092349023
25016,250160759,0.04014236516340077
25016,250160774,0.35592046000812205
25017,250170020,1.6492213628905084
25017,250170029,0.051147092134334146
25017,250170039,0.14989008540540932
25017,250170040,1.3322294455205763
25017,250170062,0.0493885439040903
25017,250170063,0.1422388424851466
25017,250170071,0.1817284878828749
25017,250170084,0.09890249493992329
25017,250170094,0.020111647702470422
25017,250170115,0.14989008540540932
25017,250170118,0.1733320407431107
25017,250170122,0.09132005096233822
25017,250170138,0.14989008540540932
25017,250170140,0.2487925803453326
25017,250170175,0.009728089114256204
25017,250170195,0.03999508424764499
25017,250170203,0.14989008540540932
25017,250170206,0.2487925803453326
25017,250170216,0.020368906840473412
25017,250170232,0.010021440992239863
25017,250170238,0.0493885439040903
25017,250170257,0.007511086792398244
25017,250170294,0.04459357341013849
25017,250170313,0.7470929802350923
25017,250170315,0.15246357225659396
25017,250170324,0.6160252036596183
25017,250170367,0.2487925803453326
25017,250170390,0.03999508424764499
25017,250170465,0.2487925803453326
25017,250170499,0.09132005096233822
25017,250170513,0.14989008540540932
25017,250170527,0.09890249493992329
25017,250170538,0.03999508424764499
25017,250170563,0.010021440992239863
25017,250170571,0.2487925803453326
25017,250170582,0.20317818076298572
25017,250170598,0.03999508424764499
25017,250170626,0.052646896144534695
25017,250170627,0.052646896144534695
25017,250170670,0.020368906840473412
25017,250170681,0.2487925803453326
25017,250170693,0.0493885439040903
25017,250170696,1.664189486182254
25017,250170781,0.1733320407431107
25017,250170825,0.09132005096233822
25017,250170829,0.2487925803453326
25017,250170840,0.1370025765491575
25017,250170889,0.2020858715639132
25017,250170901,0.2487925803453326
25017,250170902,0.2487925803453326
25017,250170938,0.2955549439400341
25017,250170952,0.09132005096233822
25017,250170956,0.12235078752739517
25017,250170958,0.02001651706341654
25017,250170959,0.02001651706341654
25017,250171021,0.010021440992239863
25017,250171046,0.14989008540540932
25017,250171100,0.11891901200333983
25017,250171169,0.14989008540540932
25017,250171171,0.1422388424851466
25017,250171176,0.14989008540540932
25017,250171455,0.24901535292717814
25017,250171461,0.0493885439040903
25017,250171468,0.2487925803453326
25017,250171471,0.010021440992239863
25017,250171520,0.03999508424764499
25017,250171525,0.03999508424764499
25017,250171543,0.010021440992239863
25017,250171548,1.5338005992720112
25017,250171551,0.2487925803453326
25017,250171557,0.03999508424764499
25017,250171568,0.05006899838205613
25017,250171637,0.09890249493992329
25017,250171642,0.07972266042036842
25017,250171692,0.050446756906859576
25017,250171711,0.03999508424764499
25017,250171720,0.020111647702470422
25017,250171724,0.05006899838205613
25017,250171757,0.052646896144534695
25018,250180002,5.183290407666158
25018,250180003,0.5212184934921041
25018,250180004,1.138991263263136
25018,250180006,2.940565315388255
25018,250180008,0.06883212493725865
25018,250180014,2.5812434760499245
25018,250180018,3.7121906424121187
25018,250180019,0.06883212493725865
25018,250180022,0.5212184934921041
25018,250180036,0.01489436044908315
25018,250180037,0.05868986178000271
25018,250180041,2.388051553563876
25018,250180049,0.40915984014895557
25018,250180054,2.71480303390795
25018,250180062,0.09132005096233822
25018,250180064,0.5212184934921041
25018,250180066,2.007272130982457
25018,250180071,0.04846321809678525
25018,250180076,0.01489436044908315
25018,250180078,0.5212184934921041
25018,250180083,0.009728089114256204
25018,250180086,0.0493885439040903
25018,250180113,1.6662452720471532
25018,250180123,0.5212184934921041
25018,250180126,0.27119636501260475
25018,250180127,0.04846321809678525
25018,250180131,5.183290407666158
25018,250180132,0.06883212493725865
25018,250180159,0.5212184934921041
25018,250180162,0.5831010939006265
25018,250180170,1.5894864751288609
25018,250180186,0.06883212493725865
25018,250180190,0.07885356592949852
25018,250180199,0.06883212493725865
25018,250180210,0.5212184934921041
25018,250180219,0.04846321809678525
25018,250180222,0.01489436044908315
25018,250180228,0.5212184934921041
25018,250180230,0.06883212493725865
25018,250180276,0.06883212493725865
25018,250180283,0.5212184934921041
25018,250180286,0.04846321809678525
25018,250180292,0.5275481170979757
25018,250180299,3.647611003825929
25018,250180320,1.4205083923212587
25018,250180322,0.06188260040852241
25018,250180349,0.06883212493725865
25018,250180354,0.23168908362646773
25018,250180355,0.12235078752739517
25018,250180357,0.5212184934921041
25018,250180361,0.04846321809678525
25018,250180364,0.04846321809678525
25018,250180368,0.020005670522347092
25018,250180374,0.5212184934921041
25018,250180375,0.5212184934921041
25018,250180378,0.5212184934921041
25018,250180379,0.5212184934921041
25018,250180380,0.06883212493725865
25018,250180392,0.01489436044908315
25018,250180407,0.04846321809678525
25018,250180434,1.4891685310184133
25018,250180455,3.362919854210366
25018,250180462,3.644658320144505
25018,250180528,2.1307424069202585
25018,250180554,0.03149326158709824
25018,250180557,0.06883212493725865
25018,250180561,0.04846321809678525
25018,250180588,3.7285468927998675
25018,250180604,0.04846321809678525
25018,250180605,0.0493885439040903
25018,250180633,0.2590289921736754
25018,250182135,0.15728785321666672
25018,250182142,0.06883212493725865
25018,250182163,0.2590289921736754
25018,250182169,0.06883212493725865
25018,250182205,0.7576227617038268
25018,250182264,0.5212184934921041
25018,250182269,0.01489436044908315
26012,260120094,8.156151726379395
26012,260120100,0.008969513192761456
26012,260120172,0.08353564361197129
26012,260120220,6.920293282838345
26017,260170037,21.286143614116476
26017,260170080,14.494847986480996
26017,260170102,5.085093982847839
26017,260170398,4.81335936469118
26017,260170565,14.494847986480996
26017,260170759,4.262703234484464
26017,260170760,5.083544426802462
26017,260171161,17.33844088532401
26018,260180001,6.535305440105345
26018,260180072,0.34819927754457014
26018,260180074,4.832496449276805e-4
26018,260180077,8.439890148757458
26018,260180090,0.3395755660597496
26018,260180284,8.439890148757458
26018,260180289,8.439890148757458
26018,260180311,8.439890148757458
26018,260180329,8.439890148757458
26018,260180342,0.008672711203187704
26018,260180356,8.439890148757458
26018,260180364,7.189480211588733
26018,260180387,8.439890148757458
26018,260180394,8.439890148757458
26018,260180526,6.040790832640007
26018,260180535,8.439890148757458
26018,260180543,5.183624237248421
26018,260180552,8.439890148757458
26018,260180585,0.3395755660597496
26018,260180701,8.439890148757458
26018,260180854,0.1294733496159911
26018,260180887,8.439890148757458
26018,260181193,8.439890148757458
26018,260181205,8.434612463648696
26018,260181334,8.332960700728998
26018,260181550,1.1869672732763514
26018,260181600,17.33844088532401
26018,260181605,6.527790032321028
26018,260181669,8.439890148757458
26018,260181712,0.2923297066184264
26018,260181719,0.5850783424393237
26018,260181841,8.439890148757458
26018,260181853,3.1531612077619284
26018,260181954,8.439890148757458
26018,260181977,3.189938235463966
26018,260181982,8.439890148757458
26018,260182004,8.439890148757458
26018,260182035,3.936522968276501
26018,260182323,8.439890148757458
26018,260182587,7.597761264163591
26018,260182602,8.439890148757458
26018,260182702,2.7755153427238466
26018,260182848,8.439890148757458
26018,260182850,8.439890148757458
26018,260182862,8.439890148757458
26018,260182925,8.439890148757458
26018,260182953,17.33844088532401
26018,260182963,8.439890148757458
26018,260183098,3.096462086518744
26018,260183279,8.439890148757458
26025,260250001,1.236256460425824
26025,260250013,0.2653327068388052
26025,260250047,0.020294229162629695
26025,260250082,2.04466946297866
26025,260250140,0.13045648303282262
26025,260250154,0.3245588269157
26025,260250242,0.05484142120004818
26026,260260005,0.16136529201007263
26026,260260051,1.310596332606811
26029,260290001,2.2808253655976354
26029,260290008,6.920293282838345
26029,260290025,6.0017986914160035
26029,260290075,0.20877410727483034
26029,260290111,0.020294229162629695
26029,260290144,2.918459858749558
26029,260290224,0.40829483371826264
26029,260290226,0.06093807586413622
26029,260290254,0.20877410727483034
26029,260290262,1.2229901926770297
26029,260290271,0.07918620877692453
26029,260290422,0.20877410727483034
26029,260290453,2.514033838448867
26029,260290621,2.2288208433557584
26029,260290629,8.439890148757458
26029,260290631,2.930674372254853
26029,260290678,0.020294229162629695
26029,260290837,17.836922249723642
26029,260290877,0.24299678718618303
26029,260290894,0.23763976496873424
26029,260290924,0.20877410727483034
26029,260290926,2.696122720733763
26029,260291007,0.5361729264255278
26029,260291132,1.7663811541316732
26029,260291263,0.5438818636849969
26029,260291298,16.072772366129485
26029,260291299,18.655638826083095
26029,260291364,17.60182768106553
26029,260291393,16.072772366129485
26029,260291404,0.20877410727483034
26029,260291559,16.105346864262504
26029,260291560,8.439890148757458
26029,260291637,2.8353983530207185
26029,260291704,2.918459858749558
26029,260291708,2.918459858749558
26030,260300137,1.0462962153092512
26030,260300208,0.18239453348520399
26030,260300461,0.06093807586413622
26030,260300528,1.2229901926770297
26030,260301102,0.08353564361197129
26030,260301124,0.08353564361197129
26030,260301664,1.2229901926770297
26030,260301889,1.0462962153092512
26030,260302039,0.08353564361197129
26030,260302987,1.0462962153092512
26030,260303048,0.5702740720696731
26030,260303258,0.05001524179943651
26030,260303371,1.0462962153092512
26030,260303415,0.18239453348520399
26033,260330002,12.110139876780146
26033,260330005,0.16136529201007263
26033,260330008,0.48167083946303485
26033,260330011,0.462183472279588
26033,260330012,0.05025433049737289
26033,260330019,0.5816580488550759
26033,260330020,0.06055370463356376
26033,260330028,0.3503833536363172
26033,260330031,0.11368551477917424
26033,260330032,0.061378082618031654
26033,260330035,0.47400711365554693
26033,260330036,0.5702740720696731
26033,260330038,0.48167083946303485
26033,260330041,0.061378082618031654
26033,260330044,0.48167083946303485
26033,260330051,0.3149046512796788
26033,260330054,0.48167083946303485
26033,260330055,0.48167083946303485
26033,260330058,0.061378082618031654
26033,260330063,0.16136529201007263
26033,260330067,0.48167083946303485
26033,260330070,0.13820023306086474
26033,260330074,0.06055370463356376
26033,260330088,0.16136529201007263
26033,260330089,0.5816580488550759
26033,260330099,0.05025433049737289
26033,260330100,0.48167083946303485
26033,260330112,2.900751484034565
26033,260330116,13.328126698258485
26033,260330122,0.05025433049737289
26033,260330123,3.4310050302840103
26033,260330125,0.16136529201007263
26033,260330180,1.8665500183995187
26033,260330198,0.48167083946303485
26033,260330201,0.48167083946303485
26033,260330210,0.34773278018657605
26033,260330221,0.06055370463356376
26033,260330230,0.48167083946303485
26033,260330235,17.33844088532401
26033,260330250,0.16136529201007263
26033,260330255,0.48167083946303485
26033,260330259,0.48167083946303485
26033,260330277,0.48167083946303485
26033,260330320,0.065561823313409
26033,260330373,3.5305529656018284
26033,260330439,0.48167083946303485
26033,260330441,8.439890148757458
26033,260330444,0.48167083946303485
26042,260420016,0.3395755660597496
26042,260420129,0.5816580488550759
26042,260420174,0.5702740720696731
26047,260470065,0.6196425802460611
26048,260480001,0.9581503717941791
26048,260480004,1.3947337312077153
26048,260480090,1.281807128494528
26048,260480204,0.8108043193088733
26048,260480243,0.11107336590354983
26048,260480251,1.281807128494528
26048,260480269,1.3947337312077153
26048,260480325,1.0082291631969558
26055,260550434,0.5702740720696731
26071,260710098,3.189938235463966
26071,260710101,2.6047889466896335
26071,260710113,0.750047809091065
26071,260710127,0.05025433049737289
26071,260710139,3.9399860445550305
26071,260710140,3.8822093352059963
26071,260710141,1.2995696650545783
26072,260720157,0.03374293066404572
26072,260720186,2.984343871589729
31011,310110001,0.03576655994877964
31011,310110059,0.0023489258645251394
31027,310270004,0.45864301659693757
31028,310280001,0.15309032999921404
31028,310280080,0.15309032999921404
31028,310280139,0.15309032999921404
31028,310280166,0.15309032999921404
31038,310380004,0.0746865200445354
31061,310610001,0.11936405857539177
31065,310650001,0.11936405857539177
31083,310830001,0.4516952616196573
