CVE_LOC,CVE_MUN,tot_denue_aqua,aqua_pcapita,prop_ueaqua
020010001,02001,18,5.443789845517341e-5,0.0012752391073326248
020010095,02001,1,5.844535359438924e-4,0.1111111111111111
020010139,02001,1,3.5753870356466085e-5,8.904719501335708e-4
020010247,02001,10,8.79430129276229e-4,0.024154589371980676
020010942,02001,1,0.001440922190201729,1
020020001,02002,1,1.1707052094040409e-6,3.682156270712129e-5
020020106,02002,1,0.030303030303030304,0
020020243,02002,1,0.021739130434782608,0
020020411,02002,2,0.10526315789473684,0
020040001,02004,1,5.52289377542257e-7,1.793432450366757e-5
020060001,02006,3,6.310475389145982e-4,0.008875739644970414
020060085,02006,1,2.7210884353741496e-4,0.016666666666666666
020060127,02006,1,0.0021929824561403508,0
020060199,02006,1,0.001183431952662722,0
020060585,02006,2,1.0621913006532477e-4,0.00245398773006135
030010003,03001,1,4.49034575662326e-4,0.008130081300813009
030010162,03001,1,0.007692307692307693,0
030012821,03001,2,0.013422818791946308,0
030020001,03002,1,6.965243435258063e-5,0.0014771048744460858
030020015,03002,1,4.224757076468103e-4,0.00819672131147541
030020066,03002,2,1.4710208884966165e-4,0.0030165912518853697
030020097,03002,1,2.608242044861763e-4,0.0036231884057971015
030020967,03002,2,0.0196078431372549,0.6666666666666666
030030001,03003,12,4.797294326000136e-5,0.0010716199321307376
030031394,03003,1,0.011111111111111112,0.5
030032007,03003,1,0.029411764705882353,0
040010015,04001,2,9.119927040583675e-4,1
040020001,04002,3,1.2018123329981613e-5,2.3773674617640067e-4
040020075,04002,1,0.0017006802721088435,0
040020101,04002,1,0.00077399380804953565,0
040020105,04002,1,0.0016313213703099511,0.5
040020178,04002,1,0.07692307692307693,0
040030001,04003,6,3.137451761679164e-5,6.515365403409708e-4
040030005,04003,16,0.0030383592859855677,0.05228758169934641
040030006,04003,4,0.0014749262536873156,0.028985507246376812
040030013,04003,3,0.004437869822485207,0
040030058,04003,3,0.002291825821237586,0
040030081,04003,1,5.443658138268917e-4,0
040030101,04003,9,0.0019539730785931393,0.04054054054054054
040030199,04003,2,2.6246719160104987e-4,0.004728132387706856
040030262,04003,3,0.0020632737276478678,0
040030364,04003,1,0.002257336343115124,0
040030612,04003,3,0.003703703703703704,0
040030614,04003,2,2.5826446280991736e-4,0.004555808656036446
040031138,04003,2,0.015503875968992248,0
040031843,04003,1,0.047619047619047616,0
040033402,04003,1,0.012345679012345678,0
040040001,04004,1,2.7933741165954356e-5,4.5187528242205153e-4
040040239,04004,1,0.004310344827586207,0
040040243,04004,1,0.005076142131979695,0
040040521,04004,1,0.0022271714922048997,0
040070521,04007,1,0.006060606060606061,0
140220033,14022,1,1.4371945961483184e-4,0.0012755102040816326
140430092,14043,1,0.0017421602787456446,0.03125
140430146,14043,1,9.293680297397769e-4,0.009523809523809525
140670028,14067,1,2.5586572166926795e-5,8.976660682226212e-4
141000001,14100,1,1.016053647632595e-4,0.0014285714285714286
141000065,14100,1,3.125e-4,0.0055248618784530384
141000159,14100,1,8.169934640522876e-4,1
141000189,14100,1,3.1645569620253165e-4,0.004016064257028112
180010001,18001,7,3.5042050460552663e-4,0.004548408057179987
180010105,18001,30,0.16853932584269662,0
180010115,18001,1,0.014925373134328358,0
180040001,18004,1,4.920775514221041e-5,6.418485237483953e-4
180040089,18004,1,9.115770282588879e-4,1
180040191,18004,1,2.046245140167792e-4,0.002680965147453083
180080028,18008,1,0.006134969325153374,0
180100008,18010,3,0.002338269680436477,0
180100022,18010,24,0.01162227602905569,0
180100025,18010,43,0.028552456839309428,43
180100035,18010,3,6.305170239596469e-4,0.00964630225080386
180100039,18010,3,0.005405405405405406,3
180100063,18010,7,0.011023622047244094,0
180120001,18012,4,3.657978966620942e-4,0.0043431053203040176
180120006,18012,2,0.014388489208633094,2
180120014,18012,10,0.018656716417910446,0
180120016,18012,19,0.05121293800539083,0.6551724137931034
180120019,18012,1,3.2615786040443573e-4,0.0041841004184100415
180120024,18012,1,0.03571428571428571,0.029411764705882353
180120073,18012,2,0.02857142857142857,0.08333333333333333
180150001,18015,1,5.548465849192698e-5,5.102040816326531e-4
180150007,18015,1,7.6103500761035e-4,0.013888888888888888
180150025,18015,2,0.0019175455417066154,0
180160005,18016,2,0.00904977375565611,2
180160029,18016,1,0.002364066193853428,0
180160038,18016,1,0.004032258064516129,0.2
180180001,18018,2,9.08554036251306e-5,0.0011862396204033216
180180012,18018,2,9.560229445506692e-4,0.015873015873015872
180180018,18018,6,0.005644402634054563,0
230010001,23001,1,1.1831659153563104e-5,2.1168501270110075e-4
230020036,23002,1,0.011627906976744186,0
230040077,23004,1,6.527415143603133e-4,0
230040201,23004,2,9.354536950420954e-4,0.03225806451612903
230070001,23007,1,1.229256299938537e-4,0.0024154589371980675
230070023,23007,1,7.867820613690008e-4,0
230110193,23011,1,1.422879908935686e-4,0.0036900369003690036
250010001,25001,51,1.7113577106731676e-4,0.003424657534246575
250010119,25001,9,0.0030181086519114686,0.11538461538461539
250010128,25001,1,6.993006993006993e-4,0.16666666666666666
250010148,25001,1,8.741258741258741e-4,0.5
250010149,25001,1,3.720238095238095e-4,0.25
250010160,25001,1,1.0566356720202873e-4,0.002380952380952381
250010240,25001,1,1.6134236850596966e-4,0.002793296089385475
250020001,25002,3,5.497526113249038e-4,0.00625
250020007,25002,1,3.8925652004671076e-4,0.0070921985815602835
250020012,25002,4,0.0038498556304138597,0
250020035,25002,3,0.002059025394646534,0
250020067,25002,1,4.4603033006244426e-4,0.125
250020084,25002,7,0.008333333333333333,0
250020093,25002,24,0.0036385688295936932,0.08135593220338982
250020117,25002,1,0.008064516129032258,0
250060001,25006,57,7.050825317658236e-5,0.0016727806309611152
250060133,25006,1,5.36480686695279e-4,1
250060304,25006,1,0.004901960784313725,0.5
250060305,25006,5,0.008912655971479501,2.5
250060311,25006,8,0.008421052631578947,8
250060318,25006,1,0.002188183807439825,0
250060341,25006,31,0.002098564852423504,0.028388278388278388
250060391,25006,7,0.0038888888888888888,1.75
250060420,25006,5,0.005827505827505828,0
250060569,25006,1,7.077140835102619e-4,0
250060627,25006,4,0.00425531914893617,1.3333333333333333
250061003,25006,28,0.1958041958041958,0
250061044,25006,2,0.003284072249589491,2
250061622,25006,1,0.005780346820809248,0
250061698,25006,1,0.002617801047120419,0
250080164,25008,2,0.002355712603062426,2
250080180,25008,1,0.007194244604316547,0
250090001,25009,3,8.843296781039972e-5,0.0016901408450704226
250090034,25009,2,2.4554941682013506e-4,0.006666666666666667
250090043,25009,1,4.050222762251924e-4,0.010101010101010102
250090060,25009,4,8.699434536755111e-4,0.019704433497536946
250110001,25011,16,2.055260825444129e-4,0.003026863412788498
250110035,25011,1,6.83854202284073e-5,0.0014684287812041115
250110059,25011,14,0.007399577167019027,2
250110085,25011,2,0.0013812154696132596,0.6666666666666666
250110114,25011,1,0.013888888888888888,0
250110148,25011,1,5.030181086519115e-4,0.01639344262295082
250110228,25011,1,0.0012610340479192938,0
250110239,25011,1,0.0011363636363636363,1
250110269,25011,1,3.301419610432486e-4,0.00847457627118644
250110280,25011,3,0.007142857142857143,0
250110381,25011,1,0.0051813471502590676,0
250110382,25011,2,0.11764705882352941,2
250110695,25011,1,0.0011086474501108647,0
250110720,25011,1,0.014492753623188406,0
250110723,25011,1,0.0018281535648994515,0
250110751,25011,5,0.14285714285714285,2.5
250110780,25011,1,0.00234192037470726,0
250120001,25012,28,6.335199954748571e-5,0.0013773427123813273
250120134,25012,1,5.015045135406219e-4,1
250120786,25012,1,0.0013812154696132596,0
250140001,25014,1,5.848979353102884e-5,9.372071227741331e-4
250140022,25014,3,0.0027100271002710027,0
250140146,25014,1,6.345177664974619e-4,0
250160066,25016,6,0.0016438356164383563,0.026785714285714284
250160131,25016,1,0.009708737864077669,0
250160676,25016,3,0.007228915662650603,0
250180001,25018,2,6.49434991557345e-5,0.0011331444759206798
250180002,25018,1,0.125,0
250180006,25018,3,0.0014038371548900327,0.023076923076923078
250180014,25018,1,0.0010183299389002036,0
250180041,25018,2,7.11490572749911e-4,0.022988505747126436
250180054,25018,1,4.833252779120348e-4,0.3333333333333333
250180076,25018,2,0.018518518518518517,2
250180131,25018,2,0.0012135922330097086,1
250180292,25018,1,9.017132551848512e-4,0.5
260120172,26012,2,0.05555555555555555,2
260170080,26017,1,0.0017123287671232876,0
260180001,26018,12,3.642943012228145e-5,8.25195984046211e-4
260260051,26026,1,0.007246376811594203,1
260290001,26029,3,2.5585699299804695e-5,6.555944055944056e-4
260290254,26029,1,0.0010626992561105207,0.5
260300001,26030,16,1.870113597712851e-5,5.087116876510238e-4
260300137,26030,2,3.098853424233034e-4,0.006493506493506494
260300514,26030,1,0.0625,0
260301215,26030,4,0.15384615384615385,0
260301889,26030,3,0.1875,1.5
260303661,26030,1,0.01639344262295082,0
260330001,26033,3,9.893153937475267e-5,0.0015772870662460567
260330063,26033,1,0.0017793594306049821,0
260330082,26033,1,0.0196078431372549,0
260330112,26033,2,0.05263157894736842,0
260420001,26042,2,1.653904040487571e-5,3.7516413430876007e-4
260480001,26048,3,4.815332017142582e-5,8.764241893076249e-4
260480204,26048,2,0.125,0
260550011,26055,6,0.00129926375054136,0.02112676056338028
260720186,26072,14,0.8235294117647058,0
310040001,31004,1,2.0012007204322593e-4,0.0037313432835820895
310290001,31029,1,1.6210082671421625e-4,0.002967359050445104
310330006,31033,1,6.613756613756613e-4,0
310380004,31038,1,4.8123195380173246e-4,0.1
310680001,31068,1,3.866976024748647e-4,0.009174311926605505
310830001,31083,1,5.227391531625719e-4,0.005291005291005291
310960001,31096,1,1.9013937215979313e-5,3.2509752925877764e-4
