CVE_MUN,CVE_LOC,tot_perm,perm_pcapita
02001,020010184,2,0.003669724770642202
02001,020013122,1,0.00202020202020202
02001,020013381,1,0.0021321961620469083
02001,020010095,5,0.0029222676797194622
02001,020011436,1,0.125
02001,020014444,1,0.001652892561983471
02001,020012465,27,4.5
02001,020010247,51,0.004485093659308768
02001,020010001,3300,0.00998028138344846
02001,020010124,10,0.008110300081103
02001,020011025,1,4.23728813559322e-4
02001,020010892,2,0.08333333333333333
02001,020014943,1,0.0013227513227513227
02001,020012224,1,0.25
02001,020010139,9,3.217848332081948e-4
02001,020010242,5,0.012658227848101266
02001,020015477,5,0.29411764705882354
02002,020021634,1,0.011494252873563218
02002,020021195,1,0.0011402508551881414
02002,020020001,250,2.926763023510102e-4
02002,020020402,1,0.022727272727272728
02002,020020394,1,0.0012836970474967907
02002,020020284,489,0.028524762293647553
02005,020050076,1,0.03333333333333333
02005,020050304,1,0.016129032258064516
02005,020050001,11,1.0927876018279356e-4
02005,020050086,4,0.10810810810810811
02005,020050090,6,0.05405405405405406
02006,020060003,1,0.045454545454545456
02006,020060022,24,0.030729833546734954
02006,020060040,16,0.0014194464158978
02006,020060115,2,0.012738853503184714
02006,020060118,2,0.0057306590257879654
02006,020060120,1,0.005813953488372093
02006,020060121,4,9.823182711198428e-4
02006,020060124,7,0.0065298507462686565
02006,020060126,3,0.027777777777777776
02006,020060127,13,0.02850877192982456
02006,020060224,1,0.002277904328018223
02006,020060225,3,0.0015120967741935483
02006,020060440,1,0.06666666666666667
02006,020060449,1,0.009433962264150943
02006,020060585,1,5.3109565032662385e-5
02006,020060630,1,9.596928982725527e-4
02006,020060642,1,0.023809523809523808
02006,020060001,52,0.01093815734118637
02006,020060837,2,0.00904977375565611
02006,020060861,1,6.653359946773121e-4
02006,020060863,2,1.4413375612568464e-4
02004,020042048,1,0.09090909090909091
02004,020041428,27,1.35
02004,020040001,18,9.941208795760628e-6
03001,030010045,1,0.08333333333333333
03001,030010001,572,0.013057870106152265
03001,030010133,9,9.8543742472353e-4
03001,030012476,2,0.024390243902439025
03001,030010224,5,0.010638297872340425
03001,030010244,1,0.0027397260273972603
03001,030010049,3,0.0055658627087198514
03001,030010162,3,0.023076923076923078
03001,030010003,64,0.028738212842388863
03001,030010241,4,0.025974025974025976
03001,030010450,1,0.05263157894736842
03001,030010280,1109,0.19313827934517588
03001,030010293,7,0.0958904109589041
03001,030012086,4,0.0078125
03001,030010335,12,0.01741654571843251
03001,030010387,4,0.003067484662576687
03001,030010380,3,0.002523128679562658
03003,030030020,11,0.9166666666666666
03003,030030336,11,0.026634382566585957
03003,030030945,1,0.011627906976744186
03003,030030402,2,0.03389830508474576
03003,030030060,1,0.025
03003,030030108,2,6.548788474132286e-4
03003,030031424,4,0.012987012987012988
03003,030030092,3,4.8223758238225364e-4
03003,030032233,5,0.38461538461538464
03003,030031630,9,0.006622516556291391
03003,030030121,2,0.06666666666666667
03003,030031020,1,9.737098344693282e-4
03003,030030001,1438,0.00574875770065683
03003,030030920,2,0.006535947712418301
03003,030030421,1,0.014705882352941176
03003,030030219,1,0.002857142857142857
03003,030030898,1,0.018518518518518517
03003,030031500,1,0.01
03003,030030392,5,0.002986857825567503
03003,030030985,2,0.013986013986013986
03003,030030224,9,0.022900763358778626
03003,030031681,4,0.12903225806451613
03003,030031558,1,0.09090909090909091
03003,030030778,34,0.4857142857142857
03003,030030784,6,0.4
03003,030031711,6,0.5
03003,030030963,2,0.0136986301369863
03003,030030849,6,0.02727272727272727
03003,030032148,6,0.6
03003,030032147,1,0.05
03003,030030003,2,2.783576896311761e-4
03009,030090216,4,0.5714285714285714
03009,030090164,1,0.1
03009,030090156,6,0.02643171806167401
03009,030090197,1,0.08333333333333333
03009,030090161,3,0.012096774193548387
03009,030090001,302,0.018515112500766356
03009,030090206,1,0.0064516129032258064
03009,030090358,1,0.025
03009,030090071,5,0.05555555555555555
03009,030090235,1,0.045454545454545456
03008,030080630,4,0.18181818181818182
03008,030080048,1,0.0014184397163120568
03008,030080054,146,7.202975914432593e-4
03008,030080383,6,0.4
03008,030080217,8,0.0034482758620689655
03008,030080560,1,0.03571428571428571
03008,030080177,1,0.013157894736842105
03008,030080447,6,0.25
03008,030080001,7,5.1362952636020104e-5
03008,030080386,6,0.1111111111111111
03002,030020014,71,0.048864418444597386
03002,030020015,385,0.16265314744402196
03002,030020456,2,0.025974025974025976
03002,030020244,1,0.002967359050445104
03002,030020165,2,0.00273224043715847
03002,030020967,6,0.058823529411764705
03002,030020049,9,0.028938906752411574
03002,030021515,9,0.9
03002,030020066,284,0.020888496616651958
03002,030020097,28,0.007303077725612937
03002,030020076,1,0.0037313432835820895
03002,030020116,50,0.0511770726714432
03002,030020140,8,0.010825439783491205
03002,030020149,6,0.011516314779270634
03002,030020001,821,0.05718464860346869
04001,040010150,1,0.015873015873015872
04001,040010001,11,6.896984136936485e-4
04001,040010002,456,0.47107438016528924
04002,040020073,1,7.898894154818325e-4
04002,040020087,37,0.004124400847174228
04002,040020875,1,0.043478260869565216
04002,040020001,1010,0.0040461015210938095
04003,040030006,430,0.15855457227138642
04003,040030001,772,0.0040368546000271914
04003,040030262,1,6.87757909215956e-4
04003,040033789,1,0.014285714285714285
04003,040030199,388,0.050918635170603674
04003,040030118,5,0.010638297872340425
04003,040030005,3,5.69692366122294e-4
04003,040033453,1,0.0031847133757961785
04003,040030013,2,0.0029585798816568047
04003,040030614,486,0.06275826446280992
04003,040033511,1,0.125
04003,040030101,5,0.0010855405992184109
04003,040030007,1,0.14285714285714285
04004,040040001,662,0.018492136651861783
04004,040040016,1,8.389261744966443e-4
04004,040040521,1,0.0022271714922048997
04007,040070663,1,0.007352941176470588
04007,040070001,323,0.09268292682926829
04007,040070521,1,0.006060606060606061
04007,040070109,1,0.005555555555555556
04007,040070378,1,0.1
04007,040070110,1,0.0017152658662092624
04012,040120001,797,0.0837624802942722
04012,040120055,65,0.01409366869037294
04012,040120056,1,9.407337723424271e-4
04008,040080002,2,0.0042643923240938165
14020,140200097,1,0.02
14020,140200021,1,0.004524886877828055
14020,140200001,1,2.607561929595828e-4
14020,140200127,3,0.21428571428571427
14020,140200082,3,0.0136986301369863
14020,140200123,1,0.025
14020,140200057,1,0.015873015873015872
14020,140200088,1,0.00847457627118644
14020,140200070,2,0.0022675736961451248
14022,140220006,568,0.13314580403187998
14022,140220001,1,5.3228296162239846e-5
14022,140220017,1,0.005154639175257732
14022,140220033,6,8.623167576889911e-4
14022,140220120,2,0.16666666666666666
14043,140430012,1,0.0030581039755351682
14043,140430094,1,0.0036900369003690036
14043,140430092,1,0.0017421602787456446
14043,140430036,3,0.0022189349112426036
14043,140430062,1,6.28140703517588e-4
14043,140430146,5,0.004646840148698885
14043,140430099,2,0.0024449877750611247
14058,140580021,1,0.09090909090909091
14058,140580122,1,0.017857142857142856
14058,140580001,1,1.0785159620362382e-4
14058,140580163,1,0.0625
14058,140580133,1,0.012345679012345678
14067,140670007,1,0.2
14067,140670009,1,0.0017094017094017094
14067,140670024,1,0.058823529411764705
14067,140670008,4,0.0071301247771836
14067,140670257,1,0.002840909090909091
14067,140670001,403,0.0017977748632709688
14067,140670180,1,0.03571428571428571
14084,140840004,1,0.25
14084,140840218,1,0.06666666666666667
14100,141000115,1,0.004273504273504274
14100,141000065,1,3.125e-4
14100,141000034,1,5.497526113249038e-4
14100,141000048,1,0.2
14100,141000054,1,0.001610305958132045
14100,141000261,1,0.008620689655172414
18001,180010301,1,0.014705882352941176
18001,180010159,1,0.08333333333333333
18001,180010094,3,0.004524886877828055
18001,180010096,2,0.008333333333333333
18001,180010138,2,0.046511627906976744
18020,180200004,1,0.0016638935108153079
18020,180200013,6,3.7126415444588826e-4
18020,180200106,1,3.90015600624025e-4
18020,180200027,134,0.03214200047973135
18020,180200236,1,0.0040650406504065045
18020,180200026,1,6.839945280437756e-4
18020,180200041,1,5.896226415094339e-4
18020,180200053,1,4.11370274383973e-5
18020,180200001,2,2.290950744558992e-4
18004,180040065,9,0.02601156069364162
18004,180040128,107,0.010101010101010102
18004,180040020,3,0.0048543689320388345
18004,180040106,1,0.1111111111111111
18004,180040120,1,0.07142857142857142
18004,180040137,1,0.022222222222222223
18004,180040154,3,0.0010803024846957148
18004,180040191,2,4.092490280335584e-4
18010,180100008,1,7.79423226812159e-4
18010,180100047,2,0.0023014959723820483
18010,180100014,1,9.92063492063492e-4
18010,180100022,1,4.8426150121065375e-4
18010,180100023,1,0.0011148272017837235
18010,180100025,5,0.0033200531208499337
18010,180100001,1,2.6896180742334586e-4
18010,180100034,1,0.0018552875695732839
18012,180120003,1,6.373486297004461e-4
18012,180120073,1,0.014285714285714285
18012,180120006,13,0.09352517985611511
18012,180120017,1,0.013333333333333334
18012,180120019,1,3.2615786040443573e-4
18012,180120016,1,0.0026954177897574125
18012,180120009,2,0.0036429872495446266
18012,180120027,3,0.006564551422319475
18012,180120037,5,0.015772870662460567
18012,180120001,533,0.048742569730224054
18012,180120043,2,0.0011614401858304297
18015,180150006,1,0.0024096385542168677
18015,180150007,4,0.0030441400304414
18015,180150009,1,0.0016638935108153079
18015,180150018,1,0.023255813953488372
18015,180150036,2,0.002638522427440633
18015,180150042,1,0.0038461538461538464
18015,180150038,2,0.0028328611898017
18015,180150025,4,0.003835091083413231
18015,180150057,2,0.002162162162162162
18015,180150062,2,0.002355712603062426
18015,180150065,1,0.0014084507042253522
18015,180150066,2,0.0016313213703099511
18015,180150001,215,0.011929201575764301
18015,180150081,1,3.673769287288758e-4
18016,180160004,1,0.002178649237472767
18016,180160023,2,0.002336448598130841
18016,180160079,4,0.005797101449275362
18016,180160024,1,0.004310344827586207
18016,180160029,1,0.002364066193853428
18016,180160031,5,0.0054288816503800215
18016,180160032,1,0.0014104372355430183
18016,180160036,1,0.0019723865877712033
18016,180160038,2,0.008064516129032258
18016,180160041,1,3.2425421530479895e-4
18016,180160043,1,0.0011049723756906078
18016,180160046,1,0.001256281407035176
18016,180160047,1,2.199736031676199e-4
18016,180160001,556,0.0408223201174743
18018,180180012,1,4.780114722753346e-4
18018,180180001,1085,0.049289056466633355
18018,180180018,3,0.0028222013170272815
18008,180080005,1,0.0027247956403269754
18008,180080028,1,0.006134969325153374
23010,230100271,1,8.244023083264633e-4
23005,230050001,123,1.3838930599450718e-4
23001,230010001,83,9.820277097457376e-4
23001,230011014,83,4.368421052631579
23002,230020456,1,0.05
23003,230030001,140,0.010626992561105207
23007,230070008,9,0.0038944180008654264
23007,230070012,280,0.1520912547528517
23004,230040016,1,1.801477211313277e-4
23004,230040001,259,0.0015322905080815013
23004,230040053,1,3.7936267071320183e-4
23004,230040111,2,0.0045871559633027525
23011,230110001,5,2.603488674824265e-4
23008,230080001,37,1.2133454886503007e-4
23009,230090001,72,0.0021573680110265475
25001,250010070,19,0.001603240232891739
25001,250011151,1,0.0625
25001,250010407,1,7.818608287724785e-4
25001,250010081,9,0.004392386530014641
25001,250011045,1,0.0015408320493066256
25001,250010425,3,0.17647058823529413
25001,250010189,1,5.065856129685917e-4
25001,250010370,2,0.002849002849002849
25001,250010067,43,0.017939090529828953
25001,250010675,2,0.004672897196261682
25001,250010119,92,0.03085177733065057
25001,250011001,2,0.00881057268722467
25001,250010210,1,0.0047169811320754715
25001,250010416,1,0.045454545454545456
25001,250010156,1,2.061855670103093e-4
25001,250010160,8,8.453085376162299e-4
25001,250010166,28,0.0219435736677116
25001,250010148,12,0.01048951048951049
25001,250010149,7,0.0026041666666666665
25001,250010169,11,0.16176470588235295
25001,250010448,6,0.0072992700729927005
25001,250010001,2914,0.009778228174316884
25001,250010349,1,0.0010615711252653928
25001,250010356,2,8.714596949891067e-4
25001,250010240,525,0.08470474346563407
25002,250020012,1,9.624639076034649e-4
25002,250020037,1,0.0029940119760479044
25002,250020035,12,0.008236101578586136
25002,250020048,972,57.1764705882353
25002,250020188,1,0.0064516129032258064
25002,250020043,1,6.234413965087282e-4
25002,250020181,1,0.0036496350364963502
25002,250020093,2016,0.30563978168587025
25002,250020067,4,0.001784121320249777
25002,250020082,1,0.037037037037037035
25002,250020084,8,0.009523809523809525
25006,250061242,3,0.2727272727272727
25006,250061116,3,0.046153846153846156
25006,250060311,3,0.003157894736842105
25006,250060312,4,1.416480753567761e-4
25006,250060001,2546,0.003149368641887345
25006,250062073,7,0.01569506726457399
25006,250062758,2,0.15384615384615385
25006,250060305,2,0.0035650623885918
25006,250062518,1,9.784735812133072e-4
25006,250061044,5,0.008210180623973728
25006,250060341,7,4.738694828053073e-4
25006,250060413,1,0.003424657534246575
25006,250060421,8,0.004369197160021846
25006,250060304,1,0.004901960784313725
25006,250061664,1,0.004901960784313725
25006,250061365,1,0.003289473684210526
25006,250060969,2,0.004842615012106538
25006,250060600,2016,7.225806451612903
25006,250060601,2016,9.122171945701357
25006,250060106,12,0.09302325581395349
25006,250060133,13,0.006974248927038627
25006,250060397,1,0.005025125628140704
25006,250061472,1,0.008064516129032258
25006,250060707,1,0.03125
25006,250060438,2,5.863383172090296e-4
25006,250060185,1,0.011764705882352941
25006,250060533,1,0.014925373134328358
25006,250060539,1,0.002967359050445104
25006,250060936,3,0.002008032128514056
25006,250061509,3,0.17647058823529413
25006,250060638,1,8.928571428571428e-4
25006,250060627,1,0.0010638297872340426
25010,250100102,2,4.462293618920125e-4
25010,250100004,3,0.007957559681697613
25010,250100016,5,0.0165016501650165
25010,250100026,1,0.0012300123001230013
25010,250100401,2,0.013245033112582781
25010,250100001,972,0.07565379825653798
25010,250100122,3,0.015463917525773196
25010,250100507,1,0.09090909090909091
25010,250100540,1,0.0016260162601626016
25010,250100212,1,0.0033783783783783786
25010,250101278,3,0.030303030303030304
25010,250100090,2,0.11764705882352941
25010,250100036,1,0.001996007984031936
25010,250101289,4,0.007797270955165692
25010,250100547,2,0.022988505747126436
25010,250100420,2,0.125
25010,250101293,1,0.0016339869281045752
25010,250100155,5,0.023923444976076555
25010,250100179,1,1.7274140611504577e-4
25010,250100182,2,0.005025125628140704
25008,250080002,1,0.0038461538461538464
25008,250080132,3,0.0037313432835820895
25008,250080164,1,0.001177856301531213
25008,250080029,1,0.015873015873015872
25008,250080064,1,0.00980392156862745
25008,250080074,1,0.008928571428571428
25008,250080421,1,0.014705882352941176
25008,250080032,3,0.007874015748031496
25008,250080001,3,1.5196028771147807e-4
25008,250080061,1,0.003787878787878788
25008,250080176,3,0.0015274949083503055
25009,250090013,1,8.305647840531562e-4
25009,250090001,752,0.02216719726447353
25009,250090012,1,0.003787878787878788
25009,250090099,1,0.05263157894736842
25009,250090020,1,7.369196757553427e-4
25009,250090595,2,0.18181818181818182
25009,250090043,2,8.100445524503848e-4
25009,250090044,2,0.0013183915622940012
25009,250090060,15,0.0032622879512831664
25009,250090062,1,6.680026720106881e-4
25011,250110941,2,0.016
25011,250110042,1,0.0036496350364963502
25011,250110052,1,3.417634996582365e-4
25011,250110386,10,0.017761989342806393
25011,250110085,3,0.0020718232044198894
25011,250110064,1,2.4740227610094015e-4
25011,250110695,2,0.0022172949002217295
25011,250110065,19,0.006949524506217996
25011,250110707,6,0.016172506738544475
25011,250110477,92,1.1219512195121952
25011,250110148,13,0.006539235412474849
25011,250110300,4,0.0045871559633027525
25011,250110627,1,0.0017152658662092624
25011,250110228,1,0.0012610340479192938
25011,250110280,2,0.004761904761904762
25011,250110132,1,3.975036769090114e-5
25011,250110001,2077,0.0266798545902966
25011,250110151,8,0.028368794326241134
25011,250110362,8,0.047337278106508875
25011,250110138,2,8.92020873288435e-5
25011,250110059,4,0.0021141649048625794
25011,250110563,3,0.05172413793103448
25011,250110751,1,0.02857142857142857
25011,250110188,1,7.479431563201197e-4
25011,250110216,1,0.0013812154696132596
25011,250110637,1,0.034482758620689655
25011,250110233,1,0.0013531799729364006
25012,250120806,3,0.038461538461538464
25012,250121044,1,0.0038461538461538464
25012,250120134,2,0.0010030090270812437
25012,250120822,1,0.009345794392523364
25012,250120162,7,0.0026789131266743206
25012,250120278,1,0.01098901098901099
25012,250120288,3,0.007653061224489796
25012,250120331,1,0.003389830508474576
25012,250120761,2,5.633802816901409e-4
25012,250120200,4,0.09090909090909091
25012,250120786,1,0.0013812154696132596
25012,250120370,2,0.038461538461538464
25012,250121005,2,0.02564102564102564
25012,250120355,1,0.0035971223021582736
25012,250120249,1,0.0017793594306049821
25012,250120001,1804,0.004081678827988008
25012,250120255,1,0.008130081300813009
25012,250120690,1,0.07692307692307693
25012,250120313,2,0.13333333333333333
25012,250121377,2,0.0034904013961605585
25012,250120728,2,0.16666666666666666
25012,250120348,7,4.1336955237982755e-4
25013,250130014,1,0.02127659574468085
25013,250130184,1,0.0016863406408094434
25013,250130610,1,0.16666666666666666
25013,250130739,12,0.14457831325301204
25013,250130251,1,0.0053475935828877
25013,250130109,1,0.003003003003003003
25018,250180006,16,0.007487131492746842
25018,250180228,1,0.0016260162601626016
25018,250180054,24,0.011599806669888834
25018,250180023,1,0.0011198208286674132
25018,250180041,7,0.0024902170046246885
25018,250180434,5,0.016722408026755852
25018,250180002,12,1.5
25018,250180131,12,0.007281553398058253
25018,250180554,13,0.9285714285714286
25018,250180322,6,0.0049504950495049506
25018,250180374,1,2.9854310962502986e-5
25018,250180089,1,0.0055248618784530384
25018,250180001,1706,0.05539680477984154
25018,250180098,1,0.0016051364365971107
25018,250180607,1,0.0020876826722338203
25018,250180355,2,4.8508367693427115e-4
25018,250180078,1,0.0016806722689075631
25018,250180126,8,0.045454545454545456
25014,250140388,8,0.0018428933425478
25014,250140146,10,0.006345177664974619
25014,250140015,1,0.002277904328018223
25014,250140079,1,5.112474437627812e-4
25014,250140020,2,0.001763668430335097
25014,250140287,1,0.0010718113612004287
25014,250140329,1,0.011764705882352941
25014,250140049,3,0.001288659793814433
25014,250140001,1230,0.07194244604316546
25014,250140022,2,0.0018066847335140017
25014,250140053,2016,8.727272727272727
25014,250140024,1,0.001519756838905775
25014,250140041,2,0.0011968880909634949
25014,250140047,1,0.0011037527593818985
25014,250140048,1,0.007194244604316547
25014,250140134,1,8.453085376162299e-4
25016,250160676,3,0.007228915662650603
25016,250160066,2,5.47945205479452e-4
25016,250160131,3,0.02912621359223301
25016,250160774,2,0.018867924528301886
25016,250160027,1,0.06666666666666667
25016,250160001,1,2.079002079002079e-4
25016,250160151,5,0.01818181818181818
25017,250171046,2,0.0017331022530329288
25017,250170367,2,0.0091324200913242
25017,250170626,43,0.4673913043478261
25017,250170627,43,0.48314606741573035
25017,250171757,43,0.2986111111111111
25017,250170159,1,0.003194888178913738
25017,250170195,1,0.014925373134328358
25017,250170598,1,0.005813953488372093
25017,250171568,1,0.03225806451612903
25017,250171724,1,0.0625
25017,250170889,3,0.02027027027027027
25017,250170778,1,0.125
25017,250171692,11,0.4074074074074074
25017,250170187,1,0.05555555555555555
25017,250170206,1,0.011904761904761904
25017,250170901,1,0.020833333333333332
25017,250170902,1,0.041666666666666664
25017,250170948,1,0.047619047619047616
25017,250170956,2,0.125
25017,250170172,1,6.920415224913495e-4
26012,260120001,1,2.311604253351826e-4
26012,260120082,1,1.577784790154623e-4
26012,260120172,1,0.027777777777777776
26012,260120093,2,4.6382189239332097e-4
26012,260120100,1,0.0022727272727272726
26071,260710140,1,0.0017985611510791368
26071,260710127,4,0.36363636363636365
26071,260710139,27,0.009168081494057725
26071,260710141,24,0.01
26071,260710001,20,0.001520565650421957
26017,260170397,1,0.0024330900243309003
26017,260170009,2,0.002635046113306983
26017,260170080,8,0.0136986301369863
26017,260170001,10,1.4792024140583397e-4
26017,260170246,2,3.876720294630742e-4
26017,260170166,2,0.009302325581395349
26018,260180810,1,0.0625
26018,260180397,1,8.163265306122449e-4
26018,260180084,1,0.008547008547008548
26018,260180090,7,0.015521064301552107
26018,260180001,1829,0.0055524523078043985
26018,260180284,1,1.3469827586206896e-4
26018,260180106,1,0.043478260869565216
26018,260180357,1,0.009259259259259259
26018,260180311,6,1.532019201307323e-4
26018,260180314,1,7.692307692307692e-4
26018,260180543,1,0.0030959752321981426
26018,260180403,1,7.055669230226487e-5
26018,260180365,5,0.0016655562958027982
26025,260250013,1,0.0010845986984815619
26025,260250001,25,6.429049015069691e-4
26026,260260001,1,1.0171905197843556e-4
26026,260260057,1,0.0016474464579901153
26029,260290111,1,5.104645227156713e-4
26029,260290001,1756,0.014976162656819015
26029,260291298,1,0.005405405405405406
26029,260290025,2,7.974481658692185e-4
26029,260290293,1,0.00980392156862745
26030,260300137,1073,0.16625348621010227
26030,260300152,1,0.05555555555555555
26030,260301829,3,0.5
26030,260301214,8,0.017817371937639197
26030,260300412,1,0.09090909090909091
26030,260300001,45,5.2596944935673934e-5
26030,260300289,45,1.40625
26030,260300403,1,0.001984126984126984
26030,260300136,8,0.011730205278592375
26030,260303258,2,0.0196078431372549
26030,260300492,2,0.008888888888888889
26030,260301102,1,0.041666666666666664
26030,260301124,1,0.08333333333333333
26030,260302039,1,0.1111111111111111
26030,260301215,1,0.038461538461538464
26033,260330180,1,0.002012072434607646
26033,260330002,11,0.005844845908607864
26033,260330110,2,0.005633802816901409
26033,260330011,4,0.005457025920873124
26033,260330012,4,0.013793103448275862
26033,260330050,1,0.004291845493562232
26033,260330255,5,0.011185682326621925
26033,260330075,1,0.006578947368421052
26033,260330210,1,0.0018214936247723133
26033,260330033,1,0.007407407407407408
26033,260330038,6,0.0058309037900874635
26033,260330001,1789,0.05899617464714418
26033,260330048,1,0.00130718954248366
26033,260330035,1,0.0018115942028985507
26033,260330094,2,4.0306328093510683e-4
26033,260330017,10,0.00949667616334283
26033,260330063,3,0.005338078291814947
26033,260330054,3,0.0012831479897348161
26033,260330055,2,0.0030211480362537764
26033,260330019,4,0.009216589861751152
26033,260330062,1,0.0018832391713747645
26033,260330067,28,0.01891891891891892
26033,260330078,1,0.0026041666666666665
26033,260330099,51,0.013870002719608376
26042,260420002,3,0.75
26042,260420209,3,0.008645533141210375
26042,260420016,7,0.01871657754010695
26042,260420041,1,0.0027100271002710027
26042,260420048,1,0.0010638297872340426
26042,260420006,1,8.103727714748784e-4
26042,260420001,1,8.269520202437855e-6
26042,260420108,1,0.0018552875695732839
26047,260470027,3,0.00911854103343465
26047,260470001,1,1.945903872348706e-4
26047,260470065,92,0.03345454545454545
26048,260480004,1,0.007575757575757576
26048,260480001,1080,0.017335195261713295
26072,260720017,32,0.010698762955533266
26072,260720001,5,6.146281499692685e-4
26072,260720146,1,0.034482758620689655
26055,260550011,1280,0.2771762667821568
26055,260550001,1,5.659790021790192e-6
31011,310110001,705,0.08426966292134831
31026,310260001,1,2.8843380444188056e-4
31026,310260006,1,0.017543859649122806
31027,310270001,11,0.0014608233731739709
31027,310270004,3,0.07894736842105263
31028,310280001,944,0.3845213849287169
31028,310280080,2,0.008771929824561403
31029,310290001,14,0.0022694115739990274
31038,310380001,5,1.759819794453048e-4
31038,310380004,496,0.2386910490856593
31039,310390001,1,2.4301336573511544e-4
31048,310480012,1,0.0013831258644536654
31052,310520021,4,0.03571428571428571
31052,310520001,3,1.1502626433035543e-4
31059,310590026,2,2.717022143730471e-4
31059,310590003,11,0.0022624434389140274
31059,310590004,37,0.004874193123435648
31059,310590005,70,0.024356297842727904
31059,310590078,1,0.002277904328018223
31059,310590001,1459,0.03476706779459073
31059,310590009,2,0.002254791431792559
31061,310610002,14,0.010007147962830594
31061,310610001,732,0.29362214199759323
31065,310650001,343,0.16578057032382792
31068,310680003,45,0.0743801652892562
31068,310680001,6,0.002320185614849188
31082,310820001,366,0.10469107551487414
31083,310830001,51,0.026659696811291166
31096,310960019,1,4.366812227074236e-4
31096,310960009,304,0.17011751538891998
31096,310960031,1,0.0022675736961451248
31096,310960914,1,0.03125
31096,310960001,3,5.704181164793794e-5
31106,311060002,23,0.06990881458966565
31106,311060054,1,0.14285714285714285
31106,311060001,5,0.0026652452025586353
