LOC,PC1
1,-3.325540584701923
2,-3.3738075448610525
3,-3.433554228354377
4,-1.400117792848867
5,-2.911737692057755
6,-3.3464214449249
7,-3.2927752918039177
8,-3.309744181666568
9,-3.279319866404918
10,-3.4360891896364265
11,-3.498735267602909
12,-3.5577301775028527
13,-3.170241942133896
14,-3.09866206851292
15,-3.1938105814807054
16,-3.198771997947159
17,-3.4709992915921095
18,-3.3432068702964384
19,-3.2923631918123126
20,-3.2827628980159034
21,-3.5964256091485085
22,-3.5127305450515838
23,-3.3561217825272633
24,-3.4205574900342586
25,-3.588363757398768
26,-3.0120044588766035
27,-4.04493738479209
28,-3.3226371023654075
29,-3.478548594595865
30,-3.354191746752352
31,-3.429023030370962
32,-3.6620574806066744
33,-4.137662303182304
34,-3.260347920578833
35,-3.2607955972700173
36,-3.329456702126422
37,-3.552262038890227
38,-3.0714641502995805
39,-4.012158683828885
40,-3.317086745569792
41,-3.9305956517407354
42,-3.3173562018882556
43,-3.7918902761381794
44,-3.206619903559736
45,-3.6013944117029597
46,-3.6256554356554984
47,-3.4229634372413984
48,-3.6144742862830253
49,-6.284056219881565
50,-3.250496480638351
51,-3.3473965495836255
52,-4.019142932372392
53,-3.618741830875602
54,-3.185062702192122
55,-3.7459274582912436
56,-3.3190522559624416
57,-2.9979890836957983
58,-3.1269532400351783
59,-3.4232487118360515
60,-3.604430931252316
61,-3.0596359692941397
62,-3.606594139472484
63,-3.2500923481782085
64,-3.348312433740616
65,-3.354738425142126
66,-3.3500235988180656
67,-3.3979068471909604
68,-2.869785648753233
69,-2.8804560954593112
70,-3.2678930750635757
71,-3.288951048835676
72,-3.247749221993494
73,-3.4492349077327393
74,-3.3540663328100786
75,-3.162065878645895
76,-3.249244035634975
77,-3.101270049677665
78,-3.0927201961917157
79,-3.1051734654117085
80,-2.8889544347735248
81,-2.8919495339319914
82,-3.3429320687131736
83,-3.071754882509263
84,-3.370460974000588
85,-3.375145742102841
86,-3.4527452585875475
87,-3.195303838412753
88,-3.194747292288805
89,-3.199221215360014
90,-3.2191107983979688
91,-3.233427951186385
92,-3.2195802952256534
93,-3.289263625533011
94,-3.1835490481914905
95,-3.734863084633723
96,-3.3671346075488002
97,-3.3540925303771743
98,-3.2543371333169793
99,-3.4903348942302035
100,-3.167429987544221
101,-3.70569575341929
102,-3.326021446835289
103,-3.2058390946074984
104,-3.3675053590117248
105,-3.16541836448169
106,-3.3539244193507534
107,-3.3222045408332654
108,-3.3259358837618502
109,-3.329575156750778
110,-3.332982392621312
111,-3.3342439210111685
112,-3.336977297410222
113,-3.3331913270492297
114,-3.3345800630177136
115,-3.339813573855131
116,-3.3261857447501435
117,-3.3414462919378938
118,-3.346548122987083
119,-3.3343950713111665
120,-3.33878449262483
121,-3.3413480872659322
122,-3.3481970046989806
123,-3.3517208689299807
124,-3.355535333175975
125,-3.341950322808422
126,-3.34527186746789
127,-3.348092735036399
128,-3.3512062864489263
129,-3.361080611879963
130,-3.3264572315648007
131,-3.3333311903314358
132,-3.3546050466109114
133,-3.3575484709783696
134,-3.319812778545436
135,-3.3333957854830722
136,-3.3440536014685054
137,-3.3479023951717304
138,-3.3507004207077005
139,-3.3272700818783183
140,-3.3242144390585695
141,-3.3316124359450807
142,-3.309907401525959
143,-3.324515022927107
144,-3.332624108843769
145,-3.334726773312345
146,-3.301128357634862
147,-3.29682856434459
148,-3.3038569112609033
149,-3.3293344656156547
150,-3.3410072724778113
151,-3.338893468854127
152,-3.3104694917227215
153,-3.321791782486867
154,-3.325342590198912
155,-3.332946478577221
156,-3.3376669895874413
157,-3.303358661065651
158,-3.3089917520825574
159,-3.323541718264137
160,-3.334286661443132
161,-3.337935510152876
162,-3.343236665150214
163,-3.298936938248277
164,-3.3100641314538723
165,-3.3052698306281467
166,-3.33073336683789
167,-3.2979000146568374
168,-3.2983273406904203
169,-3.356102799305165
170,-3.039304174118574
171,-3.627457511122538
172,-3.276842592732198
173,-3.3258642350940884
174,-3.338411506426816
175,-3.333505063680388
176,-4.157764330904789
177,-3.370509615205944
178,-3.3301555218237553
179,-3.321677223650002
180,-3.305824204514074
181,-3.3183067950296437
182,-3.3384686008523476
183,-3.1504477202177323
184,-3.196057171095514
185,-3.462975090867549
186,-1.5412004315306302
187,-3.2857139325034375
188,-3.051606875000323
189,-3.375541695018705
190,-3.3147486942227284
191,-3.318738125648616
192,-3.362796198645822
193,-3.3228145864100775
194,-3.3175675521399617
195,-3.359269847442724
196,-3.3325570526334634
197,-3.336697376275015
198,-3.3209118992870126
199,-3.3209026069951477
200,-3.344682725236156
201,-3.3449477436402617
202,-3.107014947063579
203,-3.1466780783788812
204,-3.1220077043939822
205,-3.1167572252196827
206,-3.3621089269601683
207,-3.341372324516227
208,-3.358767946717686
209,-3.3139944968174198
210,-3.3397438693335864
211,-3.3707572881042447
212,-3.378566738620704
213,-3.313523732447088
214,-3.308454354129322
215,-3.31241299594297
216,-3.3164906462054065
217,-3.768256314737861
218,-2.911178981459858
219,-3.1632546336389082
220,-3.267012349821461
221,-3.307579502514272
222,-3.3226293444434036
223,-3.2846273949998457
224,-3.31712580516078
225,-3.2703330643531636
226,-3.278860825240826
227,-3.3351142157849765
228,-3.3104674417346818
229,-3.318561690561711
230,-3.346309417138414
231,-3.369007286165828
232,-3.3586208450553934
233,-3.3710010576044223
234,-3.3382950172453656
235,-3.337477416333773
236,-3.991660022229534
237,-3.2022475903555376
238,-3.36190549852751
239,-3.329327687354102
240,-3.3262447581416636
241,-3.3234448867339577
242,-3.3004474174222644
243,-2.8911275232231284
244,-3.3165173193991313
245,-3.321746594901184
246,-3.309362002122836
247,-3.3478059682913033
248,-3.30870270896899
249,-3.3545964085690723
250,-3.3388438503686872
251,-3.361154864188746
252,-3.355279615608755
253,-3.3667354343998017
254,-3.3107475644533464
255,-3.3601334145077586
256,-3.3613412857103855
257,-3.358484569123477
258,-3.3579039697620088
259,-3.353408079126317
260,-3.3437859463444655
261,-3.320935200487974
262,-3.3137312164285446
263,-3.3144249873766736
264,-3.3173264799893536
265,-3.313077001496649
266,-3.3175731314936825
267,-3.319471553744635
268,-3.3216313384919456
269,-3.3206521393419965
270,-3.3038777745523285
271,-3.325250475735895
272,-3.325416296984332
273,-3.3107165212996654
274,-3.3361790386230896
275,-3.334976558980412
276,-3.343698230575569
277,-3.3042657475936847
278,-3.3466283021947545
279,-3.3115795605310177
280,-3.337271803097414
281,-3.3415581250592203
282,-3.345484749289667
283,-3.3461781207108245
284,-3.3364913792297846
285,-3.2594221565997454
286,-3.1886217156938663
287,-3.3557170920276898
288,-6.366861344436289
289,-6.208019430704121
290,-6.392045549016118
291,-6.141727853613347
292,-3.100498401016222
293,-6.257023029751213
294,-6.269082029805577
295,-6.033807515822443
296,-2.972045746477691
297,-2.9585786738241646
298,-2.861608749505968
299,-2.768104265951913
300,-2.57783476066892
301,-3.2275112396689645
302,-2.847526918758015
303,-3.1916479814385452
304,-2.933083534301521
305,-2.944454833393759
306,-2.8323728963321972
307,-6.118972257092762
308,-3.074798145609715
309,-2.81066381712667
310,-3.032152244083405
311,-3.3369781891727275
312,-3.3452373967017266
313,-3.197687160728293
314,-2.9192198822978503
315,-2.9099349377541994
316,-2.89003087216807
317,-2.87706603031695
318,-3.1338602438101137
319,-2.9381282277738237
320,-3.3483735865989424
321,-2.8268299066980553
322,-3.277906909048667
323,-2.939629379152529
324,-3.011048719628522
325,-2.875136162122006
326,-3.20458646309957
327,-6.276084213635135
328,-6.431208787482732
329,-6.400095729117488
330,-3.2201001785226477
331,-3.100319945433812
332,-6.463056424168383
333,-6.348666206208804
334,-2.46861951352453
335,-2.619475195766386
336,-2.450247836017769
337,-2.87239637437835
338,-2.392954367871617
339,-2.8128882172846454
340,-2.855131315874238
341,-2.399104553650653
342,-2.636026195944831
343,-2.840920879024271
344,-2.901231518185962
345,-2.47335878110716
346,-2.5787938023339017
347,-2.5370446374212845
348,-2.694427672138458
349,-2.684728950568349
350,-2.6237545886690965
351,-2.5236949023665836
352,-2.5958204112339702
353,-2.5240612911292066
354,-2.727033750236912
355,-3.5389597391484395
356,-3.5010640044666435
357,-3.351817676885407
358,-3.4325023828162347
359,-3.3343156512102894
360,-3.4492560753492105
361,-3.537038586980754
362,-3.4741170819023517
363,-3.5587122482104787
364,-3.5204508360784463
365,-3.579323872002729
366,-3.576355120989585
367,-3.404340419411553
368,-3.57748293459169
369,-3.539853216905667
370,-3.56568868674164
371,-3.4005249447488577
372,-3.5788108976048627
373,-3.853017922838291
374,-3.5377613033175326
375,-3.5470858602666206
376,-3.431332325363406
377,-3.564985254008941
378,-3.6543937231211494
379,-3.5759424155117
380,-2.215255291418025
381,-3.4479930139656276
382,-3.5796796723457467
383,-3.528369730537535
384,-3.531720578485199
385,-3.4386889356562502
386,-3.3010234572480117
387,-3.739507108405814
388,-3.7649527067628528
389,-3.6350649836243134
390,-3.46078335088462
391,-3.4980881393589436
392,-3.5114920348698933
393,-3.577123322288527
394,-3.4823392951068852
395,-3.5162550330904323
396,-3.509062587518953
397,-3.57120002130348
398,-3.7479274802331073
399,-3.5922913786623907
400,-3.545938397768796
401,-3.549180642162612
402,-3.5708479895725382
403,-3.4468182896517647
404,-3.4857228595507945
405,-3.5683912758614937
406,-3.4879837667911544
407,-3.4808482686584536
408,-3.467951633342157
409,-3.4729306633835866
410,-3.5487357969066036
411,-3.561909577420149
412,-3.51843946793189
413,-3.485997440094805
414,-3.14658067450862
415,-3.4708678076268296
416,-3.28793982057918
417,-3.4971937080436577
418,-3.5610771987088876
419,-3.435704099276027
420,-3.5580466741352863
421,-3.5075809956566335
422,-3.7350455478328777
423,-3.5829047428857885
424,-3.565464434994537
425,-3.5857096653020957
426,-3.4726271267969766
427,-3.5067842295889484
428,-3.56575353021894
429,-3.3618491809380187
430,-3.5404466592005734
431,-3.5385380319048942
432,-3.4857688727040737
433,-3.431034148385772
434,-3.56448751125485
435,-3.492719756108482
436,-3.78663066724893
437,-3.5541050408709833
438,-3.4934075725529867
439,-3.5680977961758393
440,-3.516245737663525
441,-3.5078659059154536
442,-3.507794573760407
443,-3.5268322028966352
444,-3.4683027758646316
445,-4.06349358315068
446,-3.5972889223013174
447,-3.5683749319136666
448,-3.590705316014156
449,-3.5725940795149755
450,-3.5006325488609606
451,-3.5426795316146125
452,-3.808003185341139
453,-3.6307053687825253
454,-3.49208432188738
455,-3.563693978678794
456,-3.5279040594939035
457,-3.479395627777012
458,-3.474461675587269
459,-3.10374311929077
460,-3.1303754161494206
461,-2.0159717240818944
462,-3.733153489466032
463,-3.4423350260536267
464,-3.3459155518714403
465,-3.296058401482601
466,-3.3458654016707903
467,-3.355381544533018
468,-2.100777974464833
469,-3.1403576012005074
470,-2.4631152692881786
471,-2.8578496448639865
472,-3.3474907438216244
473,-3.0421803658344353
474,-3.32037091113734
475,-3.285577123857424
476,-2.379334313185457
477,-2.51614493540682
478,-3.556755400801234
479,-3.028494590805256
480,-3.7188423308649297
481,-3.5322335426938962
482,-2.5618445132420233
483,-2.565586688842607
484,-3.689791735684648
485,-3.138040647017891
486,-2.3362302657531777
487,-4.0421985775833305
488,-3.946688536755393
489,-3.585859360140555
490,-1.9501975319867542
491,-6.966669976477069
492,-2.264996111793037
493,-3.8627921391199243
494,-2.422218845637518
495,-3.761779111983342
496,-2.5593730375992148
497,-3.2945658512677167
498,-4.067432865067243
499,-4.034585715815642
500,-2.2875052029960483
501,-4.029504484800976
502,-4.0374356870350585
503,-4.036027430459045
504,-3.5077900238396036
505,-3.8707192679110136
506,-3.221102978775856
507,-2.4989522751747755
508,-0.9712206433886218
509,-3.2176943291015156
510,-3.2337378699553723
511,-2.653059665459378
512,-2.605788143186196
513,-3.1869615028809397
514,-3.1824094302380814
515,-2.5415786960252396
516,-1.544205508270054
517,-0.744141758314339
518,-0.885753223431302
519,-0.6862155269762754
520,-1.1899459065651137
521,-3.3589830614862333
522,-1.045281621141548
523,-0.6798214611622859
524,-3.2302705065252812
525,-1.7592057052563341
526,-2.90805818490081
527,-0.9132435193511628
528,-1.7888696629291692
529,-2.883473303349332
530,-3.3381007494191097
531,-3.0275556979359677
532,-1.629582950227865
533,-1.5179114758856167
534,-1.5064682919842867
535,-1.5153855068803717
536,-0.9575880074837293
537,-0.9950956183684172
538,-2.7021948455973237
539,-2.943567278447774
540,-3.296477098240249
541,-1.8261954614625777
542,-3.175677380132583
543,-3.1701882581813194
544,-3.1896682626970296
545,-0.8126401704367912
546,-2.5100009694497563
547,-2.569647303675848
548,-2.540639110211435
549,-2.617190397365271
550,-1.7425786328169357
551,-1.735325297470566
552,-2.6079317582882138
553,-2.5928652548529842
554,-2.58519082431329
555,-3.0913865256463584
556,-2.4203755547182526
557,-2.617733720640172
558,-2.415541638636649
559,-0.7232933363472384
560,-2.377681132210914
561,-2.4483535722867784
562,-2.541116205895315
563,-3.3460738110589707
564,-0.7638235376002138
565,-2.3941494135365597
566,-2.4101905014663876
567,-3.2541506993036315
568,-0.2804241042583292
569,-0.6474891837758849
570,-0.28183049908681196
571,-0.2538260802455869
572,-0.2835652870558897
573,-0.4402853063458406
574,-0.37678464750702634
575,-0.34516922045231635
576,-0.398475131018123
577,-0.2578291686203034
578,-0.39045913958767525
579,-0.41364855339348233
580,-0.4314536996473351
581,-0.5328627481313767
582,-0.4667833090642998
583,-0.4517274714875493
584,-0.3402727462534826
585,-0.2773232407547689
586,-0.3733804019439676
587,-2.2913275832652173
588,-2.0566278882899653
589,-2.4668450624113643
590,-2.4824264505348816
591,-2.9937712204899274
592,-2.457812227931814
593,-2.8153669854172096
594,-2.4451408998143824
595,-2.77604584863815
596,-2.671254213456084
597,-2.679833274293181
598,-2.9731564585105854
599,-2.150020682448501
600,4.6300275453565
601,3.2077696512500675
602,4.1124737451316395
603,0.38371426862088337
604,0.5074635724127711
605,5.199494967164897
606,4.972167535178198
607,4.6617967225708785
608,5.224440051104697
609,4.682854020309518
610,5.005529471621192
611,5.346199210057063
612,5.3322031470214135
613,4.779696865864124
614,5.260576771522539
615,5.484925311151182
616,4.856422799953462
617,5.422452464181543
618,5.412699004298686
619,5.260856380009198
620,5.088683762484978
621,5.2882609188419725
622,5.259088789735889
623,5.070215879975364
624,16.52665986401274
625,13.74820189940717
626,14.671546177641796
627,14.591630953543111
628,16.266417906176333
629,22.052360453125218
630,11.135554698684237
631,9.175943298582734
632,13.964045911700776
633,13.952321671225086
634,13.316376445322845
635,13.393900358321195
636,13.59179258518463
637,12.664176422303107
638,8.527786953724672
639,13.26277260760243
640,14.828004799321219
641,13.818049667685123
642,15.326428297128881
643,14.573173483146332
644,13.72563256584332
645,23.89075251390177
646,24.338985975172847
647,19.845498600773134
648,19.480656025512236
649,24.06243522691942
650,20.512603752776855
651,23.621094558862392
652,13.9169077189611
653,5.803984178145059
654,5.764494942044877
655,5.626598959399433
656,5.65289520886537
657,5.7771969008638155
658,5.617317856173038
659,5.812861639810052
660,5.834274207771766
661,6.126413743448503
662,5.633196002843389
663,5.864776985432701
664,5.731757645781242
665,5.924393484685506
666,5.866523090743224
667,6.047876865763774
668,5.83714985018234
669,5.847904199264292
670,21.23705412839937
671,22.451538110171036
672,21.812340820062424
673,22.255745374723528
674,23.17794359366887
675,19.50245135390772
676,22.832511339581195
677,22.65138679770169
678,26.13059003079382
679,23.01317518497992
680,20.556017197799115
681,4.612429190089021
682,5.571460724842689
683,5.640457633102438
684,5.628481259846961
685,5.511917118648561
686,2.90999247180275
687,3.0902805921064127
688,3.1791503704545514
689,2.9975037958176136
690,2.8417139563863327
691,3.124139657259317
692,2.9417050273621763
693,3.113901093051032
694,3.1795084056475655
695,3.1058074744129947
696,3.1255816765105164
697,3.090268062129347
698,3.1581504305519603
699,2.885076681062871
700,2.8848772266997544
701,3.0562610733892432
702,2.8453633278232173
703,2.842137848595555
704,2.9483292502967764
705,2.9174505056129934
706,3.0392414757171635
707,2.88844587206317
708,3.1074470854988485
709,3.1041919154683937
710,2.8592435206623907
711,2.822361865764252
712,2.9100429991272714
713,2.950249413377607
714,2.852397540496219
715,2.900007770784878
716,2.908714724593267
717,2.851266523936032
718,3.2282568047928684
719,3.3337594595944395
720,3.3978898409488636
721,3.357534398433467
722,3.387809545459786
723,3.368596957925916
724,3.3566490616901725
725,3.2776576169433467
726,3.3732233120146695
727,3.380231711029023
728,3.393420822032537
729,3.3467184059275388
730,3.358546901724292
731,3.3558928907216945
732,3.3758682964945708
733,3.375888666846084
734,3.3766944961400087
735,3.4013495068901456
736,3.379081672051287
737,3.358186244274242
738,3.3456249934182707
739,3.271272309366039
740,2.931076586536742
741,3.219157361197089
742,3.3811868621505745
743,2.997325450682024
744,3.191866412881621
745,2.9215221000690237
746,3.39362707481307
747,2.767512150714122
748,3.2993346975773195
749,3.1317202539642777
750,2.9742505444849083
751,2.9891914251811578
752,2.8857607897667714
753,3.020639326234685
754,3.3668797324402977
755,2.888347634685039
756,1.6918401927432054
757,2.5110508538488756
758,1.751801543174318
759,2.658716672321095
760,-1.7263675901999913
761,-1.319302238342146
762,2.9687471664010205
763,3.1096871903418766
764,3.0017113885080673
765,3.0254807675504187
766,2.960579690988827
767,2.9355662165795087
768,2.754483139640944
769,2.832580380266525
770,2.848609091131002
771,2.812982586260813
772,2.7057605845123223
773,-0.6286207994531943
774,-0.9500339968805118
775,2.8707326179271373
776,2.8598040093302872
777,2.8113626660973727
778,2.7406010227766497
779,2.7351543525254978
780,2.6658676700950306
781,2.7599649204169174
782,2.8424833524250492
783,2.8147582200376817
784,2.7775122616139427
785,2.7998599375891278
786,2.8758570394846843
787,2.719367690500449
788,2.8780504412804664
789,2.7804015952098187
790,2.751310359302515
791,2.8324221563933527
792,2.943482423272499
793,2.814476551562019
794,2.857072945907736
795,2.854868155485157
796,2.7416522156389376
797,2.850142969044887
798,2.7651165406311162
799,2.8628536441708277
800,2.9026424810860183
801,2.753974483604384
802,2.8172389513572544
803,2.71150442875427
804,2.7461234821296134
805,2.666935416604793
806,2.3293674758340397
807,2.4362125239383507
808,2.493331601732198
809,2.5077858389172247
810,2.070266231119554
811,2.1849927725889025
812,2.239988566909669
813,2.727906633719666
814,-1.305301819823586
815,2.5205164326514886
816,2.3412333079770877
817,2.404513094084096
818,-1.7802373825056566
819,-1.5628677989237452
820,2.1054722636077488
821,-1.7566469046436213
822,2.0068868327810936
823,3.294402731098803
824,3.1273541377429295
825,3.0294404881958292
826,2.999884912603196
827,1.8428867001304017
828,2.9362408304865206
829,2.5528625676892975
830,2.5315299552513655
831,2.804832092412597
832,3.1444586086628554
833,3.3340588039610415
834,2.886995943136791
835,3.2125016863320752
836,2.761604283666112
837,2.964763727300787
838,2.9414992626339065
839,3.099472996790216
840,2.993925522417729
841,2.850514382548197
842,2.8711293895400045
843,3.027367764633381
844,2.9712001181159753
845,3.0961652838485776
846,3.0550791429679967
847,3.0531667500961097
848,3.0417647645253725
849,3.140971905784598
850,2.9428920293721736
851,3.0562907564770874
852,3.0221823273656616
853,1.9626898272933864
854,3.063894049447468
855,2.340899338241181
856,2.7969178555753276
857,3.9203236968180146
858,4.3358602052825495
859,4.028499801972321
860,4.286203511546262
861,3.710151644882499
862,3.681887135258609
863,4.516114025623985
864,3.86665427443866
865,4.566275015531989
866,3.9466526999373523
867,3.424722216920093
868,4.560878675454535
869,3.9221509491853705
870,3.4061811248798786
871,4.378837420723391
872,4.226555904097672
873,4.020196220052807
874,3.7532469942422146
875,3.2574985258920375
876,3.7769224826071954
877,3.4287593018402225
878,3.8451992270341093
879,3.4504280864277685
880,4.014743306491612
881,3.36917434643801
882,4.092987315111085
883,4.056864806409539
884,3.0434336057810425
885,4.011947329848827
886,3.8904593284400693
887,3.9633365371252927
888,3.178946495627895
889,4.028727950199116
890,3.7019391973942732
891,3.2209212270875622
892,4.070811194346579
893,3.2287346236809866
894,4.039217876223273
895,3.728404431529312
896,3.4079955298761258
897,3.6461544592053756
898,4.055849065797981
899,3.381699442639796
900,3.3253360802737393
901,3.7504415580549697
902,3.189989069285031
903,3.321079331956729
904,3.2438427570810493
905,3.5037326112054803
906,3.29325231669388
907,3.7545735457449334
908,3.3522258261990414
909,3.299424168712314
910,3.2639636252049415
911,4.0760615744447595
912,3.7828518055463562
913,4.057266564131145
914,4.113401884954469
915,4.090273685681045
916,4.103716018058762
917,3.948902909677475
918,3.537242180641358
919,3.0166378911204514
920,4.106778479341521
921,3.2302622952059035
922,3.0653208532033456
923,3.0942255949655184
924,3.6518166955094893
925,3.8789480900447924
926,3.8072680197878137
927,4.120664443212164
928,3.8226501888379087
929,4.002459736030525
930,3.5361654585995366
931,3.6184898814486486
932,4.0988744746263155
933,4.087806820199057
934,3.1973526617581376
935,4.095720676397076
936,3.441204551869192
937,3.3288612402578344
938,3.8486929787175654
939,3.485326322933025
940,3.7970595694908074
941,4.009827596873642
942,4.113677186631622
943,3.5980815469325096
944,4.089437676186316
945,4.114199329654524
946,3.3767768591548366
947,3.8525169695850403
948,4.111312684181745
949,3.820271763681469
950,4.088463681116377
951,3.674631942085113
952,4.099189141561231
953,3.0274683921024383
954,3.858023458572191
955,3.6295385918022065
956,3.804664678535179
957,4.10371847117834
958,3.2290676203323962
959,2.3259363053077458
960,-0.5184626397910113
961,2.684745419124357
962,2.5760106517831387
963,3.200663169850907
964,2.485492305377579
965,2.8295174427610292
966,2.7091828980379082
967,2.6466643429796917
968,2.6855938200607214
969,2.6939818704445315
970,2.723542917207884
971,2.696231150351374
972,2.5966944181849696
973,2.9410502347952843
974,3.0842405898262406
975,3.1088284435393305
976,2.764799954089056
977,3.0309670615392776
978,2.6784062414687333
979,2.6869873402974638
980,2.5542407311632216
981,2.692693320562065
982,2.6779430328109597
983,2.7997031033265554
984,2.765165279546026
985,2.699039243378828
986,2.435756489334965
987,2.5383979441841795
988,2.691610274235427
989,2.5465763475799315
990,2.558946715991856
991,2.6909058247769013
992,2.9984769384767525
993,3.089230877760964
994,2.4518699651224916
995,2.6937202381223115
996,3.180401980940127
997,4.225555501933991
998,4.017641940739342
999,4.089363412975107
1000,3.968662648681039
1001,3.0985539738872148
1002,2.4363755521334727
1003,3.285026544223289
1004,3.2095673818743884
1005,2.81279377018126
1006,3.3553510949051875
1007,3.4533806282269
1008,3.625329174063119
1009,3.578589711502141
1010,3.6040857367095773
1011,3.152071122627655
1012,3.6635000910862843
1013,3.6720490960321928
1014,3.5990575314593913
1015,3.528321573998518
1016,3.2401346540294163
1017,3.6814617199593798
1018,3.1889327381999513
1019,3.576134941472663
1020,3.5585961328475584
1021,3.41136450684706
1022,3.6217259905420702
1023,3.607900543545795
1024,3.25207723832078
1025,3.576825677068395
1026,3.2473929298307933
1027,3.5370428169922112
1028,3.498940159583791
1029,3.6082494537741274
1030,3.6122106992884957
1031,3.68668781221357
1032,3.2398681961471665
1033,3.2561919755484654
1034,3.1999731973203667
1035,3.23614840890626
1036,3.2681684098940553
1037,3.2362679544285653
1038,3.2257449870402715
1039,3.6104774291372177
1040,3.590428595856425
1041,3.2026709413465575
1042,3.6534122258109702
1043,3.22903482569379
1044,3.2372875749506687
1045,7.510494143778361
1046,7.624346645859755
1047,7.609441029431114
1048,7.535868111508264
1049,7.626944492097763
1050,7.626400154761311
1051,7.59886035860468
1052,7.621395910264265
1053,7.613942304324736
1054,7.621385130249657
1055,7.620937710182913
1056,7.597184390288486
1057,7.68546758316602
1058,7.681660985400129
1059,7.629750545028075
1060,7.481718244360449
1061,7.628788981548797
1062,7.621315209239263
1063,7.625826336444625
1064,5.994945219729261
1065,7.306248076053883
1066,7.698234137411738
1067,6.700237501755522
1068,6.627051486510822
1069,7.185668118624348
1070,6.922253096500452
1071,6.745149318918118
1072,7.115351676765703
1073,7.277838906331487
1074,7.282771630643793
1075,7.45178178845437
1076,6.552895001778495
1077,6.427616773526192
1078,7.055615002576787
1079,7.6259271272366576
1080,6.480767241532835
1081,6.620906124754029
1082,7.614528514163692
1083,6.724402411308828
1084,4.416947519744628
1085,6.419318186547393
1086,7.784344648936939
1087,7.1987375845865795
1088,6.011420778311197
1089,7.108734961637039
1090,7.637403023234669
1091,6.7427453581502395
1092,6.0189750998852904
1093,5.8407097457065165
1094,5.5662998526142555
1095,5.928133784151218
1096,6.6448502547164425
1097,7.203287005171868
1098,6.691672877251101
1099,6.580216642771052
1100,6.433271665177092
1101,6.89383655058402
1102,6.306361324086455
1103,7.0965093462176965
1104,7.705348154459654
1105,5.277687135253976
1106,4.953060379875101
1107,7.208670874645304
1108,6.4870913125076965
1109,-0.8104294900249933
1110,-0.7432167020038606
1111,-0.8294881879578826
1112,-0.7964557720600569
1113,-1.1926605507753565
1114,-0.7082161961312432
1115,-0.8276940716767229
1116,-0.7114843303659069
1117,-0.603242892115557
1118,-0.8226034518156478
1119,-0.7992790304154288
1120,-0.6756674156945115
1121,-0.6649990676109774
1122,-0.9025799080019336
1123,-1.1712305967374261
1124,-0.7799591904639301
1125,-0.8384254390767393
1126,-1.0215778605613277
1127,-0.8217178153970137
1128,-0.8142800711847233
1129,-0.783216842057548
1130,-0.7699499152777118
1131,-0.7030590137827586
1132,-0.7795660343583598
1133,-0.7977912715113329
1134,-0.7670988797035379
1135,-0.8769015815295289
1136,-0.8711815378701896
1137,-0.8450208960530314
1138,-0.6491768935939407
1139,-0.8371506808827557
1140,-1.1900008871692083
1141,-1.059230365665522
1142,-0.6881697018616362
1143,-0.7260143750781196
1144,-1.1312477111588921
1145,-0.6758697833974266
1146,-0.8085448213338251
1147,-0.7237690165057444
1148,-0.9251660805504045
1149,-0.8634320882591204
1150,-0.7354652343889778
1151,-0.6977431791068636
1152,-0.7986852419886773
1153,-0.8020474417434666
1154,-0.7230170873162873
1155,-0.8068779255202965
1156,-0.7350907380258169
1157,-0.7318033973579801
1158,-0.8691723483739231
1159,-0.8293352311245699
1160,-0.7877853153895131
1161,-0.8805399052487879
1162,-0.6698804233533574
1163,-0.7083401524614887
1164,-0.6813977844638675
1165,-0.8648471413152387
1166,-0.8378885954730142
1167,-0.7543678958339393
1168,-0.8055105746157429
1169,-0.691708624933941
1170,-0.7600311707010796
1171,-0.7619269473275008
1172,-0.8209900655852967
1173,-0.5974912590542778
1174,-0.7002584575964956
1175,-0.9780405356543473
1176,-0.760176814647083
1177,-0.870878896114184
1178,-0.8193189748518502
1179,-0.8324595789486036
1180,-0.8074374278481493
1181,-1.1577864823840704
1182,-0.7994172881686306
1183,-0.7292884354016131
1184,-0.8263046625111883
1185,0.5179638904166247
1186,0.574101258775957
1187,0.39648176942353097
1188,0.7176429619999116
1189,0.5638980332932122
1190,0.4591087925797577
1191,0.4780157089759601
1192,0.6645502413876444
1193,0.790599997661154
1194,1.0356781048567514
1195,0.2848834136092732
1196,0.501111977645117
1197,0.8301313593430031
1198,0.2060432124164371
1199,0.8656127856815492
1200,0.32072228784640155
1201,0.5433426676954064
1202,0.7536775367766781
1203,0.6761467050174839
1204,0.6559017633458593
1205,0.5456400291409803
1206,0.5680222904036671
1207,0.26458258021741377
1208,0.5186804999969087
1209,0.22109221966650094
1210,0.3733150138672903
1211,0.4604651491050201
1212,-2.24101411707191
1213,0.08711096627343602
1214,0.08009299359993335
1215,0.7198377781790586
1216,-2.4474691760816656
1217,-0.24050265703623896
1218,-1.9282035516746046
1219,-0.13656186255201552
1220,0.8099122732630128
1221,-2.0661297386176725
1222,-1.961995113814666
1223,-0.14104957837018567
1224,0.42378965883415687
1225,-2.0868527287349665
1226,-2.1514477026096577
1227,0.16361085869275507
1228,0.054491306126568065
1229,0.45422487505197207
1230,0.019068858937706212
1231,-0.08433952162552268
1232,0.5521813071408559
1233,0.009632803668017012
1234,-2.0330346544138775
1235,0.5468342609210413
1236,0.20080536775158492
1237,0.02701303323733332
1238,1.7234171346212674
1239,0.6755202824707871
1240,0.39273191906095356
1241,-1.94297919008409
1242,0.5717077471302325
1243,0.42709593064258355
1244,-2.366523360142028
1245,0.2764260828114853
1246,0.5110450996636666
1247,-0.010529851581739719
1248,0.9672842147659942
1249,0.6985667614059434
1250,-1.9903488336040038
1251,0.35718730764103784
1252,1.7808351351260308
1253,0.32959347044546117
1254,0.4028033944993844
1255,0.05530851240813382
1256,-2.0184599039841378
1257,0.16746754133463573
1258,-0.12445687683090428
1259,-2.289711865322098
1260,0.28233679759972286
1261,-0.13328409545967201
1262,0.7366070239098046
1263,0.51008495094678
1264,-0.13584583617203555
1265,0.1170418363303459
1266,0.323045868959876
1267,0.6835674115183552
1268,0.19529430150187804
1269,-2.38942233588629
1270,0.8262137707304128
1271,-0.059099242038262376
1272,0.4293959812876509
1273,0.6777503489530998
1274,0.3514454026444209
1275,0.07012794641540189
1276,0.5868367529290376
1277,-0.015346152800356179
1278,-2.464241452818741
1279,0.49520038110173614
1280,-2.422244905674872
1281,1.1768721410807057
1282,-2.42478520256488
1283,-1.8276144749081213
1284,-1.9606354612394583
1285,-1.6897515367896854
1286,0.3204577835895843
1287,-0.07501152114087378
1288,0.07532277956309649
1289,0.2087526127225038
1290,0.24821750656423153
1291,0.17299112887281448
1292,0.40863362063684544
1293,0.09818182733655528
1294,0.080755971744145
1295,0.2686943617318332
1296,0.41786644944032997
1297,0.2584326724127124
1298,0.11679588361137144
1299,-0.23698562351452818
1300,1.7290617695346604
1301,0.17025250897217484
1302,0.30456476202317895
1303,0.7109584195293284
1304,0.10118854111164124
1305,-0.12380213493800468
1306,1.7886535481080441
1307,0.5875633392836261
1308,0.620944955938382
1309,0.3661447024495675
1310,1.5850641642091232
1311,0.0573003124803803
1312,0.5025407024265254
1313,0.2961131484173761
1314,-2.2569880872444754
1315,0.037553430330927784
1316,-2.372805436793291
1317,0.6096897961997166
1318,1.1453065331713903
1319,-2.375005237845239
1320,-0.07875706954539019
1321,0.28842487339698286
1322,0.1245851363504134
1323,-0.12171595644371525
1324,0.3002708550621693
1325,0.3243877639950321
1326,0.027256726450273133
1327,0.12861621068054227
1328,0.5159648702939355
1329,-2.2476442986259952
1330,-2.449690475301692
1331,0.1997876608227132
1332,0.3665914640196821
1333,0.2829757406928251
1334,-0.0026505954684379954
1335,0.34163731730550057
1336,0.48704095638073786
1337,-0.003473262242064852
1338,0.3289321186084154
1339,-2.3004593183943793
1340,-2.3636403833304356
1341,-2.060136452002147
1342,0.634211084651447
1343,-2.360588150978507
1344,-2.1702813806598513
1345,0.5962834419756873
1346,1.1943960873247976
1347,0.2825975699737468
1348,0.5025866807706353
1349,0.4638097822965402
1350,-2.069837223364244
1351,0.46458249572141896
1352,0.7413493267326623
1353,0.08245864693166384
1354,-0.13979441572732584
1355,1.1840861156745988
1356,-2.1051339690336786
1357,-0.05364028529175691
1358,0.6031822402266716
1359,-2.3518657922003086
1360,-2.2036975057233166
1361,-0.004696565972116651
1362,0.34603953684293676
1363,0.22814823051039712
1364,0.3068916084922775
1365,0.6557915700688037
1366,-0.20587266925055264
1367,0.701348042431531
1368,-0.1697381741232142
1369,-0.12933659672423997
1370,0.6010570995068354
1371,1.0770782390556628
1372,0.9577978019109874
1373,0.3799827430517943
1374,0.28833081726815213
1375,0.18083461879386273
1376,1.07377462549788
1377,-2.114537239288143
1378,-2.0912746795531887
1379,0.076916389710125585
1380,0.6290071245802666
1381,0.18089484563361904
1382,-2.374825611163109
1383,0.4541770284899165
1384,0.31407739354482817
1385,1.1493782024568566
1386,0.31856762009823875
1387,0.36465206369431885
1388,0.26769695119029185
1389,0.12300524934764635
1390,-2.352788135025658
1391,-1.8738663763718209
1392,0.3687591134059335
1393,0.4921745554205517
1394,0.9673848920960446
1395,0.7994738863478217
1396,1.1062951158531502
1397,0.65488321323716
1398,1.3729419035670074
1399,1.3487236729156504
1400,0.9685352415154465
1401,1.2286995575801343
1402,1.362741059355734
1403,1.3004985665588014
1404,1.1101076051615557
1405,1.2474560833413506
1406,1.056331980090007
1407,0.6820489388469285
1408,1.2997855886248584
1409,1.1378337636712028
1410,0.9614777165778454
1411,0.9097159166907689
1412,1.216782585648088
1413,1.188343677985014
1414,0.8273906171008539
1415,0.9058276228001749
1416,1.3713206157202156
1417,1.3351220127834789
1418,0.8408304702184888
1419,0.6496213916750465
1420,1.2598625418194775
1421,2.0721716415546836
1422,2.0789035880079787
1423,2.117937656760595
1424,2.0820309953893026
1425,2.322910677483864
1426,2.270086429124169
1427,2.094163489989075
1428,2.2453421669230877
1429,2.1726279998751608
1430,2.315246155763301
1431,2.090726521331675
1432,1.9432865562883213
1433,2.0813625619524316
1434,2.0821090194327168
1435,2.0932807904963
1436,2.070861808509303
1437,2.0822965709560495
1438,2.0792387014839337
1439,2.071408114798426
1440,2.293244012631922
1441,-3.915947175979176
1442,-3.6497723459685902
1443,-3.9659215643459387
1444,-1.1272384572990373
1445,-3.628819901774142
1446,-1.13100534606176
1447,-0.9457714431821089
1448,-3.9610183187123638
1449,-1.1612121545819254
1450,-1.1595119896602473
1451,-1.1495719857249256
1452,-3.941022282491272
1453,-1.148936919097531
1454,-3.9391376563414138
1455,-3.8616758299589753
1456,-3.851677047330097
1457,-1.1454154464785
1458,-1.1645640243717208
1459,-1.1412613430177196
1460,-1.154122970438883
1461,-3.922363039231168
1462,-3.9830208194214176
1463,-3.723449882442032
1464,-1.1513519916715054
1465,-3.747250503498368
1466,-1.159000767466162
1467,-1.1417611897066684
1468,-1.1447698356719662
1469,-1.122539629499091
1470,-3.810165326058406
1471,-1.1193026509684614
1472,-1.1416293687431955
1473,-1.1329835281769587
1474,-1.1592995061483125
1475,-1.1545692591887962
1476,-1.151200598443554
1477,-3.8894438902361963
1478,-1.0594377984518402
1479,-3.449567662103755
1480,-3.706323771482433
1481,-1.1078573236521636
1482,-1.1967255469619167
1483,-1.120755594456745
1484,-3.6473109949451565
1485,-0.9499384503658908
1486,-1.1541784344299946
1487,-1.1601340211104405
1488,-1.1351151250194733
1489,-1.1554070235811382
1490,-1.0737122049665873
1491,-1.1732271301614767
1492,-3.9721555133794197
1493,-1.103499182535324
1494,-1.152728523184286
1495,-1.1066858256017664
1496,-1.098768874574747
1497,-1.0754575830442583
1498,-1.122955803437617
1499,-3.8705494192439023
1500,-3.9351981865118812
1501,-1.148269448392284
1502,-1.1675205294526632
1503,-3.8758671014832524
1504,-3.9531567326647825
1505,-1.164822024368271
1506,-1.1472721272359776
1507,-3.942946089125359
1508,-0.9520238561638246
1509,-1.1617411945598506
1510,-3.8786858049268274
1511,-3.8921617537040984
1512,-1.1192589334703484
1513,-1.1465623052699028
1514,-0.9604352996756788
1515,-1.154844742043891
1516,-1.129278784118433
1517,-3.6399301023417974
1518,-3.891214857105573
1519,-3.4189483751030787
1520,-1.160539132508168
1521,-3.7089522072532817
1522,-1.1527680257473139
1523,-1.1003954617732679
1524,-3.8828737732955907
1525,-1.1811909698342755
1526,-1.1886222153419483
1527,-3.862774527700477
1528,-1.055965872212939
1529,-0.923779461150956
1530,-1.161399227178514
1531,-3.878000710166278
1532,-0.42474269025726574
1533,-0.7086472116989699
1534,-0.049635373428033536
1535,-0.39229932835000153
1536,-0.06116833012641215
1537,-0.29351073323080423
1538,-0.7158670906167882
1539,-0.4209613558878628
1540,-0.15981707738289652
1541,-0.20170590656937887
1542,-0.5194193061787252
1543,-0.46183897312918354
1544,-0.5668824091500833
1545,-0.5561390432415749
1546,-0.6576046858782448
1547,-0.782398784353638
1548,-0.518461605156667
1549,-0.2673598696342957
1550,-0.6410968219610088
1551,-0.31154808405596723
1552,-0.5434208899330338
1553,-0.13875723358250883
1554,-0.027096774876416346
1555,-0.3414964972397722
1556,-0.5019317842178956
1557,-0.4691982597414053
1558,-0.40657841042400183
1559,-0.47673584451774825
1560,-0.5330091911687871
1561,-0.055716708626738
1562,-0.21530534142521107
1563,-0.40256160467506624
1564,-0.6592326000250068
1565,-0.7027965717451288
1566,-0.4074329473745407
1567,-0.6013168391330715
1568,-0.3487094516481095
1569,-0.12059593665180723
1570,-0.07832389689255362
1571,-0.5064730796618802
1572,-0.3028189403743201
1573,-0.257474090098865
1574,-0.15627220712454282
1575,-0.24515602551056306
1576,-0.13641244684239173
1577,-0.487170022746481
1578,-0.1541505822200605
1579,-0.6037003338783928
1580,-0.11175584249374357
1581,-0.5910686137511518
1582,-0.40615055551951273
1583,-0.27177400156676634
1584,-0.13410504308995347
1585,-0.4297339647318043
1586,-0.6026212802270222
1587,-0.11795151849316943
1588,-0.3952150549572353
1589,-0.6025545283839452
1590,-0.6076473086908944
1591,-0.15295186538125713
1592,-0.22261303429434084
1593,-0.5960338522212959
1594,-0.7201324080338982
1595,1.7292059487961633
1596,1.804616849204613
1597,1.8553187643677012
1598,1.8412459056779427
1599,1.7446868882033346
1600,1.7958955575283058
1601,1.564037531110247
1602,1.8479556786727187
1603,1.7963837411392505
1604,1.8443515491576534
1605,1.785874149588925
1606,1.827756680085605
1607,-1.4757610550691413
1608,1.8503049182951945
1609,1.7382297890994884
1610,1.7586478966810488
1611,1.4477674651572479
1612,1.8556336974888685
1613,1.8356747406675293
1614,1.4468372970561298
1615,1.8216957797613371
1616,1.8169755024385787
1617,1.8053451319114375
1618,1.6985829445123801
1619,1.7414392550697202
1620,1.8474818686108976
1621,1.8613965899845466
1622,1.7775974441781237
1623,1.8353153767686572
1624,1.8594664337347935
1625,1.8144600846147396
1626,1.8430480644728955
1627,1.7514974472171683
1628,1.7052482940018658
1629,1.8511480942462764
1630,1.8465913606816695
1631,1.7895053991037262
1632,1.843506169095805
1633,1.808757709141572
1634,1.8660647271300852
1635,1.8261342385337893
1636,1.6506219408669036
1637,1.8476801174514916
1638,1.73939676359105
1639,1.6597192448013007
1640,1.842738079674343
1641,1.817138222365807
1642,1.4090258553349757
1643,1.7873226775098106
1644,1.8449901029823974
1645,1.8233572841205354
1646,1.8725754785420712
1647,1.7983939306459509
1648,1.7027864290012973
1649,1.7760760559629314
1650,1.674627469875678
1651,1.6597549718072853
1652,1.8323999855027227
1653,1.860162602967158
1654,1.8143538957176912
1655,1.841644394983613
1656,1.9187942835041527
1657,1.8170924224724951
1658,1.8086825365712818
1659,1.8561397346811406
1660,1.8760055990652882
1661,1.5366121130816028
1662,1.809450801233865
1663,1.811897761713146
1664,1.7998565721281354
1665,1.855127623162507
1666,1.814876232924738
1667,1.8801721966311908
1668,1.5459629913973374
1669,1.8027198345075552
1670,1.7599905999435759
1671,1.8778543703284605
1672,1.8793390761395226
1673,1.8440723449087935
1674,1.7048954296272094
1675,1.7056635159233884
1676,1.7549445199326783
1677,0.8872142091737549
1678,1.6176404076329758
1679,1.7490274262861345
1680,1.3034101955938402
1681,0.746447210713274
1682,1.735734303337113
1683,1.6800650751718746
1684,1.726874285018554
1685,1.16703422311933
1686,1.7374973608719486
1687,0.9113468115843889
1688,1.172779521453867
1689,-2.567401373069667
1690,-2.5351157761975385
1691,1.683318725993634
1692,1.7457511691606495
1693,1.5653330947466968
1694,0.8887913884134219
1695,0.8448970613457744
1696,1.6013191099961392
1697,0.7694588427020197
1698,-2.365818491121913
1699,-2.3123848959386826
1700,1.6093889208157985
1701,1.664653249394535
1702,-2.305543275424985
1703,1.6939217037715504
1704,1.6733580805856543
1705,-2.5740314305198333
1706,1.650963599465426
1707,1.6831357199435355
1708,1.776958026692852
1709,1.3044478224644145
1710,-2.3901150115790517
1711,-2.4302390638321216
1712,1.773129162832613
1713,1.7030349097065933
1714,-2.4898327733644545
1715,-2.572671641552985
1716,1.409805972442691
1717,1.6581573447978275
1718,1.333117712693638
1719,1.9859928315593658
1720,2.0047229334309886
1721,1.913474476367661
1722,1.9186207425486193
1723,1.9711402922973478
1724,1.9104551629871573
1725,1.9831839673917409
1726,1.8588756836026268
1727,2.027180979978036
1728,1.909279582878772
1729,2.024177722152054
1730,1.9929781335067547
1731,1.9094303979028244
1732,2.0064829337854184
1733,1.6521576019853497
1734,1.9541375927649463
1735,1.967066479035409
1736,1.992505227686386
1737,1.916949502941018
1738,1.8841783042615687
1739,1.9682668983222684
1740,1.874025405322051
1741,1.9217364739178187
1742,1.9064188335233334
1743,1.4866066362295036
1744,1.4088515238385488
1745,1.423563794081431
1746,-2.13554445942595
1747,1.5212241775379112
1748,1.0371748445093063
1749,1.4626965343543281
1750,-1.401767094005244
1751,1.1750093753570312
1752,1.4882635611512374
1753,1.4829064950615152
1754,1.5298245647032922
1755,1.114458634602306
1756,1.5322972231698913
1757,0.9850714483698151
1758,1.1061590433519464
1759,1.4085255151155678
1760,1.4137349200306262
1761,-3.5948069499697985
1762,-2.3911296062431693
1763,-2.6721887347301436
1764,-2.942953199375605
1765,-2.615187686033529
1766,-0.7246194708522027
1767,-2.463888470118244
1768,-2.425093251843717
1769,-2.940934937471099
1770,-2.712588111761236
1771,-3.2018270409197354
1772,-2.9294575616396292
1773,-2.6908078164116462
1774,-3.0430693004419305
1775,-2.9766951402457615
1776,-3.5738333390526167
1777,-2.8962473194484946
1778,-3.4408580517431173
1779,-3.390734401034112
1780,-2.70487654307942
1781,-2.8482984021399975
1782,-0.6877781347790562
1783,-2.976698181205279
1784,-2.4916773922763897
1785,-3.6257473144095433
1786,-2.4220295873374296
1787,-3.0399791509645446
1788,-3.315335820156227
1789,-2.793415746691857
1790,-2.5442308897658297
1791,-3.283449545225353
1792,-2.6497939075203307
1793,-2.3040822850976075
1794,-2.850578134051897
1795,-2.410186905694527
1796,-3.381768747657293
1797,-2.582689624812173
1798,-2.7997447840203202
1799,-2.555512429942854
1800,-3.4342059702724765
1801,-0.8233467539231105
1802,-2.879573281503065
1803,-0.8674863149634726
1804,-2.6218145246068656
1805,-3.835028620778331
1806,-3.133963759300937
1807,-2.9232284844502705
1808,-2.7711908854548546
1809,-2.393800680498963
1810,-2.462122169677407
1811,-0.7277643853596273
1812,-0.7029052027270222
1813,-0.17418137840164208
1814,-2.5929663435242407
1815,-2.665000468923617
1816,-2.478104572209035
1817,-2.8083549913959214
1818,-2.9784399231371883
1819,-0.8584229307616356
1820,-2.8937977839413924
1821,-0.29238739454619384
1822,-2.5881178525897717
1823,-2.4196731149709403
1824,-2.73626356027606
1825,-3.3156859155698606
1826,-2.485971183096747
1827,-3.149065488623729
1828,-3.1272331668907922
1829,-2.636613742392259
1830,-3.093129186578589
1831,-3.423406969574966
1832,-3.4061717610621853
1833,-3.6048068955250927
1834,-3.334162138732236
1835,-2.660643792994871
1836,-3.4662732786735524
1837,-3.371189937213935
1838,-2.4421381664139585
1839,-0.7102757339888913
1840,-2.910688579637884
1841,-3.39622530181035
1842,-3.0300853957426264
1843,-2.8085386867342983
1844,-2.5850393240326937
1845,0.590267819105991
1846,0.09855320499129147
1847,0.12549416216439066
1848,0.37568957671739844
1849,0.23292837097025745
1850,0.6326917014538347
1851,0.3612370436236787
1852,0.2652903008550109
1853,0.5532566078536949
1854,0.1543486044426235
1855,0.6946420701254855
1856,0.6103541071876727
1857,0.7770097934498793
1858,0.034171436798890925
1859,0.41612214469250525
1860,0.35328544105785986
1861,0.424053754487192
1862,0.09844385599540455
1863,0.06778817056946757
1864,0.7155580200602042
1865,0.9534390897501075
1866,0.1980662042727322
1867,0.8370377041149942
1868,0.3822453546566216
1869,0.8066668992354089
1870,0.32766857378981157
1871,0.20230939853589783
1872,0.3094085465819416
1873,0.4270948564665098
1874,0.6004255045229984
1875,0.12251881980886076
1876,0.5176790467035708
1877,0.0954359341554591
1878,-0.03850240544659156
1879,0.22102399114920473
1880,0.6173849662772393
1881,0.44116106152960943
1882,0.3668448125995367
1883,0.15895053347374738
1884,0.44644505075382085
1885,0.6075982074842428
1886,-0.06455376106932503
1887,0.7051366237208562
1888,0.5889178378975086
1889,0.2502795663298352
1890,0.7368270820729715
1891,0.054850790023277966
1892,0.29270292689636507
1893,0.482431025490431
1894,-0.15702680602110378
1895,0.3388567972850732
1896,0.1964298185522615
1897,0.47755638896344654
1898,0.033815408842836375
1899,0.7776044087527332
1900,0.6087947023803455
1901,0.27012787444363134
1902,0.09315736802070947
1903,0.2309403467455501
1904,0.23567458047568865
1905,0.20213116936850123
1906,0.6938706909225503
1907,0.6127904717160132
1908,0.6212059470957397
1909,0.21417916220663902
1910,0.26587097252709063
1911,0.2560411726681373
1912,0.21962723061933037
1913,0.4026981911122286
1914,0.772703482364061
1915,0.7778614467365883
1916,0.1899398813807638
1917,0.8164831965180858
1918,0.808740178787843
1919,1.0365393820795545
1920,0.41954397778998526
1921,0.2297144446836064
1922,0.6675821681557108
1923,0.4203465701147065
1924,0.670283515804907
1925,0.24750171322723197
1926,0.09918018597765339
1927,0.6132700589990336
1928,-1.628192179429181
1929,-1.6776914435332488
1930,-1.5811556676353626
1931,-1.73515635191248
1932,-1.857667044686615
1933,-1.8843467683167674
1934,-1.7435569571593406
1935,-6.613684191483099
1936,-3.979619582040973
1937,-4.039225669741487
1938,-3.8013928889551316
1939,-3.8239809356043337
1940,-3.4887779637660463
1941,-3.9411400830653656
1942,-3.9960640094721995
1943,-4.033303115256126
1944,-3.85210754352541
1945,-4.017356769626103
1946,-4.0249121140378055
1947,-3.8283030800063935
1948,-1.8617085853822475
1949,-2.062044018043553
1950,-2.0485743864703108
1951,-1.817319471520021
1952,-1.8286958982387165
1953,-4.672117857226128
1954,-1.7101248793280075
1955,-1.813508994907844
1956,-4.689885241162719
1957,-4.845514558185421
1958,-1.8288104736252002
1959,-1.7223283124670985
1960,-4.688241959285469
1961,-1.7266479780001873
1962,-1.794656290894875
1963,-4.8227666304204595
1964,-1.7949631493152924
1965,-1.99708371268152
1966,-4.6981011235718
1967,-1.7472051340631545
1968,-1.904651282470828
1969,-1.8581869340237647
1970,-1.9015828527526573
1971,-1.8447610691853447
1972,-4.709387436645831
1973,-1.8159017907925845
1974,-4.676219190387397
1975,-4.698882945343751
1976,-1.9408774001913656
1977,-1.9216426653575218
1978,-1.8221713985558754
1979,-1.842191210096079
1980,-1.8840051099740103
1981,-1.889012492232003
1982,-1.917980155421657
1983,-1.8003389386283857
1984,-1.767256962504101
1985,-1.817053100137711
1986,-1.9212806087645569
1987,-1.7278162873815914
1988,-1.7958621575090976
1989,-1.912254569013973
1990,-1.8430358726263718
1991,-2.036758523312331
1992,-1.833465785272673
1993,-1.8187865986978462
1994,-4.692421481334599
1995,-1.8170442061294794
1996,-1.8111959540023732
1997,-1.8576908533207837
1998,-3.5784700603540935
1999,-4.733024474840099
2000,-4.698873694256295
2001,-1.8047198663532704
2002,-1.7935660120250758
2003,-1.8154650305117874
2004,-1.8016197344685685
2005,-1.9113239070450783
2006,-1.7991575375479643
2007,-1.2383700643610815
2008,-1.3069862504312137
2009,-1.3852428253369433
2010,-1.1840889585455696
2011,-1.3173064536957302
2012,-1.2750760315642093
2013,-1.3221121169111285
2014,-1.9847404541050484
2015,-1.9638861285837623
2016,-2.0447333536893826
2017,-2.121347024142808
2018,-1.9684400567131852
2019,-1.1421566085906911
2020,-1.405892794923969
2021,-1.1230245794929303
2022,-1.3076525912727661
2023,-1.3026928785033665
2024,-1.208225464052279
2025,-1.2564496077953082
2026,-1.7198515840666235
2027,-1.2659103466817627
2028,-1.9398705200745379
2029,-1.3076282327661302
2030,-1.5940570926640927
2031,-1.2908467960747751
2032,-1.1763689115092817
2033,-1.2437149025380654
2034,-1.508838250576738
2035,-1.2330287744032704
2036,-1.3429662391543653
2037,-1.1861143705577446
2038,-1.2797862766338337
2039,-1.2732759876087345
2040,-1.294582659568393
2041,-1.239610289657333
2042,-1.265871263097939
2043,-1.210598467576296
2044,-1.2417612562873148
2045,-1.2055537844117645
2046,-1.1179420420795203
2047,-1.167749856887915
2048,-1.1983770882158973
2049,-1.308320128260596
2050,-1.1925107442181615
2051,-1.4180262270932165
2052,-1.2450615866349528
2053,-1.2169161900003345
2054,-1.2186128445129767
2055,-6.70197177114403
2056,-3.095748127941646
2057,-3.4505250440383484
2058,-6.517054332852959
2059,-2.3631493524131892
2060,-3.5368551565247457
2061,-3.3984794096633033
2062,-3.7301765864262375
2063,-3.872494289110433
2064,-6.680257505748648
2065,-3.6537060295934016
2066,-3.9703199596342573
2067,-3.605512817373622
2068,-3.6428104974707685
2069,-2.521554574339389
2070,-2.6955013353752655
2071,-3.2302285231923333
2072,-3.1975414848650625
2073,-3.4786538491782073
2074,-3.875108296856183
2075,-3.4632628706384927
2076,-3.802031919632917
2077,-3.4621021249499018
2078,-3.4708016658552547
2079,-2.3593431149432806
2080,-3.0072330247318395
2081,-1.9638299146239635
2082,-1.2124080445470864
2083,-2.0297539448332094
2084,-1.9408813281116049
2085,-1.9234495247146957
2086,-1.6319289010342892
2087,-1.436548256287558
2088,-1.9883192987557465
2089,-1.3714390662069733
2090,-1.8833714413895324
2091,-1.9607123597260885
2092,-2.0355484308347833
2093,-1.2478503117829784
2094,-1.9441524227675215
2095,-1.9711769003655948
2096,-1.9702559332384735
2097,-2.027754416168625
2098,-1.9379228594737181
2099,-1.244060417940232
2100,-1.3080685820797089
2101,-1.9861676815849005
2102,-1.9650582334022397
2103,-1.9469498669331027
2104,-2.049218011378828
2105,-1.303211622693873
2106,-2.0379926989830275
2107,-1.8794025798392417
2108,-2.0146742955246113
2109,-1.327768469216271
2110,-1.9774970831959129
2111,-2.0029506395414014
2112,-2.060745635824675
2113,-2.065128609846867
2114,-2.0354811145087646
2115,-1.9794301599072976
2116,-1.9214521114318552
2117,-1.6065279497386502
2118,-1.7469660143981365
2119,-1.9157972766770968
2120,-1.286781423371238
2121,-1.270143281540076
2122,-1.2225853868692902
2123,-1.540139171566879
2124,-1.2325906551523724
2125,-2.0334873650815273
2126,-1.1944210516985554
2127,-1.9591120589859046
2128,-1.8048512114979163
2129,-1.9250636769868323
2130,-1.357117454862832
2131,-1.8850672936207378
2132,-1.8835208445858804
2133,-2.040684856927813
2134,-1.8836622832269336
2135,-1.9170826991411156
2136,-1.9211034946789445
2137,-1.9694477361567482
2138,-1.2679655559766572
2139,-1.9587403953544353
2140,-1.980831330956358
2141,-1.9126160667790666
2142,-1.8487122344867983
2143,-1.9607641069488868
2144,-1.8871952687429288
2145,-1.9018393812792516
2146,-1.430827284896982
2147,-2.0554527663504176
2148,-1.4393443560856096
2149,-1.3541413250433871
2150,-1.7370046269004127
2151,-1.9740146025939924
2152,-6.655335305922739
2153,-3.3835518049994513
2154,-3.404726123940441
2155,-3.7343646681363962
2156,-3.6256190380672093
2157,-3.7757822543934605
2158,-3.999530265821845
2159,-3.9695304975044365
2160,-3.839036057704509
2161,-3.626047303983159
2162,-3.7414278771949574
2163,-6.438395046338209
2164,-2.3053473944468306
2165,-6.357357146038817
2166,-2.0938200717926385
2167,-2.0671197376440533
2168,-2.0793517907021783
2169,-2.094474556246056
2170,-2.1037653052031358
2171,-2.0737539361954376
2172,-2.0827918349815224
2173,-2.0883732667827104
2174,-1.5985008418670317
2175,-1.4317982984117577
2176,-1.5169041343274439
2177,-1.6741084509455455
2178,-1.6507773506447558
2179,3.6504199385497555
2180,2.939489787584719
2181,2.9052210759552324
2182,3.5878972277073453
2183,3.5798170352214616
2184,3.879159113762826
2185,3.7582075055429702
2186,4.028705462420112
2187,4.049705726583627
2188,4.0484555483135365
2189,4.04527477859048
2190,4.099949134445366
2191,4.197386451436146
2192,3.3047692371500745
2193,3.1191390707003643
2194,3.594059633715965
2195,3.5944319597892807
2196,3.7368037455006133
2197,3.6745991925576575
2198,3.499042652439607
2199,3.456295375736601
2200,3.515511484252574
2201,3.3937374079624862
2202,3.5161757430165967
2203,3.508953830984218
2204,3.515282172782982
2205,4.184762502475012
2206,4.085798704863442
2207,4.300605199053641
2208,3.6605523279473187
2209,3.5105117753727155
2210,3.611401712867886
2211,3.474362766694078
2212,2.1478997145491863
2213,4.585937894229075
2214,4.600867349642415
2215,4.786323413763589
2216,5.24625267861252
2217,3.7519681386164048
2218,3.5756940073578662
2219,3.5424287992616983
