CVE_MUN,CVE_LOC,CVE_ENT,NOM_ENT,NOM_MUN,NOM_LOC,POBTOT,deci_lon,deci_lat
04008,040080002,04,Campeche,Tenabo,Emiliano Zapata,469,-90.15415055555556,19.824409166666666
23005,230050001,23,Quintana Roo,Benito Juárez,Cancún,888797,-86.8248111111111,21.16141611111111
31004,310040001,31,Yucatán,Baca,Baca,4997,-89.39938222222223,21.109548333333336
31029,310290001,31,Yucatán,Dzilam González,Dzilam González,6169,-88.92974055555555,21.280125
31033,310330006,31,Yucatán,Halachó,Santa María Acú,1512,-90.16353722222225,20.54778166666667
31039,310390001,31,Yucatán,Ixil,Ixil,4115,-89.48121111111111,21.153000277777775
31048,310480012,31,Yucatán,Maxcanú,Paraíso,723,-90.117705,20.6754
31065,310650001,31,Yucatán,San Felipe,San Felipe,2069,-88.23206333333333,21.567598888888888
31082,310820001,31,Yucatán,Telchac Pueblo,Telchac,3496,-89.27126722222222,21.20334888888889
31083,310830001,31,Yucatán,Telchac Puerto,Telchac Puerto,1913,-89.264225,21.343003888888887
