CVE_MUN,tot_length_mun_km
02001,1620.206706141784
02002,790.459741501965
02004,96.92220779790321
02005,151.63312780739557
02006,1964.66791781883
02007,739.0546136704114
03001,959.8780719199789
03002,1050.8819638920922
03003,1145.1203442026913
03008,382.2492138819732
03009,446.8622682254943
04001,261.8679050515843
04002,426.4828058009313
04003,1247.864456390811
04004,821.3708305311527
04005,220.248947111828
04007,136.5916859200257
04008,111.55869747212338
04012,68.98689071457116
14020,243.77882721064987
14022,150.37712142404874
14043,301.2810071824204
14067,185.9156277593496
14100,384.99892311771447
18004,196.3305328269364
18012,131.55246854856765
18015,365.6572402207022
18016,183.37698190004585
18020,130.5600618564173
23001,139.75984516570816
23002,1606.733022882298
23003,40.2553907280507
23004,560.4793344226995
23005,220.10309766222258
23007,243.9012381142095
23008,159.81181773042783
23009,369.69739572556045
23010,784.8858177020838
23011,216.51661930258834
25001,668.469975080288
25002,169.57863742697924
25006,1000.8211294083959
25008,135.16564162319233
25009,133.20601526086372
25010,695.257870579889
25011,579.0242490868269
25012,478.4487759763212
25014,261.50240460131397
25016,281.63213397633933
25018,293.71419873499894
26012,439.4108274049456
26017,1387.3180790134563
26018,814.6614531352361
26025,166.50660680606566
26026,195.02854703676252
26029,1238.1551034344166
26030,2379.3258006661217
26033,372.7861870807742
26047,980.3641740349877
26048,659.3931807847995
26055,331.32898018368155
26071,101.80662318274395
26072,248.72456053312584
31011,204.36952395924106
31026,56.089877863406564
31027,69.3420516690027
31028,106.42417554678737
31029,109.9622914122085
31033,106.61939718830656
31038,166.40449351799649
31039,37.04216466086173
31048,350.2672218147581
31052,87.52145615035167
31059,128.4215302172029
31061,21.79334348053697
31065,102.61735151014064
31068,34.825833447519905
31083,69.40879201581532
31096,514.8182880653839
31106,67.7872344582303
