CVE_MUN,CVE_LOC,edu_pcapita
02001,020010001,0.6530461028513361
02001,020010114,0.6961236732810336
02001,020010124,1.7477696674776966
02001,020010139,0.539347134327291
02001,020010151,1.9206773618538324
02001,020010184,0.7908256880733945
02001,020010186,1.3925686591276252
02001,020010190,1.4329516069449575
02001,020010243,0.6803472770323599
02001,020010247,0.5306481400052766
02001,020010677,6.432835820895522
02001,020010935,0.637385388938184
02001,020011444,3.145985401459854
02001,020011962,9.795454545454545
02001,020012160,4.353535353535354
02001,020012183,0.657474771180474
02001,020014444,1.4247933884297521
02002,020020001,0.5393895474756084
02002,020020110,0.6251410153102337
02002,020020111,0.44393761035903473
02002,020020159,0.6908281389136243
02002,020020185,0.7454011844242964
02002,020020192,0.5098580441640379
02002,020020225,1.0298685782556751
02002,020020227,0.5992353145637818
02002,020020231,0.6754074383618889
02002,020020237,1.3697033898305084
02002,020020268,0.7580021104467112
02002,020020456,0.8215391946628544
02002,020020459,0.6884984025559105
02002,020020461,0.7290481316315547
02004,020040001,0.45012744077386785
02004,020040678,1.1447543160690572
02004,020040679,0.18458244111349037
02004,020041134,2.484149855907781
02004,020041421,0.34516817939135075
02004,020041615,0.25652217041960124
02004,020041883,0.14211630695443644
02005,020050001,0.5523445261275581
02005,020050025,0.7231543624161074
02005,020050028,0.9634873323397913
02005,020050036,1.7627811860940694
02005,020050064,1.1596412556053812
02005,020050089,0.6218339211285668
02005,020050194,1.2192362093352191
02005,020050218,0.8315112540192926
02005,020050230,0.5320987654320988
02005,020050355,3.0785714285714287
02006,020060001,1.5412284392090871
02006,020060022,1.6555697823303457
02006,020060040,0.4588360539389638
02006,020060081,4.204878048780488
02006,020060082,0.29174187725631767
02006,020060085,0.5863945578231292
02006,020060111,0.7714797136038186
02006,020060114,1.849785407725322
02006,020060116,0.48755656108597284
02006,020060121,0.6350687622789783
02006,020060224,2.9453302961275627
02006,020060225,1.0861895161290323
02006,020060248,0.7156496471564965
02006,020060583,2.021575984990619
02006,020060585,0.8240480110467895
02006,020060630,0.8272552783109405
02006,020060823,0.6913699069618222
02006,020060832,0.9921731123388582
02006,020060861,1.147039254823686
02006,020060863,0.9628855577976362
03001,030010001,0.708412281703002
03001,030010003,1.3547373147732376
03001,030010133,0.802255556772145
03001,030010244,2.361643835616438
03001,030010266,6.027972027972028
03001,030010280,0.7506095437129919
03001,030010291,6.174785100286533
03001,030010293,5.904109589041096
03001,030010319,9.795454545454545
03001,030010751,16.264150943396228
03002,030020001,0.8105453785609807
03002,030020015,1.456696239966202
03002,030020066,0.5706090026478376
03002,030020067,2.102439024390244
03002,030020097,1.1241523213354199
03002,030020149,3.309021113243762
03002,030020482,0.5932825548316051
03002,030020967,4.2254901960784315
03002,030021374,2.9861431870669746
03003,030030001,0.6530276923814968
03003,030030003,1.079749478079332
03003,030030092,0.7620961260247548
03003,030030108,0.8467583497053045
03003,030030237,10.641975308641975
03003,030030392,1.5448028673835126
03003,030030684,0.8122497055359246
03003,030030766,4.585106382978723
03003,030030771,2.1604010025062657
03003,030030911,4.1309904153354635
03003,030030920,7.042483660130719
03003,030031424,4.1980519480519485
03003,030031425,3.814159292035398
03003,030031630,1.2685798381162618
03008,030080001,0.5439483435447775
03008,030080040,3.145985401459854
03008,030080048,1.222695035460993
03008,030080054,0.4592933189931621
03008,030080056,2.310991957104558
03008,030080159,0.6375739644970414
03008,030080217,0.371551724137931
03009,030090001,0.6077493715897248
03009,030090118,8.368932038834952
03009,030090156,1.8986784140969164
03009,030090161,6.951612903225806
04001,040010001,1.2430873408991159
04001,040010004,1.0139685340391118
04001,040010008,1.1298380878951426
04002,040020001,0.6578360167132035
04002,040020077,0.6162033359809372
04002,040020086,0.26105390672319806
04002,040020087,0.7206554453238212
04003,040030001,0.5476578922599065
04003,040030005,0.7366122293961261
04003,040030006,1.2713864306784661
04003,040030101,0.748588797221016
04003,040030199,0.5090551181102362
04003,040030614,0.7235278925619835
04004,040040001,0.8548004134193693
04004,040040016,0.7231543624161074
04004,040040036,1.0947024673439767
04004,040040091,1.637085635359116
04004,040040432,1.322085889570552
04004,040040564,0.5796906523201076
04005,040050001,1.2455556528592697
04005,040050007,0.7626730509003852
04007,040070001,1.2367288378766141
04008,040080001,0.788294467306813
04012,040120001,0.7700472937467158
04012,040120055,0.46725932350390287
14020,140200001,1.0114732724902216
14020,140200020,3.7155172413793105
14020,140200021,5.850678733031674
14020,140200035,5.130952380952381
14020,140200037,2.4078212290502794
14020,140200057,6.841269841269841
14020,140200062,2.342391304347826
14020,140200064,9.170212765957446
14020,140200066,9.170212765957446
14020,140200070,1.9546485260770976
14020,140200082,5.904109589041096
14020,140200117,9.170212765957446
14022,140220001,0.802948847607388
14022,140220002,1.2244318181818181
14022,140220006,0.9092827004219409
14022,140220009,1.1467849223946784
14022,140220016,1.2188914027149322
14022,140220030,6.400990099009901
14022,140220033,0.9291463064098879
14022,140220109,1.5691747572815533
14022,140220151,0.6347569955817378
14043,140430001,1.1379180286648227
14043,140430004,5.785234899328859
14043,140430012,3.9541284403669725
14043,140430033,4.925714285714286
14043,140430036,1.9127218934911243
14043,140430039,3.475806451612903
14043,140430041,0.9965317919075144
14043,140430062,1.0829145728643217
14043,140430091,6.1571428571428575
14043,140430092,2.2526132404181185
14043,140430095,3.013986013986014
14043,140430099,1.580684596577017
14043,140430123,3.2900763358778624
14043,140430125,6.027972027972028
14043,140430140,1.6429479034307497
14043,140430146,1.2016728624535316
14058,140580001,0.9296807592752373
14067,140670001,0.6787068511727916
14067,140670008,2.304812834224599
14067,140670009,2.947008547008547
14067,140670011,2.1604010025062657
14067,140670028,0.38597344113809073
14067,140670030,17.958333333333332
14067,140670031,0.5891427455575083
14067,140670038,0.6548493289440365
14067,140670043,1.7274549098196392
14067,140670057,1.1889655172413793
14067,140670078,8.132075471698114
14067,140670086,1.8340425531914895
14067,140670173,1.826271186440678
14067,140670244,1.8577586206896552
14067,140670247,0.8272552783109405
14067,140670252,1.251088534107402
14067,140670268,0.4089184060721063
14084,140840001,0.8098299050632911
14100,141000001,1.138589717537086
14100,141000023,1.0935616872819538
14100,141000034,1.1847168774051677
14100,141000065,1.2121875
14100,141000115,3.6837606837606836
14100,141000189,1.2275316455696204
18001,180010001,1.0572186623948738
18004,180040001,0.9331758685168783
18004,180040016,3.2004950495049505
18004,180040020,1.3948220064724919
18004,180040036,7.605882352941176
18004,180040038,10.42741935483871
18004,180040039,1.2541222114451989
18004,180040060,5.432773109243698
18004,180040061,3.328185328185328
18004,180040065,4.982658959537572
18004,180040069,2.1658291457286434
18004,180040071,10.023255813953488
18004,180040083,1.5262039660056657
18004,180040093,1.8557588805166847
18004,180040112,0.9446575342465754
18004,180040119,2.6870324189526182
18004,180040125,3.7641921397379914
18004,180040126,5.213709677419355
18004,180040128,1.098555649957519
18004,180040132,1.7712328767123289
18004,180040141,1.1988873435326843
18004,180040154,1.2416276557436081
18004,180040183,5.721238938053097
18004,180040184,1.7736625514403292
18004,180040186,0.7771690131077051
18004,180040189,4.860902255639098
18004,180040191,0.7937384898710865
18004,180040260,3.5473251028806585
18004,180040315,3.0785714285714287
18004,180040322,0.7207357859531772
18004,180040325,3.3540856031128405
18004,180040420,9.472527472527473
18004,180040435,11.051282051282051
18004,180040572,3.1691176470588234
18008,180080001,0.5636910940419348
18008,180080015,0.6323356807511737
18008,180080021,0.4599786552828175
18008,180080161,4.144230769230769
18010,180100001,1.7388380849919312
18010,180100035,0.7246742328709542
18012,180120001,0.8277091906721536
18012,180120003,1.3734862970044615
18012,180120005,2.8733333333333335
18012,180120010,6.1571428571428575
18012,180120011,3.298469387755102
18012,180120016,3.4851752021563343
18012,180120017,11.493333333333334
18012,180120019,0.9840182648401826
18012,180120025,0.8815909090909091
18012,180120026,4.3389261744966445
18012,180120029,1.0270055599682288
18012,180120032,0.7625619249823071
18012,180120035,4.937806873977086
18012,180120039,2.644171779141104
18012,180120043,1.251451800232288
18012,180120044,3.216417910447761
18012,180120045,4.513089005235602
18015,180150001,0.8608999611607391
18015,180150007,1.3120243531202436
18015,180150009,2.151414309484193
18015,180150011,1.0292537313432837
18015,180150021,1.6879895561357703
18015,180150032,0.5091553455404607
18015,180150044,1.3567681007345225
18015,180150052,0.44314209335800947
18015,180150053,2.601609657947686
18015,180150056,0.9948066935949221
18015,180150067,1.346875
18015,180150069,1.066831683168317
18015,180150074,3.552197802197802
18015,180150080,1.0913694872335935
18015,180150081,1.1083761939750183
18015,180150082,0.8886597938144329
18016,180160001,0.886049926578561
18016,180160031,1.8718783930510314
18016,180160041,1.1180285343709468
18016,180160047,0.8532776066871975
18018,180180001,0.8027529187298414
18018,180180004,0.9051452572628631
18018,180180012,0.8240917782026769
18020,180200001,0.7405498281786942
18020,180200013,0.9067508198750077
18020,180200027,1.0338210602062845
18020,180200037,1.9155555555555555
18020,180200041,1.0165094339622642
18020,180200043,0.4099556119213697
18020,180200046,1.0266793711291091
18020,180200047,9.577777777777778
18020,180200049,0.5860265662587596
18020,180200053,0.7623925295158172
18020,180200054,1.2152255639097744
18020,180200059,1.9877017678708686
18020,180200069,0.34949724294518325
18020,180200081,2.108315863032844
18020,180200082,0.9493392070484582
18020,180200083,0.4615341261342501
18020,180200084,0.6218214607754734
18020,180200087,3.652542372881356
18020,180200088,0.42357626855635444
18020,180200092,1.3985250737463126
18020,180200098,1.555956678700361
18020,180200106,1.6809672386895476
23001,230010001,0.540541180089684
23002,230020001,0.7147362944657606
23002,230020044,1.1821714285714287
23002,230020239,0.9109643328929987
23002,230020248,0.9617852161785216
23002,230020250,1.3190512624330528
23003,230030001,0.6870350690754516
23003,230030286,0.4524595080983803
23004,230040001,0.6374683484393119
23004,230040016,0.5435056746532156
23004,230040053,0.9810318664643399
23004,230040064,0.9321438226547716
23004,230040111,3.9541284403669725
23004,230040123,0.8333870447953593
23004,230040124,1.2136571629707849
23004,230040201,1.2095416276894293
23005,230050001,0.382605926887692
23005,230050002,0.3920359795846177
23005,230050237,7.836363636363636
23005,230050531,0.42213516160626835
23005,230051140,4.601423487544484
23005,230051156,2.0688
23007,230070001,0.8476951444376153
23007,230070012,0.7023356871265617
23007,230070038,2.8096479791395046
23008,230080001,0.32225144453699395
23008,230080308,0.2825858903750328
23008,230080640,8.534653465346535
23008,230080829,0.7288613303269448
23009,230090001,0.297027626295919
23009,230090005,1.4006499535747448
23009,230090055,4.718978102189781
23009,230090057,1.73590333716916
23009,230090106,4.3867684478371505
23009,230090122,71.83333333333333
23010,230100001,0.9289534605252654
23010,230100177,0.9441401971522454
23011,230110001,0.4712835199166884
23011,230110033,7.56140350877193
23011,230110193,0.6132612407512806
25001,250010001,0.5134240912187216
25001,250010070,0.7637330183106911
25001,250010083,0.5987299067275254
25001,250010088,1.1759890859481583
25001,250010115,0.6476333583771601
25001,250010118,0.6557626473944466
25001,250010119,0.8672032193158954
25001,250010120,0.5095767320879641
25001,250010126,0.8993218570683359
25001,250010129,0.9609810479375697
25001,250010136,0.30473721423521094
25001,250010143,0.8225190839694656
25001,250010156,1.155257731958763
25001,250010160,0.6831149619611158
25001,250010174,1.491349480968858
25001,250010183,0.8666219839142091
25001,250010189,0.8733535967578521
25001,250010193,1.1727891156462584
25001,250010197,0.5957152729785764
25001,250010199,1.2981927710843373
25001,250010205,0.22882930714096097
25001,250010215,0.7008130081300813
25001,250010227,0.6203422357268511
25001,250010240,0.9040012907389481
25001,250010349,1.8301486199575372
25001,250010356,0.75119825708061
25001,250010396,0.7710196779964222
25001,250010500,8.450980392156863
25001,250010703,0.8810302534750614
25001,250010801,0.9994202898550725
25001,250010815,0.5701058201058201
25001,250010818,0.5846446011937059
25001,250010880,1.200557103064067
25001,250010920,5.320987654320987
25001,250010947,1.2039106145251397
25002,250020001,0.8687923767637896
25002,250020007,1.1743869209809263
25002,250020031,1.0876971608832808
25002,250020032,0.7635075287865367
25002,250020093,0.7841115827774409
25006,250060001,0.5283430807900883
25006,250060162,1.5845588235294117
25006,250060163,3.153658536585366
25006,250060312,0.4578774035907787
25006,250060321,0.8685624720107479
25006,250060341,0.787774167343623
25006,250060400,0.6342899190581309
25006,250060438,1.1372031662269129
25006,250060443,0.8757619738751814
25006,250060556,1.9953703703703705
25006,250060591,0.8769074262461851
25006,250060612,0.7779783393501805
25006,250060746,0.6652517846806869
25006,250060884,4.288557213930348
25006,250060888,3.6218487394957983
25006,250060889,4.489583333333333
25006,250060890,1.2209631728045325
25006,250060933,1.693516699410609
25006,250061194,1.1032423208191127
25006,250061240,1.3660855784469097
25006,250061258,2.835526315789474
25006,250061325,2.3812154696132595
25006,250061346,0.7160318025394565
25006,250061360,1.5374554102259215
25006,250061684,3.2528301886792454
25006,250062073,2.899103139013453
25006,250062099,10.1015625
25006,250062266,4.842696629213483
25006,250062391,6.896
25006,250062518,0.8434442270058709
25006,250063141,1.0633223684210527
25008,250080001,0.7204437240401175
25009,250090001,0.7622921825256456
25009,250090034,0.42332719459791285
25009,250090043,1.3965168084244632
25009,250090060,0.6561548499347543
25010,250100001,0.6709215442092155
25010,250100058,0.7633948339483395
25010,250100069,0.708648470897731
25010,250100102,0.8654618473895582
25010,250100133,0.9965317919075144
25010,250100179,1.2656762826049404
25011,250110001,0.6698994206733548
25011,250110035,0.589482322368871
25011,250110037,2.227390180878553
25011,250110049,0.5555913631969063
25011,250110051,1.1008939974457215
25011,250110052,0.8838004101161996
25011,250110064,0.8530430479960416
25011,250110065,0.7882223847841989
25011,250110066,0.5579288025889968
25011,250110070,0.5779416694602749
25011,250110074,3.8597014925373134
25011,250110088,1.5475763016157988
25011,250110093,0.7471828951170182
25011,250110102,0.49257142857142855
25011,250110108,1.4991304347826087
25011,250110124,1.4287292817679558
25011,250110125,1.486206896551724
25011,250110132,0.6338991135668005
25011,250110138,0.5382453949422417
25011,250110154,3.511201629327902
25011,250110161,0.8997912317327766
25011,250110166,3.8828828828828827
25011,250110175,1.0593398876404494
25011,250110191,1.7615803814713897
25011,250110269,0.996038296467481
25011,250110282,0.7499378573204076
25011,250110283,0.36044323646247123
25011,250110284,1.3574803149606298
25011,250110299,1.5904059040590406
25011,250110300,0.9885321100917431
25011,250110332,4.8977272727272725
25011,250110358,0.57543391188251
25011,250110359,4.246305418719212
25011,250110434,0.9828962371721779
25011,250110520,1.3918191603875134
25011,250110759,2.32972972972973
25011,250110816,1.2296718972895864
25011,250110869,4.117834394904459
25011,250111020,0.5076560659599529
25011,250111032,3.5327868852459017
25012,250120001,0.5412183947055829
25012,250120162,0.16494450822809031
25012,250120304,0.7450302506482281
25012,250120348,0.534486831227117
25012,250120761,0.6070422535211267
25012,250121257,0.33008752735229757
25013,250130001,0.9454944313196085
25013,250130235,0.6212363869314542
25014,250140001,0.9075276364274434
25014,250140388,0.6950011518083391
25016,250160001,1.2544698544698545
25016,250160066,0.9446575342465754
25017,250170001,1.2483707458363504
25017,250170495,1.070364238410596
25017,250170588,0.9930875576036866
25017,250170595,1.190059825126553
25018,250180001,0.9936680088323159
25018,250180006,1.0084230229293403
25018,250180008,1.7205588822355289
25018,250180017,0.7141673570836785
25018,250180019,2.0688
25018,250180037,12.865671641791044
25018,250180041,0.7666310921380292
25018,250180045,0.5727574750830565
25018,250180065,0.8408115489660554
25018,250180071,2.052380952380952
25018,250180074,1.3880837359098228
25018,250180091,0.6674257606121333
25018,250180107,3.6218487394957983
25018,250180127,1.3180428134556574
25018,250180132,3.0567375886524824
25018,250180145,1.3100303951367782
25018,250180186,1.3581932773109244
25018,250180219,3.1691176470588234
25018,250180230,2.062200956937799
25018,250180276,1.8340425531914895
25018,250180355,0.7317487266553481
25018,250180364,0.8637274549098196
25018,250180374,0.3474146166706472
25018,250180407,4.144230769230769
25018,250180481,7.696428571428571
25018,250180604,2.1878172588832485
25018,250180607,1.7995824634655533
25018,250182135,18.43850267379679
26012,260120001,0.5977808599167822
26012,260120082,1.088040391290628
26012,260120090,1.2285035629453682
26012,260120093,0.599721706864564
26017,260170001,0.7012898645050589
26017,260170009,1.7035573122529644
26017,260170166,4.0093023255813955
26017,260170246,0.66834657879434
26018,260180001,0.5691643088729949
26018,260180093,0.6915363016446049
26018,260180284,0.638604525862069
26018,260180289,0.971815107102593
26018,260180311,0.45120518843836177
26018,260180334,0.7121444588693497
26018,260180364,1.039556198745779
26018,260180365,0.717854763491006
26018,260180397,1.0555102040816327
26018,260180403,0.6081986876455232
26025,260250001,0.7647739546366301
26025,260250140,1.9298507462686567
26026,260260001,0.9206591394568202
26026,260260008,0.8031055900621118
26026,260260011,0.7820249183500665
26026,260260012,1.1836594576038448
26026,260260019,0.8206050349058599
26026,260260067,0.9179978700745474
26029,260290001,0.6101848140346089
26029,260290025,0.8592503987240829
26029,260290202,0.6118682566723452
26029,260290325,0.871912265758092
26029,260291298,6.989189189189189
26030,260300001,0.5586718920757443
26030,260300136,1.8958944281524928
26030,260300137,0.8013634955066625
26030,260300343,0.3821502761311243
26030,260300535,0.6402257872846108
26030,260301214,2.8797327394209353
26033,260330001,0.9807083498219232
26033,260330002,1.6030818278427206
26033,260330004,4.443298969072165
26033,260330013,7.836363636363636
26033,260330017,2.455840455840456
26033,260330020,4.513089005235602
26033,260330054,1.2904191616766467
26033,260330067,1.4560810810810811
26033,260330085,2.6280487804878048
26033,260330091,13.610526315789473
26033,260330094,0.6948810963321241
26033,260330099,1.0549360892031547
26033,260330107,5.490445859872612
26033,260330180,1.7344064386317908
26033,260330230,2.304812834224599
26033,260330235,1.2438672438672438
26033,260330255,1.9284116331096197
26033,260330355,5.633986928104576
26042,260420001,0.6415493773051287
26042,260420531,0.9692653673163418
26047,260470001,0.6709476551858338
26047,260470065,1.0970909090909091
26048,260480001,0.5880322948267283
26055,260550001,0.5000707473752724
26055,260550011,0.5599826764833261
26055,260550017,0.6497487437185929
26071,260710001,0.6553637953318635
26071,260710104,1.4965277777777777
26071,260710139,0.7317487266553481
26072,260720001,0.7947141979102643
26072,260720017,1.2968906720160482
31004,310040001,0.7762657594556734
31011,310110001,0.3606263447286636
31026,310260001,0.9945197577156043
31027,310270001,0.9158034528552457
31028,310280001,1.2289205702647659
31029,310290001,0.7685200194520992
31033,310330001,0.5925562211529019
31033,310330002,0.701763907734057
31038,310380001,0.6978037448965226
31038,310380005,0.5653200419727177
31039,310390001,0.7331713244228433
31048,310480001,0.7098460436806302
31052,310520001,0.7271193589202868
31057,310570001,1.0535915757803687
31059,310590001,0.7497438341475039
31059,310590003,0.3545865898807075
31059,310590004,0.34066657884336715
31059,310590005,0.5998608211551845
31059,310590026,0.4684146175791333
31061,310610001,1.0373044524669073
31065,310650001,1.041565973900435
31068,310680001,1.1666666666666667
31082,310820001,0.7397025171624714
31083,310830001,1.3518034500784109
31096,310960001,0.6474055482668796
31096,310960034,0.8610159817351598
31100,311000001,0.8291118948380891
31106,311060001,1.1487206823027718
