CVE_MUN,tot_drenaje,tot_captacion
02001,0,75
02002,0,32
02004,0,9
02005,0,5
02006,0,0
02007,0,0
03001,0,48
03002,4,21
03003,0,53
03008,0,25
03009,0,7
04001,0,44
04002,1,78
04003,0,65
04004,0,79
04005,0,34
04007,0,4
04008,0,15
04012,0,0
14020,1,39
14022,4,10
14043,1,4
14067,6,27
14100,4,10
18004,4,20
18012,2,2
18015,3,48
18016,1,19
18020,3,46
23001,0,140
23002,0,80
23003,0,0
23004,0,77
23005,0,176
23007,0,37
23008,0,27
23009,0,22
23010,0,57
23011,0,0
25001,53,40
25002,16,20
25006,0,180
25008,4,43
25009,0,15
25010,7,75
25011,43,86
25012,0,37
25014,0,14
25016,15,39
25018,8,32
26012,7,9
26017,1,10
26018,21,29
26025,1,9
26026,12,52
26029,2,19
26030,6,60
26033,1,4
26047,3,3
26048,2,11
26055,1,38
26071,4,7
26072,1,3
31011,0,1
31026,0,5
31027,0,7
31028,0,1
31029,0,3
31033,0,10
31038,0,11
31039,0,2
31048,0,16
31052,0,24
31059,0,27
31061,0,4
31065,0,1
31068,0,4
31083,0,3
31096,0,70
31106,0,2
