CVE_LOC,COM_ID,tot_denue
20010001,2_1_1,15084
20010095,2_1_95,10
20010114,2_1_114,234
20010118,2_1_118,4
20010124,2_1_124,77
20010139,2_1_139,1210
20010151,2_1_151,46
20010184,2_1_184,35
20010186,2_1_186,169
20010190,2_1_190,174
20010242,2_1_242,1
20010243,2_1_243,251
20010247,2_1_247,485
20010254,2_1_254,1
20010271,2_1_271,7
20010329,2_1_329,154
20010585,2_1_585,1
20010617,2_1_617,9
20010677,2_1_677,3
20010935,2_1_935,175
20010942,2_1_942,1
20011015,2_1_1015,1
20011025,2_1_1025,2
20011115,2_1_1115,1
20011297,2_1_1297,3
20011444,2_1_1444,29
20011812,2_1_1812,2
20011962,2_1_1962,3
20012142,2_1_2142,4
20012151,2_1_2151,1
20012154,2_1_2154,3
20012157,2_1_2157,6
20012160,2_1_2160,4
20012183,2_1_2183,202
20012223,2_1_2223,2
20012465,2_1_2465,1
20012488,2_1_2488,1
20012502,2_1_2502,3
20012539,2_1_2539,1
20012691,2_1_2691,3
20012776,2_1_2776,1
20013170,2_1_3170,2
20013171,2_1_3171,1
20013173,2_1_3173,1
20013174,2_1_3174,1
20013329,2_1_3329,1
20013368,2_1_3368,3
20013381,2_1_3381,1
20013564,2_1_3564,1
20013593,2_1_3593,2
20013606,2_1_3606,1
20013658,2_1_3658,1
20013691,2_1_3691,1
20013706,2_1_3706,1
20013732,2_1_3732,1
20014342,2_1_4342,1
20014444,2_1_4444,20
20014523,2_1_4523,9
20014925,2_1_4925,6
20014930,2_1_4930,4
20015037,2_1_5037,2
20015122,2_1_5122,7
20015155,2_1_5155,3
20015167,2_1_5167,1
20015202,2_1_5202,1
20015285,2_1_5285,1
20015324,2_1_5324,1
20015394,2_1_5394,1
20015446,2_1_5446,1
20020001,2_2_1,29304
20020103,2_2_103,1
20020110,2_2_110,277
20020111,2_2_111,809
20020127,2_2_127,1
20020129,2_2_129,1
20020141,2_2_141,4
20020158,2_2_158,1
20020159,2_2_159,268
20020161,2_2_161,5
20020169,2_2_169,8
20020176,2_2_176,3
20020185,2_2_185,1175
20020192,2_2_192,219
20020193,2_2_193,1
20020195,2_2_195,2
20020206,2_2_206,4
20020210,2_2_210,3
20020211,2_2_211,1
20020218,2_2_218,1
20020225,2_2_225,111
20020227,2_2_227,93
20020231,2_2_231,463
20020237,2_2_237,216
20020242,2_2_242,1
20020251,2_2_251,3
20020256,2_2_256,2
20020258,2_2_258,1
20020259,2_2_259,3
20020266,2_2_266,3
20020268,2_2_268,112
20020282,2_2_282,2
20020284,2_2_284,9
20020295,2_2_295,1
20020333,2_2_333,1
20020342,2_2_342,4
20020358,2_2_358,2
20020362,2_2_362,1
20020456,2_2_456,260
20020459,2_2_459,129
20020461,2_2_461,355
20020476,2_2_476,1
20020510,2_2_510,1
20020514,2_2_514,1
20020553,2_2_553,4
20021181,2_2_1181,1
20021239,2_2_1239,1
20021291,2_2_1291,1
20021350,2_2_1350,2
20021521,2_2_1521,1
20021542,2_2_1542,9
20021545,2_2_1545,1
20021564,2_2_1564,1
20021653,2_2_1653,1
20021657,2_2_1657,1
20021896,2_2_1896,1
20021975,2_2_1975,1
20022274,2_2_2274,1
20022616,2_2_2616,1
20022818,2_2_2818,1
20022820,2_2_2820,1
20022893,2_2_2893,5
20024729,2_2_4729,4
20024730,2_2_4730,1
20024747,2_2_4747,1
20024925,2_2_4925,2
20025006,2_2_5006,7
20025225,2_2_5225,2
20040001,2_4_1,59827
20040164,2_4_164,8
20040219,2_4_219,1
20040298,2_4_298,3
20040326,2_4_326,1
20040498,2_4_498,1
20040575,2_4_575,1
20040606,2_4_606,9
20040678,2_4_678,6
20040679,2_4_679,11
20041004,2_4_1004,8
20041017,2_4_1017,1
20041041,2_4_1041,2
20041060,2_4_1060,3
20041134,2_4_1134,11
20041238,2_4_1238,1
20041298,2_4_1298,9
20041309,2_4_1309,2
20041345,2_4_1345,6
20041348,2_4_1348,7
20041351,2_4_1351,15
20041421,2_4_1421,75
20041439,2_4_1439,1
20041448,2_4_1448,1
20041518,2_4_1518,2
20041538,2_4_1538,6
20041615,2_4_1615,164
20041783,2_4_1783,1
20041790,2_4_1790,2
20041792,2_4_1792,1
20041801,2_4_1801,2
20041849,2_4_1849,1
20041851,2_4_1851,3
20041874,2_4_1874,1
20041883,2_4_1883,332
20041901,2_4_1901,8
20041919,2_4_1919,5
20041931,2_4_1931,1
20041934,2_4_1934,2
20041936,2_4_1936,1
20041945,2_4_1945,1
20041961,2_4_1961,3
20041977,2_4_1977,2
20050001,2_5_1,4140
20050002,2_5_2,14
20050003,2_5_3,4
20050008,2_5_8,10
20050025,2_5_25,38
20050028,2_5_28,16
20050034,2_5_34,8
20050035,2_5_35,11
20050036,2_5_36,13
20050064,2_5_64,42
20050074,2_5_74,1
20050075,2_5_75,1
20050076,2_5_76,3
20050078,2_5_78,15
20050081,2_5_81,10
20050084,2_5_84,3
20050086,2_5_86,4
20050089,2_5_89,225
20050090,2_5_90,109
20050104,2_5_104,2
20050150,2_5_150,3
20050160,2_5_160,8
20050163,2_5_163,1
20050193,2_5_193,6
20050194,2_5_194,15
20050196,2_5_196,1
20050202,2_5_202,3
20050207,2_5_207,1
20050212,2_5_212,1
20050218,2_5_218,16
20050227,2_5_227,1
20050230,2_5_230,35
20050242,2_5_242,1
20050243,2_5_243,1
20050249,2_5_249,5
20050279,2_5_279,1
20050291,2_5_291,1
20050304,2_5_304,4
20050305,2_5_305,40
20050314,2_5_314,1
20050316,2_5_316,1
20050320,2_5_320,2
20050350,2_5_350,1
20050355,2_5_355,2
20050375,2_5_375,11
20050376,2_5_376,46
20050384,2_5_384,2
20050418,2_5_418,1
20050460,2_5_460,1
20060001,2_6_1,349
20060003,2_6_3,1
20060022,2_6_22,50
20060040,2_6_40,394
20060068,2_6_68,1
20060080,2_6_80,2
20060081,2_6_81,7
20060082,2_6_82,52
20060085,2_6_85,64
20060111,2_6_111,28
20060112,2_6_112,2
20060114,2_6_114,9
20060116,2_6_116,50
20060121,2_6_121,118
20060122,2_6_122,1
20060124,2_6_124,1
20060125,2_6_125,5
20060224,2_6_224,10
20060225,2_6_225,89
20060248,2_6_248,219
20060475,2_6_475,1
20060583,2_6_583,14
20060585,2_6_585,865
20060628,2_6_628,3
20060630,2_6_630,44
20060721,2_6_721,1
20060819,2_6_819,4
20060823,2_6_823,58
20060832,2_6_832,29
20060861,2_6_861,21
20060863,2_6_863,702
30010001,3_1_1,2680
30010003,3_1_3,135
30010055,3_1_55,7
30010133,3_1_133,390
30010244,3_1_244,22
30010266,3_1_266,9
30010280,3_1_280,266
30010291,3_1_291,36
30010293,3_1_293,5
30010319,3_1_319,14
30010380,3_1_380,3
30010387,3_1_387,1
30010662,3_1_662,2
30010751,3_1_751,9
30012086,3_1_2086,1
30012357,3_1_2357,1
30020001,3_2_1,741
30020014,3_2_14,6
30020015,3_2_15,132
30020033,3_2_33,1
30020056,3_2_56,3
30020066,3_2_66,702
30020067,3_2_67,128
30020076,3_2_76,1
30020077,3_2_77,3
30020097,3_2_97,296
30020116,3_2_116,6
30020140,3_2_140,1
30020149,3_2_149,44
30020164,3_2_164,6
30020165,3_2_165,1
30020232,3_2_232,1
30020479,3_2_479,2
30020482,3_2_482,452
30020515,3_2_515,1
30020967,3_2_967,3
30021188,3_2_1188,3
30021374,3_2_1374,17
30021435,3_2_1435,1
30021496,3_2_1496,1
30030001,3_3_1,12165
30030003,3_3_3,510
30030092,3_3_92,242
30030108,3_3_108,187
30030219,3_3_219,1
30030237,3_3_237,13
30030277,3_3_277,6
30030336,3_3_336,2
30030341,3_3_341,1
30030392,3_3_392,259
30030402,3_3_402,2
30030418,3_3_418,7
30030458,3_3_458,6
30030684,3_3_684,163
30030697,3_3_697,1
30030766,3_3_766,32
30030771,3_3_771,25
30030778,3_3_778,1
30030785,3_3_785,1
30030849,3_3_849,1
30030898,3_3_898,2
30030911,3_3_911,31
30030920,3_3_920,32
30030963,3_3_963,3
30031020,3_3_1020,4
30031110,3_3_1110,1
30031227,3_3_1227,7
30031394,3_3_1394,2
30031410,3_3_1410,1
30031424,3_3_1424,19
30031425,3_3_1425,7
30031450,3_3_1450,1
30031525,3_3_1525,1
30031630,3_3_1630,93
30031784,3_3_1784,7
30031944,3_3_1944,2
30032032,3_3_2032,1
30032211,3_3_2211,1
30032751,3_3_2751,2
30032869,3_3_2869,2
30032916,3_3_2916,5
30080001,3_8_1,5704
30080040,3_8_40,3
30080045,3_8_45,1
30080048,3_8_48,27
30080053,3_8_53,3
30080054,3_8_54,8167
30080056,3_8_56,13
30080159,3_8_159,65
30080197,3_8_197,1
30080217,3_8_217,62
30080280,3_8_280,3
30080339,3_8_339,1
30080359,3_8_359,1
30080447,3_8_447,2
30080456,3_8_456,1
30080521,3_8_521,1
30080593,3_8_593,1
30080707,3_8_707,1
30080940,3_8_940,3
30081037,3_8_1037,1
30081307,3_8_1307,4
30081313,3_8_1313,1
30081444,3_8_1444,1
30090001,3_9_1,933
30090118,3_9_118,39
30090156,3_9_156,11
30090161,3_9_161,10
30090183,3_9_183,1
30090197,3_9_197,1
30090322,3_9_322,15
40010001,4_1_1,1284
40010004,4_1_4,764
40010007,4_1_7,3
40010008,4_1_8,498
40010010,4_1_10,1
40010015,4_1_15,3
40020001,4_2_1,13553
40020068,4_2_68,1
40020072,4_2_72,1
40020073,4_2_73,1
40020077,4_2_77,335
40020086,4_2_86,14
40020087,4_2_87,463
40020090,4_2_90,1
40020096,4_2_96,3
40020097,4_2_97,1
40020105,4_2_105,2
40020110,4_2_110,5
40020118,4_2_118,3
40020172,4_2_172,1
40020263,4_2_263,1
40020312,4_2_312,1
40020465,4_2_465,17
40030001,4_3_1,9835
40030005,4_3_5,340
40030006,4_3_6,144
40030101,4_3_101,247
40030118,4_3_118,1
40030199,4_3_199,452
40030614,4_3_614,477
40033217,4_3_3217,2
40033300,4_3_3300,1
40033333,4_3_3333,2
40033395,4_3_3395,1
40040001,4_4_1,2355
40040004,4_4_4,1
40040014,4_4_14,3
40040016,4_4_16,74
40040024,4_4_24,1
40040036,4_4_36,162
40040044,4_4_44,1
40040047,4_4_47,1
40040063,4_4_63,2
40040091,4_4_91,142
40040432,4_4_432,177
40040442,4_4_442,2
40040564,4_4_564,206
40041603,4_4_1603,2
40050001,4_5_1,672
40050002,4_5_2,1
40050005,4_5_5,3
40050007,4_5_7,442
40050045,4_5_45,1
40070001,4_7_1,385
40070321,4_7_321,1
40070346,4_7_346,1
40070828,4_7_828,1
40080001,4_8_1,570
40080005,4_8_5,1
40080139,4_8_139,1
40120001,4_12_1,590
40120055,4_12_55,231
40120056,4_12_56,2
140200001,14_20_1,282
140200007,14_20_7,16
140200020,14_20_20,15
140200021,14_20_21,13
140200035,14_20_35,12
140200037,14_20_37,44
140200057,14_20_57,3
140200062,14_20_62,20
140200064,14_20_64,18
140200066,14_20_66,11
140200070,14_20_70,66
140200073,14_20_73,2
140200074,14_20_74,4
140200082,14_20_82,10
140200116,14_20_116,1
140200117,14_20_117,8
140200127,14_20_127,1
140220001,14_22_1,1242
140220002,14_22_2,62
140220006,14_22_6,451
140220009,14_22_9,102
140220016,14_22_16,175
140220030,14_22_30,11
140220033,14_22_33,824
140220047,14_22_47,14
140220069,14_22_69,3
140220102,14_22_102,9
140220103,14_22_103,2
140220109,14_22_109,9
140220147,14_22_147,2
140220151,14_22_151,21
140430001,14_43_1,600
140430004,14_43_4,12
140430012,14_43_12,11
140430015,14_43_15,6
140430022,14_43_22,1
140430033,14_43_33,6
140430036,14_43_36,105
140430039,14_43_39,21
140430041,14_43_41,41
140430062,14_43_62,160
140430068,14_43_68,1
140430091,14_43_91,3
140430092,14_43_92,34
140430095,14_43_95,10
140430099,14_43_99,48
140430123,14_43_123,18
140430125,14_43_125,6
140430137,14_43_137,8
140430139,14_43_139,2
140430140,14_43_140,44
140430146,14_43_146,108
140430249,14_43_249,1
140430363,14_43_363,1
140670001,14_67_1,14109
140670007,14_67_7,9
140670008,14_67_8,70
140670009,14_67_9,57
140670011,14_67_11,15
140670014,14_67_14,1
140670024,14_67_24,1
140670027,14_67_27,1
140670028,14_67_28,1229
140670030,14_67_30,3
140670031,14_67_31,650
140670038,14_67_38,210
140670043,14_67_43,20
140670044,14_67_44,1
140670049,14_67_49,2
140670057,14_67_57,21
140670066,14_67_66,45
140670078,14_67_78,7
140670085,14_67_85,3
140670086,14_67_86,8
140670103,14_67_103,2
140670109,14_67_109,9
140670128,14_67_128,4
140670157,14_67_157,3
140670173,14_67_173,4
140670178,14_67_178,4
140670180,14_67_180,1
140670194,14_67_194,1
140670195,14_67_195,1
140670205,14_67_205,1
140670235,14_67_235,8
140670242,14_67_242,3
140670244,14_67_244,9
140670245,14_67_245,1
140670247,14_67_247,13
140670248,14_67_248,6
140670251,14_67_251,4
140670252,14_67_252,14
140670257,14_67_257,7
140670268,14_67_268,11
141000001,14_100_1,767
141000023,14_100_23,148
141000034,14_100_34,101
141000039,14_100_39,2
141000065,14_100_65,191
141000075,14_100_75,1
141000115,14_100_115,12
141000159,14_100_159,1
141000189,14_100_189,274
180040001,18_4_1,1738
180040016,18_4_16,17
180040020,18_4_20,188
180040023,18_4_23,6
180040036,18_4_36,14
180040038,18_4_38,17
180040039,18_4_39,62
180040040,18_4_40,4
180040060,18_4_60,14
180040061,18_4_61,20
180040065,18_4_65,93
180040069,18_4_69,17
180040071,18_4_71,6
180040083,18_4_83,108
180040089,18_4_89,1
180040093,18_4_93,45
180040099,18_4_99,8
180040112,18_4_112,93
180040119,18_4_119,57
180040125,18_4_125,23
180040126,18_4_126,20
180040128,18_4_128,899
180040132,18_4_132,26
180040137,18_4_137,27
180040141,18_4_141,53
180040154,18_4_154,636
180040167,18_4_167,2
180040183,18_4_183,10
180040184,18_4_184,48
180040186,18_4_186,1251
180040189,18_4_189,31
180040191,18_4_191,414
180040241,18_4_241,1
180040260,18_4_260,13
180040315,18_4_315,6
180040322,18_4_322,169
180040325,18_4_325,37
180040338,18_4_338,1
180040340,18_4_340,1
180040420,18_4_420,8
180040435,18_4_435,1
180040496,18_4_496,3
180040545,18_4_545,5
180040572,18_4_572,7
180040594,18_4_594,3
180040626,18_4_626,1
180040637,18_4_637,1
180040712,18_4_712,1
180040739,18_4_739,1
180120001,18_12_1,995
180120003,18_12_3,158
180120005,18_12_5,38
180120006,18_12_6,1
180120010,18_12_10,14
180120011,18_12_11,19
180120016,18_12_16,32
180120017,18_12_17,6
180120019,18_12_19,263
180120024,18_12_24,34
180120025,18_12_25,292
180120026,18_12_26,22
180120029,18_12_29,81
180120031,18_12_31,33
180120032,18_12_32,180
180120033,18_12_33,2
180120035,18_12_35,89
180120039,18_12_39,19
180120043,18_12_43,139
180120044,18_12_44,7
180120045,18_12_45,29
180120059,18_12_59,5
180120073,18_12_73,24
180120134,18_12_134,4
180120184,18_12_184,1
180120215,18_12_215,1
180120224,18_12_224,3
180120245,18_12_245,5
180150001,18_15_1,2105
180150005,18_15_5,1
180150007,18_15_7,76
180150009,18_15_9,46
180150011,18_15_11,109
180150013,18_15_13,3
180150019,18_15_19,1
180150021,18_15_21,58
180150029,18_15_29,4
180150032,18_15_32,305
180150037,18_15_37,2
180150038,18_15_38,15
180150041,18_15_41,2
180150044,18_15_44,71
180150046,18_15_46,2
180150051,18_15_51,1
180150052,18_15_52,321
180150053,18_15_53,26
180150056,18_15_56,125
180150062,18_15_62,1
180150066,18_15_66,5
180150067,18_15_67,12
180150068,18_15_68,1
180150069,18_15_69,182
180150074,18_15_74,12
180150078,18_15_78,1
180150080,18_15_80,914
180150081,18_15_81,174
180150082,18_15_82,287
180150083,18_15_83,26
180160001,18_16_1,1472
180160002,18_16_2,1
180160005,18_16_5,1
180160031,18_16_31,65
180160038,18_16_38,5
180160041,18_16_41,167
180160046,18_16_46,1
180160047,18_16_47,288
180200001,18_20_1,407
180200004,18_20_4,2
180200013,18_20_13,1393
180200024,18_20_24,121
180200026,18_20_26,3
180200027,18_20_27,379
180200037,18_20_37,20
180200040,18_20_40,1
180200041,18_20_41,84
180200043,18_20_43,352
180200046,18_20_46,218
180200047,18_20_47,7
180200049,18_20_49,167
180200053,18_20_53,1319
180200054,18_20_54,42
180200059,18_20_59,320
180200066,18_20_66,2
180200069,18_20_69,317
180200081,18_20_81,224
180200082,18_20_82,40
180200083,18_20_83,1111
180200084,18_20_84,602
180200087,18_20_87,6
180200088,18_20_88,1141
180200090,18_20_90,2
180200091,18_20_91,1
180200092,18_20_92,607
180200098,18_20_98,81
180200103,18_20_103,2
180200106,18_20_106,257
180200118,18_20_118,3
180200217,18_20_217,5
180200236,18_20_236,3
180200270,18_20_270,4
180200276,18_20_276,1
180200283,18_20_283,1
180200353,18_20_353,1
180200382,18_20_382,2
180200459,18_20_459,5
180200460,18_20_460,1
180200463,18_20_463,2
180200524,18_20_524,4
180200592,18_20_592,2
180200595,18_20_595,2
230010001,23_1_1,4968
230010067,23_1_67,12
230010165,23_1_165,7
230010426,23_1_426,1
230010498,23_1_498,3
230010858,23_1_858,6
230010891,23_1_891,12
230010932,23_1_932,20
230010999,23_1_999,1
230020001,23_2_1,1739
230020044,23_2_44,187
230020108,23_2_108,1
230020239,23_2_239,146
230020248,23_2_248,69
230020250,23_2_250,179
230020456,23_2_456,1
230030001,23_3_1,1105
230030092,23_3_92,15
230030286,23_3_286,199
230030421,23_3_421,3
230030435,23_3_435,1
230030470,23_3_470,1
230030476,23_3_476,3
230030500,23_3_500,1
230040001,23_4_1,8400
230040016,23_4_16,194
230040037,23_4_37,3
230040053,23_4_53,385
230040064,23_4_64,260
230040098,23_4_98,6
230040104,23_4_104,8
230040106,23_4_106,1
230040111,23_4_111,39
230040114,23_4_114,3
230040123,23_4_123,195
230040124,23_4_124,95
230040136,23_4_136,2
230040184,23_4_184,1
230040201,23_4_201,67
230040840,23_4_840,17
230041627,23_4_1627,1
230041729,23_4_1729,1
230042198,23_4_2198,1
230042428,23_4_2428,1
230042549,23_4_2549,1
230042867,23_4_2867,8
230050001,23_5_1,28150
230050002,23_5_2,961
230050202,23_5_202,1
230050237,23_5_237,1
230050531,23_5_531,19
230051140,23_5_1140,13
230051156,23_5_1156,22
230051415,23_5_1415,3
230051482,23_5_1482,2
230070001,23_7_1,469
230070008,23_7_8,5
230070012,23_7_12,365
230070018,23_7_18,2
230070038,23_7_38,51
230070039,23_7_39,1
230070041,23_7_41,1
230080001,23_8_1,10019
230080179,23_8_179,1
230080232,23_8_232,10
230080241,23_8_241,2
230080265,23_8_265,14
230080285,23_8_285,23
230080308,23_8_308,499
230080314,23_8_314,2
230080483,23_8_483,1
230080555,23_8_555,1
230080572,23_8_572,3
230080640,23_8_640,4
230080642,23_8_642,1
230080818,23_8_818,2
230080829,23_8_829,45
230080835,23_8_835,11
230080920,23_8_920,2
230080927,23_8_927,1
230090001,23_9_1,1950
230090005,23_9_5,159
230090016,23_9_16,4
230090018,23_9_18,33
230090053,23_9_53,1
230090055,23_9_55,50
230090057,23_9_57,121
230090076,23_9_76,1
230090104,23_9_104,5
230090106,23_9_106,24
230090122,23_9_122,3
230090133,23_9_133,3
230090136,23_9_136,1
230090240,23_9_240,1
230090353,23_9_353,1
230100001,23_10_1,911
230100011,23_10_11,1
230100177,23_10_177,101
230100423,23_10_423,1
230110001,23_11_1,859
230110033,23_11_33,3
230110187,23_11_187,1
230110193,23_11_193,288
230110338,23_11_338,1
230110540,23_11_540,1
250010001,25_1_1,16599
250010067,25_1_67,2
250010070,25_1_70,733
250010072,25_1_72,1
250010082,25_1_82,3
250010083,25_1_83,210
250010088,25_1_88,58
250010090,25_1_90,1
250010095,25_1_95,1
250010115,25_1_115,101
250010118,25_1_118,85
250010119,25_1_119,87
250010120,25_1_120,159
250010122,25_1_122,2
250010126,25_1_126,76
250010128,25_1_128,6
250010129,25_1_129,27
250010131,25_1_131,1
250010132,25_1_132,3
250010136,25_1_136,107
250010138,25_1_138,2
250010139,25_1_139,2
250010142,25_1_142,4
250010143,25_1_143,76
250010148,25_1_148,2
250010149,25_1_149,4
250010150,25_1_150,1
250010156,25_1_156,395
250010160,25_1_160,479
250010165,25_1_165,1
250010166,25_1_166,1
250010174,25_1_174,34
250010175,25_1_175,2
250010176,25_1_176,1
250010178,25_1_178,1
250010183,25_1_183,128
250010186,25_1_186,3
250010189,25_1_189,87
250010193,25_1_193,83
250010197,25_1_197,38
250010199,25_1_199,18
250010205,25_1_205,127
250010212,25_1_212,2
250010215,25_1_215,73
250010227,25_1_227,345
250010228,25_1_228,1
250010234,25_1_234,1
250010240,25_1_240,393
250010248,25_1_248,1
250010252,25_1_252,3
250010253,25_1_253,2
250010284,25_1_284,1
250010303,25_1_303,1
250010349,25_1_349,34
250010356,25_1_356,80
250010357,25_1_357,3
250010359,25_1_359,1
250010370,25_1_370,2
250010396,25_1_396,121
250010398,25_1_398,2
250010407,25_1_407,2
250010459,25_1_459,5
250010500,25_1_500,2
250010523,25_1_523,2
250010532,25_1_532,1
250010549,25_1_549,1
250010621,25_1_621,2
250010626,25_1_626,2
250010642,25_1_642,1
250010680,25_1_680,2
250010701,25_1_701,1
250010703,25_1_703,130
250010727,25_1_727,1
250010765,25_1_765,2
250010801,25_1_801,57
250010815,25_1_815,11
250010818,25_1_818,95
250010844,25_1_844,1
250010880,25_1_880,9
250010881,25_1_881,1
250010885,25_1_885,1
250010920,25_1_920,3
250010942,25_1_942,2
250010947,25_1_947,26
250011095,25_1_1095,1
250011191,25_1_1191,1
250011214,25_1_1214,7
250011337,25_1_1337,1
250020001,25_2_1,529
250020005,25_2_5,3
250020007,25_2_7,173
250020018,25_2_18,1
250020022,25_2_22,2
250020030,25_2_30,2
250020031,25_2_31,303
250020032,25_2_32,142
250020033,25_2_33,1
250020040,25_2_40,1
250020041,25_2_41,3
250020043,25_2_43,2
250020044,25_2_44,2
250020054,25_2_54,1
250020055,25_2_55,2
250020058,25_2_58,3
250020067,25_2_67,8
250020072,25_2_72,1
250020080,25_2_80,3
250020089,25_2_89,3
250020091,25_2_91,2
250020093,25_2_93,338
250020100,25_2_100,3
250020101,25_2_101,1
250020118,25_2_118,1
250020125,25_2_125,1
250020126,25_2_126,1
250020147,25_2_147,1
250020188,25_2_188,3
250020243,25_2_243,3
250060001,25_6_1,37195
250060091,25_6_91,2
250060098,25_6_98,1
250060121,25_6_121,2
250060133,25_6_133,1
250060162,25_6_162,9
250060163,25_6_163,11
250060236,25_6_236,1
250060275,25_6_275,1
250060304,25_6_304,2
250060305,25_6_305,2
250060311,25_6_311,1
250060312,25_6_312,1220
250060321,25_6_321,216
250060341,25_6_341,1211
250060356,25_6_356,2
250060360,25_6_360,1
250060361,25_6_361,1
250060391,25_6_391,4
250060394,25_6_394,2
250060400,25_6_400,43
250060413,25_6_413,1
250060421,25_6_421,1
250060430,25_6_430,2
250060438,25_6_438,182
250060443,25_6_443,87
250060459,25_6_459,2
250060471,25_6_471,2
250060478,25_6_478,1
250060479,25_6_479,2
250060487,25_6_487,1
250060505,25_6_505,1
250060518,25_6_518,2
250060519,25_6_519,2
250060544,25_6_544,1
250060551,25_6_551,2
250060556,25_6_556,20
250060562,25_6_562,2
250060579,25_6_579,3
250060591,25_6_591,459
250060609,25_6_609,1
250060612,25_6_612,41
250060622,25_6_622,8
250060627,25_6_627,3
250060635,25_6_635,1
250060667,25_6_667,1
250060702,25_6_702,1
250060704,25_6_704,2
250060713,25_6_713,3
250060746,25_6_746,248
250060846,25_6_846,2
250060882,25_6_882,6
250060884,25_6_884,18
250060888,25_6_888,11
250060889,25_6_889,11
250060890,25_6_890,12
250060933,25_6_933,26
250060934,25_6_934,1
250061042,25_6_1042,1
250061044,25_6_1044,1
250061062,25_6_1062,1
250061098,25_6_1098,3
250061116,25_6_1116,4
250061168,25_6_1168,1
250061194,25_6_1194,162
250061222,25_6_1222,1
250061240,25_6_1240,3
250061250,25_6_1250,1
250061258,25_6_1258,3
250061259,25_6_1259,1
250061305,25_6_1305,1
250061325,25_6_1325,4
250061346,25_6_1346,402
250061360,25_6_1360,187
250061361,25_6_1361,2
250061362,25_6_1362,3
250061366,25_6_1366,2
250061371,25_6_1371,1
250061384,25_6_1384,2
250061412,25_6_1412,1
250061461,25_6_1461,13
250061472,25_6_1472,3
250061483,25_6_1483,4
250061514,25_6_1514,1
250061684,25_6_1684,17
250061695,25_6_1695,1
250061720,25_6_1720,1
250061867,25_6_1867,3
250062073,25_6_2073,23
250062099,25_6_2099,13
250062160,25_6_2160,3
250062229,25_6_2229,5
250062266,25_6_2266,6
250062391,25_6_2391,5
250062445,25_6_2445,1
250062515,25_6_2515,1
250062518,25_6_2518,82
250062714,25_6_2714,1
250062806,25_6_2806,1
250062807,25_6_2807,2
250062849,25_6_2849,3
250062937,25_6_2937,2
250063011,25_6_3011,1
250063081,25_6_3081,1
250063141,25_6_3141,28
250063230,25_6_3230,1
250063254,25_6_3254,1
250063316,25_6_3316,1
250063348,25_6_3348,2
250063449,25_6_3449,1
250063466,25_6_3466,6
250080001,25_8_1,1223
250080004,25_8_4,1
250080009,25_8_9,2
250080024,25_8_24,2
250080028,25_8_28,1
250080030,25_8_30,1
250080031,25_8_31,2
250080035,25_8_35,3
250080054,25_8_54,1
250080067,25_8_67,2
250080085,25_8_85,3
250080132,25_8_132,3
250080150,25_8_150,1
250080164,25_8_164,1
250080172,25_8_172,1
250080182,25_8_182,2
250080409,25_8_409,2
250090001,25_9_1,1975
250090018,25_9_18,1
250090020,25_9_20,2
250090034,25_9_34,330
250090043,25_9_43,107
250090055,25_9_55,1
250090060,25_9_60,222
250090062,25_9_62,7
250090197,25_9_197,1
250100001,25_10_1,978
250100026,25_10_26,1
250100042,25_10_42,1
250100058,25_10_58,315
250100069,25_10_69,160
250100072,25_10_72,2
250100079,25_10_79,2
250100097,25_10_97,1
250100102,25_10_102,189
250100118,25_10_118,1
250100133,25_10_133,389
250100143,25_10_143,1
250100153,25_10_153,1
250100179,25_10_179,344
250100187,25_10_187,1
250100189,25_10_189,1
250100193,25_10_193,14
250100195,25_10_195,2
250100202,25_10_202,1
250100207,25_10_207,2
250100213,25_10_213,4
250100227,25_10_227,1
250100478,25_10_478,1
250100625,25_10_625,1
250101453,25_10_1453,1
250110001,25_11_1,5808
250110035,25_11_35,758
250110037,25_11_37,12
250110043,25_11_43,2
250110044,25_11_44,3
250110049,25_11_49,139
250110051,25_11_51,379
250110052,25_11_52,132
250110055,25_11_55,1
250110059,25_11_59,7
250110060,25_11_60,4
250110063,25_11_63,2
250110064,25_11_64,158
250110065,25_11_65,74
250110066,25_11_66,60
250110069,25_11_69,1
250110070,25_11_70,154
250110074,25_11_74,18
250110083,25_11_83,3
250110085,25_11_85,3
250110088,25_11_88,23
250110089,25_11_89,2
250110093,25_11_93,143
250110097,25_11_97,2
250110102,25_11_102,109
250110103,25_11_103,2
250110107,25_11_107,2
250110108,25_11_108,30
250110112,25_11_112,1
250110113,25_11_113,1
250110115,25_11_115,2
250110120,25_11_120,1
250110124,25_11_124,32
250110125,25_11_125,16
250110131,25_11_131,1
250110132,25_11_132,961
250110134,25_11_134,2
250110138,25_11_138,1123
250110140,25_11_140,6
250110148,25_11_148,75
250110154,25_11_154,13
250110161,25_11_161,202
250110166,25_11_166,5
250110168,25_11_168,1
250110170,25_11_170,2
250110175,25_11_175,94
250110177,25_11_177,2
250110181,25_11_181,2
250110187,25_11_187,3
250110188,25_11_188,4
250110191,25_11_191,27
250110193,25_11_193,2
250110194,25_11_194,3
250110199,25_11_199,2
250110203,25_11_203,1
250110206,25_11_206,3
250110209,25_11_209,3
250110211,25_11_211,3
250110214,25_11_214,2
250110220,25_11_220,3
250110226,25_11_226,3
250110229,25_11_229,2
250110232,25_11_232,1
250110233,25_11_233,2
250110239,25_11_239,1
250110248,25_11_248,1
250110249,25_11_249,3
250110251,25_11_251,5
250110269,25_11_269,136
250110279,25_11_279,3
250110282,25_11_282,177
250110283,25_11_283,91
250110284,25_11_284,13
250110299,25_11_299,15
250110300,25_11_300,25
250110301,25_11_301,2
250110312,25_11_312,2
250110332,25_11_332,12
250110358,25_11_358,105
250110359,25_11_359,6
250110364,25_11_364,5
250110370,25_11_370,2
250110382,25_11_382,1
250110386,25_11_386,1
250110387,25_11_387,2
250110430,25_11_430,1
250110434,25_11_434,13
250110445,25_11_445,1
250110475,25_11_475,2
250110520,25_11_520,24
250110614,25_11_614,1
250110623,25_11_623,2
250110637,25_11_637,1
250110645,25_11_645,1
250110657,25_11_657,3
250110714,25_11_714,3
250110736,25_11_736,1
250110751,25_11_751,2
250110755,25_11_755,2
250110759,25_11_759,17
250110777,25_11_777,3
250110816,25_11_816,15
250110868,25_11_868,1
250110869,25_11_869,10
250110899,25_11_899,1
250110912,25_11_912,1
250110941,25_11_941,1
250110984,25_11_984,1
250111020,25_11_1020,25
250111032,25_11_1032,6
250111071,25_11_1071,1
250111075,25_11_1075,1
250111086,25_11_1086,6
250111128,25_11_1128,1
250111273,25_11_1273,1
250120001,25_12_1,22123
250120134,25_12_134,1
250120162,25_12_162,2
250120191,25_12_191,1
250120210,25_12_210,3
250120263,25_12_263,1
250120291,25_12_291,1
250120296,25_12_296,3
250120304,25_12_304,88
250120311,25_12_311,2
250120313,25_12_313,1
250120325,25_12_325,1
250120331,25_12_331,2
250120341,25_12_341,1
250120348,25_12_348,929
250120483,25_12_483,1
250120586,25_12_586,1
250120719,25_12_719,1
250120761,25_12_761,100
250120990,25_12_990,2
250121257,25_12_1257,125
250140001,25_14_1,1150
250140011,25_14_11,2
250140015,25_14_15,1
250140018,25_14_18,2
250140020,25_14_20,1
250140024,25_14_24,1
250140035,25_14_35,1
250140037,25_14_37,1
250140041,25_14_41,1
250140047,25_14_47,3
250140055,25_14_55,1
250140059,25_14_59,1
250140131,25_14_131,2
250140134,25_14_134,1
250140388,25_14_388,181
250140390,25_14_390,1
250140394,25_14_394,1
250140398,25_14_398,1
250140575,25_14_575,1
250160001,25_16_1,294
250160035,25_16_35,2
250160052,25_16_52,4
250160054,25_16_54,2
250160066,25_16_66,244
250160093,25_16_93,2
250160117,25_16_117,2
250160151,25_16_151,1
250160826,25_16_826,2
250180001,25_18_1,1925
250180003,25_18_3,1
250180004,25_18_4,2
250180006,25_18_6,135
250180008,25_18_8,11
250180009,25_18_9,1
250180011,25_18_11,2
250180017,25_18_17,34
250180018,25_18_18,2
250180019,25_18_19,29
250180023,25_18_23,2
250180026,25_18_26,1
250180037,25_18_37,19
250180041,25_18_41,95
250180044,25_18_44,1
250180045,25_18_45,35
250180054,25_18_54,3
250180065,25_18_65,113
250180068,25_18_68,8
250180070,25_18_70,2
250180071,25_18_71,10
250180074,25_18_74,9
250180076,25_18_76,1
250180078,25_18_78,2
250180080,25_18_80,2
250180086,25_18_86,2
250180091,25_18_91,445
250180097,25_18_97,1
250180098,25_18_98,2
250180107,25_18_107,12
250180120,25_18_120,1
250180121,25_18_121,1
250180123,25_18_123,5
250180127,25_18_127,35
250180131,25_18_131,2
250180132,25_18_132,2
250180145,25_18_145,23
250180161,25_18_161,1
250180186,25_18_186,17
250180199,25_18_199,2
250180206,25_18_206,2
250180210,25_18_210,2
250180219,25_18_219,5
250180228,25_18_228,1
250180230,25_18_230,26
250180239,25_18_239,5
250180274,25_18_274,1
250180276,25_18_276,11
250180283,25_18_283,2
250180288,25_18_288,2
250180292,25_18_292,2
250180322,25_18_322,2
250180349,25_18_349,1
250180355,25_18_355,235
250180361,25_18_361,4
250180364,25_18_364,25
250180367,25_18_367,1
250180374,25_18_374,950
250180380,25_18_380,1
250180402,25_18_402,9
250180407,25_18_407,2
250180434,25_18_434,1
250180481,25_18_481,4
250180507,25_18_507,1
250180511,25_18_511,1
250180527,25_18_527,1
250180557,25_18_557,1
250180561,25_18_561,3
250180604,25_18_604,10
250180607,25_18_607,8
250180620,25_18_620,4
250182135,25_18_2135,15
250182142,25_18_2142,1
250182205,25_18_2205,2
260120001,26_12_1,224
260120003,26_12_3,1
260120082,26_12_82,223
260120090,26_12_90,73
260120093,26_12_93,178
260120094,26_12_94,1
260120100,26_12_100,1
260120172,26_12_172,1
260170001,26_17_1,3657
260170009,26_17_9,16
260170062,26_17_62,1
260170083,26_17_83,1
260170166,26_17_166,11
260170246,26_17_246,248
260170419,26_17_419,1
260170612,26_17_612,1
260170898,26_17_898,1
260171221,26_17_1221,1
260180001,26_18_1,16424
260180074,26_18_74,1
260180076,26_18_76,2
260180093,26_18_93,62
260180284,26_18_284,300
260180289,26_18_289,59
260180311,26_18_311,1265
260180314,26_18_314,3
260180315,26_18_315,1
260180319,26_18_319,5
260180334,26_18_334,286
260180340,26_18_340,1
260180356,26_18_356,1
260180362,26_18_362,1
260180364,26_18_364,192
260180365,26_18_365,81
260180391,26_18_391,1
260180397,26_18_397,30
260180403,26_18_403,562
260180405,26_18_405,2
260180505,26_18_505,1
260180535,26_18_535,1
260180543,26_18_543,1
260180811,26_18_811,1
260181193,26_18_1193,1
260181977,26_18_1977,1
260250001,26_25_1,1684
260250006,26_25_6,1
260250013,26_25_13,1
260250031,26_25_31,2
260250033,26_25_33,1
260250034,26_25_34,13
260250037,26_25_37,2
260250060,26_25_60,2
260250082,26_25_82,2
260250140,26_25_140,20
260250154,26_25_154,1
260260001,26_26_1,435
260260008,26_26_8,113
260260011,26_26_11,544
260260012,26_26_12,124
260260017,26_26_17,2
260260019,26_26_19,125
260260020,26_26_20,2
260260035,26_26_35,1
260260051,26_26_51,1
260260061,26_26_61,5
260260067,26_26_67,73
260260069,26_26_69,2
260260108,26_26_108,1
260260740,26_26_740,1
260290001,26_29_1,5055
260290002,26_29_2,1
260290025,26_29_25,296
260290101,26_29_101,3
260290161,26_29_161,2
260290173,26_29_173,5
260290202,26_29_202,196
260290254,26_29_254,2
260290271,26_29_271,3
260290314,26_29_314,1
260290325,26_29_325,395
260290338,26_29_338,1
260290453,26_29_453,4
260290621,26_29_621,3
260290631,26_29_631,4
260290837,26_29_837,1
260290948,26_29_948,1
260291132,26_29_1132,5
260291298,26_29_1298,17
260291299,26_29_1299,6
260291364,26_29_1364,2
260291393,26_29_1393,1
260291637,26_29_1637,1
260300001,26_30_1,35714
260300116,26_30_116,1
260300136,26_30_136,17
260300137,26_30_137,359
260300141,26_30_141,1
260300208,26_30_208,7
260300216,26_30_216,2
260300289,26_30_289,2
260300328,26_30_328,2
260300339,26_30_339,3
260300343,26_30_343,1273
260300397,26_30_397,3
260300535,26_30_535,245
260300630,26_30_630,5
260300645,26_30_645,1
260300669,26_30_669,8
260300681,26_30_681,2
260300756,26_30_756,1
260300767,26_30_767,1
260300932,26_30_932,1
260301214,26_30_1214,27
260301221,26_30_1221,1
260301344,26_30_1344,2
260301355,26_30_1355,3
260301406,26_30_1406,2
260301862,26_30_1862,2
260301889,26_30_1889,2
260302000,26_30_2000,1
260302832,26_30_2832,1
260303004,26_30_3004,1
260303081,26_30_3081,2
260303095,26_30_3095,1
260303536,26_30_3536,1
260303657,26_30_3657,2
260303730,26_30_3730,1
260303854,26_30_3854,4
260304084,26_30_4084,1
260330001,26_33_1,2093
260330002,26_33_2,58
260330004,26_33_4,3
260330011,26_33_11,4
260330013,26_33_13,5
260330017,26_33_17,54
260330020,26_33_20,9
260330033,26_33_33,3
260330040,26_33_40,2
260330052,26_33_52,2
260330054,26_33_54,50
260330067,26_33_67,49
260330076,26_33_76,2
260330083,26_33_83,1
260330085,26_33_85,44
260330091,26_33_91,7
260330094,26_33_94,155
260330095,26_33_95,1
260330096,26_33_96,1
260330099,26_33_99,145
260330107,26_33_107,24
260330108,26_33_108,2
260330180,26_33_180,11
260330183,26_33_183,1
260330201,26_33_201,5
260330210,26_33_210,1
260330221,26_33_221,1
260330230,26_33_230,17
260330235,26_33_235,11
260330255,26_33_255,9
260330355,26_33_355,4
260330357,26_33_357,2
260330387,26_33_387,1
260330435,26_33_435,1
260330444,26_33_444,1
260470001,26_47_1,183
260470065,26_47_65,186
260480001,26_48_1,3730
260480004,26_48_4,12
260480090,26_48_90,4
260480158,26_48_158,1
260550001,26_55_1,8041
260550011,26_55_11,300
260550014,26_55_14,2
260550016,26_55_16,2
260550017,26_55_17,251
260550024,26_55_24,2
260550039,26_55_39,1
260550311,26_55_311,1
260550364,26_55_364,1
260550633,26_55_633,1
260710001,26_71_1,661
260710003,26_71_3,1
260710104,26_71_104,53
260710139,26_71_139,115
260710141,26_71_141,3
260720001,26_72_1,412
260720017,26_72_17,111
260720159,26_72_159,2
260720166,26_72_166,1
310110001,31_11_1,606
310260001,31_26_1,190
310260004,31_26_4,1
310260035,31_26_35,1
310270001,31_27_1,544
310270002,31_27_2,1
310270004,31_27_4,2
310280001,31_28_1,235
310290001,31_29_1,374
310330001,31_33_1,870
310330002,31_33_2,404
310380001,31_38_1,1630
310380003,31_38_3,1
310380004,31_38_4,10
310380005,31_38_5,107
310390001,31_39_1,276
310480001,31_48_1,866
310480020,31_48_20,1
310520001,31_52_1,1903
310520008,31_52_8,1
310590001,31_59_1,2584
310590003,31_59_3,258
310590004,31_59_4,275
310590005,31_59_5,138
310590009,31_59_9,1
310590026,31_59_26,170
310590078,31_59_78,5
310610001,31_61_1,175
310610002,31_61_2,2
310650001,31_65_1,118
310680001,31_68_1,129
310680003,31_68_3,2
310830001,31_83_1,203
310960001,31_96_1,3606
310960008,31_96_8,3
310960009,31_96_9,6
310960034,31_96_34,345
310960071,31_96_71,1
311060001,31_106_1,87
311060002,31_106_2,1
