CVE_ENT,CVE_MUN,CVE_LOC,ua_area_loc_kmsq
02,02001,020010001,24.495172032863948
02,02001,020010095,0.37625781808328207
02,02001,020010124,6.3438613998201605
02,02001,020010127,10.798757825557447
02,02001,020010139,25.512366669932913
02,02001,020010155,49.75469972511337
02,02001,020010184,58.04476466254403
02,02001,020010247,3.3707049378974
02,02001,020010254,16.47161908450857
02,02001,020010329,58.745606104389246
02,02001,020010385,0.48734181508373653
02,02001,020010544,0.17241695892940462
02,02001,020010645,0.09942660621824907
02,02001,020010677,42.64839674669576
02,02001,020010678,56.376045321546165
02,02001,020010684,0.7422220742089136
02,02001,020010736,0.37625781808328207
02,02001,020010848,0.68831994981981
02,02001,020010861,14.0951524593076
02,02001,020010892,0.12382628536836544
02,02001,020010909,34.28826655399244
02,02001,020010958,19.589008797605743
02,02001,020011048,0.569805115279509
02,02001,020011080,0.18157787883992121
02,02001,020011115,59.456804384305016
02,02001,020011121,7.613999317662248
02,02001,020011170,39.28844094286352
02,02001,020011183,0.44988465211647327
02,02001,020011201,16.47161908450857
02,02001,020011238,0.020765354476868177
02,02001,020011251,49.034196339488254
02,02001,020011280,0.020765354476868177
02,02001,020011297,50.24428941371629
02,02001,020011303,0.09753505275518762
02,02001,020011309,0.223678963206739
02,02001,020011334,0.7422220742089136
02,02001,020011341,0.7422220742089136
02,02001,020011345,0.5374172918754369
02,02001,020011373,0.7422220742089136
02,02001,020011444,59.456804384305016
02,02001,020011489,0.09942660621824907
02,02001,020011603,0.07321839493896419
02,02001,020011616,0.7422220742089136
02,02001,020011661,7.613999317662248
02,02001,020011663,0.4321966900924906
02,02001,020011687,48.04431747427823
02,02001,020011740,16.47161908450857
02,02001,020011812,11.884540577446566
02,02001,020011825,0.7422220742089136
02,02001,020011870,15.379604792891685
02,02001,020011957,0.7422220742089136
02,02001,020011962,59.456804384305016
02,02001,020012005,17.890689421664746
02,02001,020012007,13.768455042894217
02,02001,020012013,17.084525040201747
02,02001,020012134,0.1704098923531539
02,02001,020012160,3.775743304636295
02,02001,020012221,59.456804384305016
02,02001,020012223,51.394992664024464
02,02001,020012224,59.456804384305016
02,02001,020012230,0.37625781808328207
02,02001,020012317,17.21290941195014
02,02001,020012487,16.47161908450857
02,02001,020012488,16.47161908450857
02,02001,020012502,14.367556272240234
02,02001,020012691,6.651943344996543
02,02001,020012693,3.2003809512838206
02,02001,020012729,0.009503429921258997
02,02001,020012776,16.47161908450857
02,02001,020012870,1.4451061820138833
02,02001,020012978,1.3528483303394783
02,02001,020013151,2.4742870217850896
02,02001,020013152,2.6191842788622632
02,02001,020013170,62.016365919771616
02,02001,020013171,59.456804384305016
02,02001,020013173,59.456804384305016
02,02001,020013174,59.456804384305016
02,02001,020013283,59.26079163758684
02,02001,020013329,61.238237510631556
02,02001,020013340,0.4321966900924906
02,02001,020013353,2.3477832714650515
02,02001,020013355,15.619458462083152
02,02001,020013555,0.4706447504636316
02,02001,020013606,20.592548021997942
02,02001,020013627,7.613999317662248
02,02001,020013639,0.37625781808328207
02,02001,020013658,0.8901713679800028
02,02001,020013677,19.854657547544196
02,02001,020013682,42.75749365338726
02,02001,020013684,40.6236290135397
02,02001,020013685,38.30501417789712
02,02001,020013687,36.65640415461124
02,02001,020013688,35.91875520582832
02,02001,020013689,34.53650034004952
02,02001,020013690,37.169277233901774
02,02001,020013691,36.45315635792063
02,02001,020013692,33.80773140510268
02,02001,020013696,41.414034702043764
02,02001,020013699,33.0022651470524
02,02001,020013700,27.30966563216157
02,02001,020013706,37.237456802964076
02,02001,020013707,35.48421706057293
02,02001,020013708,33.83924727794751
02,02001,020013711,26.727509262409306
02,02001,020013714,22.567403171263482
02,02001,020013717,17.948393445896038
02,02001,020013724,33.5869587442318
02,02001,020013725,30.168250530792736
02,02001,020013726,26.95853810269852
02,02001,020013727,23.394369332203432
02,02001,020013730,10.669760717257923
02,02001,020013732,40.930142829325376
02,02001,020013733,37.77650851406896
02,02001,020013738,19.354042569359986
02,02001,020013740,15.264870404460702
02,02001,020013741,47.82567436649456
02,02001,020013742,37.74313310135793
02,02001,020013744,32.63278171252964
02,02001,020013746,27.917201958191704
02,02001,020013747,24.560889985154517
02,02001,020013749,39.93555508232353
02,02001,020013751,42.85983370027145
02,02001,020013752,37.90948166113875
02,02001,020013753,52.912266267838724
02,02001,020013755,42.44966014743839
02,02001,020013756,37.332745482656385
02,02001,020013760,36.57623934828688
02,02001,020013763,54.00274767629206
02,02001,020013765,55.28070042320792
02,02001,020013768,52.59548513339666
02,02001,020013770,37.730790725179325
02,02001,020013773,31.544398701031874
02,02001,020013774,33.78577424325592
02,02001,020013776,49.492959725000915
02,02001,020013777,43.53822347982268
02,02001,020013778,40.679113145450664
02,02001,020013780,35.85053049654721
02,02001,020013781,32.20788511028476
02,02001,020013783,49.790424158944354
02,02001,020013784,47.68129846087551
02,02001,020013795,39.964309357460344
02,02001,020013797,25.590671987190376
02,02001,020013798,20.55552819437653
02,02001,020013799,15.749027384093374
02,02001,020013801,48.936912236543215
02,02001,020013802,45.4085448034244
02,02001,020013804,44.744369344350346
02,02001,020013805,26.39687618443129
02,02001,020013807,44.27483912851885
02,02001,020013812,39.836297004155846
02,02001,020013815,0.855576679206102
02,02001,020013825,16.47161908450857
02,02001,020013828,0.7422220742089136
02,02001,020013870,0.009503429921258997
02,02001,020013888,39.197478985772484
02,02001,020013920,0.3576777138047519
02,02001,020013922,23.191114208408298
02,02001,020013963,0.18157787883992121
02,02001,020014068,1.5675448541800425
02,02001,020014075,38.2760057734972
02,02001,020014128,0.009503429921258997
02,02001,020014182,51.13873625997459
02,02001,020014183,49.085978242965055
02,02001,020014186,23.117872130986388
02,02001,020014317,11.002092905103082
02,02001,020014342,58.58453231922304
02,02001,020014390,0.17241695892940462
02,02001,020014444,6.3438613998201605
02,02001,020014523,52.49393122510264
02,02001,020014549,15.494105095064711
02,02001,020014552,0.03725115918077226
02,02001,020014592,50.2006043619347
02,02001,020014634,49.00287156223587
02,02001,020014635,7.709111526287141
02,02001,020014638,43.49554434757319
02,02001,020014656,48.33158516387539
02,02001,020014778,3.0391188899612724
02,02001,020014877,0.009503429921258997
02,02001,020014900,16.835807079237025
02,02001,020014903,43.38557926886627
02,02001,020014904,44.93000998472743
02,02001,020014908,29.70038693869603
02,02001,020014909,28.199226751145815
02,02001,020014918,14.791325884251133
02,02001,020014920,3.9039640312787585
02,02001,020014925,11.849214430477117
02,02001,020014930,12.11362982342122
02,02001,020014943,3.07091511863891
02,02001,020014965,0.009503429921258997
02,02001,020014972,3.59466603477552
02,02001,020014973,24.769450378493868
02,02001,020014980,14.69883367012017
02,02001,020015025,0.7394181539535724
02,02001,020015026,0.013380933375387918
02,02001,020015027,49.35514538573614
02,02001,020015028,27.210733463274366
02,02001,020015029,32.182727884666086
02,02001,020015037,13.144938893910567
02,02001,020015086,0.1626087025994082
02,02001,020015122,15.002728924350244
02,02001,020015154,1.9244625034192386
02,02001,020015155,59.456752082217164
02,02001,020015161,24.62447338021148
02,02001,020015162,15.384915358415828
02,02001,020015163,54.42347267741155
02,02001,020015164,48.75839676598287
02,02001,020015165,56.87536625832447
02,02001,020015166,58.36916532498516
02,02001,020015167,37.219399158465464
02,02001,020015168,54.61633942725269
02,02001,020015170,49.152953444501655
02,02001,020015171,0.009503429921258997
02,02001,020015185,1.453175760911717
02,02001,020015198,3.2945394824002308
02,02001,020015200,0.1056606062852291
02,02001,020015202,35.44207006445574
02,02001,020015204,35.83567433680891
02,02001,020015260,0.020765354476868177
02,02001,020015264,60.58158621725551
02,02001,020015277,2.5521057836551586
02,02001,020015287,39.168688837640524
02,02001,020015289,32.778486165973156
02,02001,020015297,43.25664716234904
02,02001,020015299,0.009503429921258997
02,02001,020015328,4.6023530417091205
02,02001,020015459,45.84030945377586
02,02001,020015460,44.19115414548435
02,02001,020015461,48.14497695825686
02,02001,020015462,0.717801948373427
02,02001,020015465,54.69818727566272
02,02001,020015467,1.8296022371191825
02,02001,020015472,10.141325685789383
02,02001,020015474,0.3736963159333032
02,02001,020015475,0.6842117084159957
02,02001,020015477,0.40112467892201886
02,02001,020015479,28.81762942803649
02,02001,020015483,3.499909771673446
02,02001,020015486,1.2907585912600006
02,02001,020015488,14.37498862027656
02,02001,020015496,13.218898706613256
02,02001,020015501,19.540741232824068
02,02001,020015502,29.990651197472037
02,02001,020015505,46.08327975405619
02,02001,020015506,51.226919367312384
02,02001,020015525,53.51252957082626
02,02001,020015528,48.195329553549634
02,02001,020015530,50.929704783092596
02,02001,020015531,47.191364811744165
02,02001,020015532,45.25158880661728
02,02001,020015537,20.09933921095133
02,02001,020015539,19.653606888611197
02,02001,020015540,42.024333827142925
02,02001,020015542,41.060107295850536
02,02001,020015546,40.32603689979321
02,02001,020015551,47.7910348918365
02,02001,020015552,36.4388806641901
02,02001,020015554,35.41014261724333
02,02001,020015559,32.89756505906753
02,02001,020015665,33.003181492039865
02,02001,020015692,29.452534607474178
02,02001,020015694,38.508324134411005
02,02001,020015695,35.70559034459553
02,02001,020015696,31.506345782907438
02,02001,020015697,29.74060486384159
02,02001,020015763,1.1714712126615912
02,02001,020015769,36.74157549372638
02,02001,020015907,59.456804384305016
02,02001,020015921,3.1288635473804836
02,02001,020016454,16.754385411018866
02,02002,020020284,4.3594658559881
02,02002,020020412,2.526695443420227
02,02002,020020414,2.526695443420227
02,02002,020020417,0.5772900024677797
02,02002,020020598,0.5971787222542648
02,02002,020021343,6.112936579022422
02,02002,020021350,0.5772900024677797
02,02002,020021365,5.902248449619368
02,02002,020021415,2.526695443420227
02,02002,020021620,2.526695443420227
02,02002,020021623,0.5772900024677797
02,02002,020021659,2.22183631712522
02,02002,020021694,0.5772900024677797
02,02002,020021824,2.093733546373941
02,02002,020022089,3.745233018230158
02,02002,020022224,3.514629991636257
02,02002,020022854,5.735476673346713
02,02002,020022940,0.5772900024677797
02,02002,020022966,0.5772900024677797
02,02002,020023029,0.5772900024677797
02,02002,020023103,0.5772900024677797
02,02002,020023112,4.647631709950462
02,02002,020023450,0.5772900024677797
02,02002,020024803,3.5509878857547617
02,02002,020024892,0.5772900024677797
02,02002,020024909,4.042971343593691
02,02002,020024931,2.150127087551047
02,02002,020024942,2.364912701794591
02,02002,020024945,0.5772900024677797
02,02002,020024952,6.112936579022422
02,02002,020025421,6.086154448854342
02,02002,020025435,3.09764154177148
02,02006,020060001,0.10089912671654672
02,02006,020060022,0.20677207447753845
02,02006,020060043,0.20677207447753845
02,02006,020060080,3.159074735710299
02,02006,020060084,14.701087631355481
02,02006,020060085,1.900127701835204
02,02006,020060086,3.4730638094601507
02,02006,020060088,3.271220250354813
02,02006,020060089,5.28948532765942
02,02006,020060109,15.38960766361974
02,02006,020060111,6.141481137589385
02,02006,020060114,21.42562153059134
02,02006,020060115,1.541853194511122
02,02006,020060118,0.9085819486365891
02,02006,020060121,21.108859388537667
02,02006,020060123,2.0475652338349497
02,02006,020060125,10.070100945026606
02,02006,020060127,1.4509717522800556
02,02006,020060134,0.06499205495753511
02,02006,020060162,12.474505101758968
02,02006,020060193,0.2789263141965284
02,02006,020060197,20.357204190822657
02,02006,020060199,5.110581172012459
02,02006,020060202,26.470578228203273
02,02006,020060207,30.270770914119115
02,02006,020060224,0.00869475276884134
02,02006,020060225,0.00869475276884134
02,02006,020060235,0.040195059247629714
02,02006,020060249,0.10089912671654672
02,02006,020060250,23.64962826580788
02,02006,020060257,1.489540656556584
02,02006,020060260,12.334808282440147
02,02006,020060264,23.7442279440741
02,02006,020060285,7.783339151608601
02,02006,020060287,0.10089912671654672
02,02006,020060288,0.00869475276884134
02,02006,020060289,0.03983747901881486
02,02006,020060294,3.3076838430432716
02,02006,020060296,11.062251643135875
02,02006,020060326,1.846337069902664
02,02006,020060329,11.213165311471954
02,02006,020060332,23.535637896004488
02,02006,020060344,0.746575903893503
02,02006,020060346,2.815922433543752
02,02006,020060360,10.494833286589447
02,02006,020060365,19.58618499065953
02,02006,020060383,7.3112802181094345
02,02006,020060388,5.064116131836825
02,02006,020060412,0.10089912671654672
02,02006,020060413,4.367807926126904
02,02006,020060421,25.549615480062457
02,02006,020060433,6.548207884754085
02,02006,020060440,25.513277379899062
02,02006,020060449,29.63044401138357
02,02006,020060453,0.10089912671654672
02,02006,020060456,2.94268732148067
02,02006,020060461,10.46574243080194
02,02006,020060464,22.56781400281496
02,02006,020060475,0.00869475276884134
02,02006,020060480,0.9814968907832855
02,02006,020060483,9.818354552172362
02,02006,020060488,1.4509717522800556
02,02006,020060528,5.510407011131103
02,02006,020060542,23.657013078496043
02,02006,020060569,7.612073556145893
02,02006,020060581,0.20677207447753845
02,02006,020060583,10.491838952110747
02,02006,020060585,1.330717689173372
02,02006,020060596,3.983183725129406
02,02006,020060605,25.879107333119453
02,02006,020060623,9.264891041015167
02,02006,020060629,3.5410990051687032
02,02006,020060630,0.00869475276884134
02,02006,020060642,0.10089912671654672
02,02006,020060645,2.7995277683161084
02,02006,020060646,1.4729060844138144
02,02006,020060651,3.927299869280247
02,02006,020060652,5.611477493635981
02,02006,020060660,0.4158722065808859
02,02006,020060663,2.7013891652301822
02,02006,020060672,13.413404476054497
02,02006,020060715,0.2789263141965284
02,02006,020060743,1.1750491053070293
02,02006,020060759,0.2789263141965284
02,02006,020060772,1.4509717522800556
02,02006,020060800,0.7254886546552597
02,02006,020060832,10.941472392308912
02,02006,020060837,0.00976741213336028
02,02006,020060841,0.16083134106939798
02,02006,020060845,16.547102528195623
02,02006,020060858,0.10089912671654672
02,02006,020060861,13.672390077061598
02,02006,020060865,2.6276981436683124
03,03001,030010003,1.3226041400032098
03,03001,030010027,13.351090024174907
03,03001,030010224,0.5638433752748696
03,03001,030010241,1.6774559001314089
03,03001,030010280,57.66382860070714
03,03001,030010450,1.1685953053809746
03,03001,030010662,36.42120989016861
03,03001,030010911,0.10718440041463007
03,03001,030012476,0.10718440041463007
03,03001,030012821,84.6353095267109
03,03002,030020014,0.10523231227044016
03,03002,030020015,2.3063934942072852
03,03002,030020041,0.6349541299663987
03,03002,030020049,0.2687427152009858
03,03002,030020056,9.776425725348181
03,03002,030020066,13.40666728761451
03,03002,030020116,10.78671696732062
03,03002,030020456,0.5262967121497337
03,03002,030020515,2.599357744830635
03,03002,030020715,1.0490069029689764
03,03002,030020823,0.26406702674106697
03,03002,030020967,24.645669541064596
03,03002,030021374,24.409456389321004
03,03002,030021554,8.894991957957565
03,03002,030021777,2.3063934942072852
03,03003,030030001,0.2899834551067256
03,03003,030030060,29.227494565720857
03,03003,030030092,0.5286952999876056
03,03003,030030108,0.5286952999876056
03,03003,030030224,0.6508478560380843
03,03003,030030341,0.47361242493134736
03,03003,030030381,0.47361242493134736
03,03003,030030592,0.47361242493134736
03,03003,030030898,0.47361242493134736
03,03003,030030945,0.4147893452938199
03,03003,030030963,29.327428404987742
03,03003,030031394,0.47361242493134736
03,03003,030031424,0.47361242493134736
03,03003,030031450,0.5286952999876056
03,03003,030031884,0.47361242493134736
03,03003,030031944,0.3514368116420915
03,03003,030032007,0.5607350136635083
03,03003,030032120,0.5286952999876056
03,03003,030032132,0.5286952999876056
03,03003,030032161,0.48478561102260526
03,03003,030032174,0.4989731020995366
03,03003,030032183,0.17232922071430007
03,03003,030032270,0.029722197888068853
03,03003,030032351,0.4989731020995366
03,03003,030032368,0.029722197888068853
03,03003,030032515,0.47361242493134736
03,03003,030032530,0.029722197888068853
03,03003,030032531,0.08720117510280571
03,03003,030032599,0.08200550490320578
03,03003,030032916,0.057079952227694915
03,03003,030033022,0.07026709398554079
03,03008,030080217,0.22336284748873114
03,03008,030080456,0.22336284748873114
03,03008,030080521,0.22336284748873114
03,03008,030080533,0.22336284748873114
03,03008,030080985,0.4590272264766693
03,03008,030081051,0.22336284748873114
03,03009,030090156,0.14714765836614405
03,03009,030090161,0.14714765836614405
03,03009,030090183,0.11409776801428653
03,03009,030090197,0.11409776801428653
03,03009,030090235,0.10008148909570076
04,04001,040010002,0.11728133709849045
04,04002,040020001,192.32350791469034
04,04002,040020073,1.1486307679014205
04,04002,040020077,39.5830413715477
04,04002,040020081,0.08768202410622314
04,04002,040020086,84.04084847559082
04,04002,040020087,271.2213024340156
04,04002,040020093,41.056544148902894
04,04002,040020101,14.06347358191216
04,04002,040020178,308.0084134333256
04,04002,040020200,25.6341746172235
04,04002,040020326,306.6898352092906
04,04002,040020329,302.1724797654983
04,04002,040020402,33.13205101904297
04,04002,040020501,31.34363096667862
04,04002,040020520,38.96037552219391
04,04002,040020875,30.542544650230408
04,04002,040020960,40.008151556427
04,04003,040030007,3.1397128193080424e-4
04,04003,040030199,3.5359436786803415e-4
04,04003,040030614,0.07805106615063921
04,04003,040031847,3.5359436786803415e-4
04,04003,040032724,3.5359436786803415e-4
04,04003,040034638,3.5359436786803415e-4
04,04004,040040001,98.25857359874892
04,04004,040040005,0.012592876778449863
04,04004,040040016,123.73791472890854
04,04004,040040017,174.98131726296614
04,04004,040040019,16.705179867553472
04,04004,040040021,99.29039656469726
04,04004,040040052,0.012592876778449863
04,04004,040040082,0.012592876778449863
04,04004,040040233,89.53388327786637
04,04004,040040243,0.012592876778449863
04,04004,040040521,65.08824548028731
04,04004,040041680,57.374154536931755
04,04004,040041916,4.356678540828466
04,04004,040042148,50.30757455343032
04,04004,040042356,54.32597415193916
04,04007,040070108,0.011334840336583555
04,04007,040070109,0.2843093992878646
04,04007,040070238,0.2843093992878646
04,04007,040070320,0.2843093992878646
04,04007,040070521,0.2843093992878646
04,04012,040120001,285.38932559875957
04,04012,040120016,194.6823967604904
04,04012,040120055,213.110281149064
04,04012,040120056,165.99619408169556
14,14020,140200020,31.9839297873497
14,14020,140200021,1.7177817708200513
14,14020,140200034,0.020198817973718048
14,14020,140200035,31.00147120351264
14,14020,140200041,3.3592610483875274
14,14020,140200043,4.983908754993826
14,14020,140200057,52.51819811414859
14,14020,140200062,6.439970082211494
14,14020,140200064,23.47162789020458
14,14020,140200066,13.713053999602943
14,14020,140200070,51.873988141536714
14,14020,140200078,0.020198817973718048
14,14020,140200079,0.020198817973718048
14,14020,140200082,1.6884164927234053
14,14020,140200087,0.020198817973718048
14,14020,140200088,0.020198817973718048
14,14020,140200092,1.2220027077231408
14,14020,140200109,18.653747428435327
14,14020,140200114,0.13038326850377024
14,14020,140200116,29.08907521275088
14,14020,140200117,34.75710938044307
14,14020,140200121,0.020198817973718048
14,14020,140200123,0.020198817973718048
14,14020,140200131,0.0985048677546382
14,14020,140200155,0.020198817973718048
14,14020,140200164,0.020198817973718048
14,14020,140200213,0.020198817973718048
14,14020,140200248,0.020198817973718048
14,14022,140220002,0.11659136830852082
14,14022,140220003,1.1218029525163733
14,14022,140220006,0.11659136830852082
14,14022,140220009,0.12669051024727798
14,14022,140220016,0.11659136830852082
14,14022,140220030,0.015347313986605906
14,14022,140220033,0.11659136830852082
14,14022,140220047,0.5178156489782734
14,14022,140220058,0.11134319626067206
14,14022,140220069,0.11659136830852082
14,14022,140220102,0.11659136830852082
14,14022,140220103,0.11659136830852082
14,14022,140220107,0.11659136830852082
14,14022,140220109,0.11659136830852082
14,14022,140220120,0.11659136830852082
14,14022,140220133,1.0205588981944584
14,14022,140220141,0.11659136830852082
14,14022,140220147,0.11659136830852082
14,14022,140220151,0.11659136830852082
14,14022,140220157,0.015347313986605906
14,14043,140430015,1.0205588981944584
14,14043,140430033,0.05940608031815291
14,14043,140430039,0.05940608031815291
14,14043,140430062,1.0205588981944584
14,14043,140430091,0.11109306806695694
14,14043,140430092,1.0205588981944584
14,14043,140430099,0.05940608031815291
14,14043,140430123,0.05940608031815291
14,14043,140430146,0.05940608031815291
14,14043,140430150,0.05940608031815291
14,14043,140430176,1.0205588981944584
14,14043,140430249,0.05940608031815291
14,14100,141000013,0.9265871138482269
14,14100,141000029,0.020247248233042657
14,14100,141000039,0.020247248233042657
14,14100,141000054,0.020247248233042657
14,14100,141000058,0.020247248233042657
14,14100,141000059,0.051686987748804036
14,14100,141000065,0.051686987748804036
14,14100,141000080,0.020247248233042657
14,14100,141000081,0.9265871138482269
14,14100,141000098,0.020247248233042657
14,14100,141000100,0.9265871138482269
14,14100,141000110,0.020247248233042657
14,14100,141000122,0.020198817973718048
14,14100,141000189,0.020247248233042657
14,14100,141000215,0.9265871138482269
14,14100,141000230,0.020198817973718048
14,14100,141000235,0.8791530694637473
14,14100,141000261,0.9265871138482269
14,14100,141000267,0.6486448319723185
14,14100,141000272,0.9265871138482269
14,14100,141000276,0.9265871138482269
14,14100,141000303,0.020247248233042657
14,14100,141000408,0.020247248233042657
14,14100,141000482,0.020247248233042657
14,14100,141000488,0.020247248233042657
14,14100,141000509,0.020247248233042657
18,18001,180010011,0.009115591499876697
18,18001,180010105,1.0067302840253114
18,18001,180010115,1.256956588197657
18,18004,180040065,29.041936394244335
18,18004,180040071,19.951377222026824
18,18004,180040083,0.5587075788029544
18,18004,180040093,7.513796158857107
18,18004,180040125,6.122646765159845
18,18004,180040128,0.9308938869231195
18,18004,180040137,0.08618082894203904
18,18004,180040141,5.316489847417236
18,18004,180040186,0.7585177724927664
18,18004,180040191,17.722307922828577
18,18004,180040315,20.11091138925066
18,18004,180040322,1.6700873743724487
18,18004,180040325,11.873305176018379
18,18004,180040340,8.200682331751228
18,18004,180040426,23.27283905412104
18,18004,180040455,0.07298357519318537
18,18004,180040496,5.131078249072909
18,18004,180040512,0.8416934940088987
18,18004,180040518,0.8829083776260614
18,18004,180040572,3.6319680901895763
18,18004,180040594,3.8026711894801855
18,18004,180040626,29.041936394244335
18,18004,180040637,4.056613825854197
18,18004,180040648,28.912775272249544
18,18004,180040697,1.4650532393621207
18,18004,180040757,1.733604828436464
18,18010,180100001,0.05089021242339164
18,18010,180100003,0.05089021242339164
18,18010,180100010,0.02068679630524665
18,18010,180100016,0.05089021242339164
18,18010,180100017,0.05089021242339164
18,18010,180100020,0.05089021242339164
18,18010,180100024,0.0018618378090970219
18,18010,180100027,0.05089021242339164
18,18010,180100041,0.05089021242339164
18,18010,180100118,0.05089021242339164
18,18012,180120001,0.29157886015264595
18,18012,180120003,0.30733837764462807
18,18012,180120005,0.09628029909579153
18,18012,180120006,0.6170308105821963
18,18012,180120011,0.0940358048709284
18,18012,180120014,0.08052078160380945
18,18012,180120016,0.08052078160380945
18,18012,180120017,0.09628029909579153
18,18012,180120024,0.3218596327414168
18,18012,180120026,0.09628029909579153
18,18012,180120027,0.10332206556518438
18,18012,180120029,0.09628029909579153
18,18012,180120031,0.29157886015264595
18,18012,180120035,0.14906148992856383
18,18012,180120039,0.28642720957831086
18,18012,180120043,0.28642720957831086
18,18012,180120044,0.10143194967012666
18,18012,180120045,0.09628029909579153
18,18012,180120059,0.28642720957831086
18,18012,180120070,0.09628029909579153
18,18012,180120073,0.30733837764462807
18,18012,180120134,0.14953716652340884
18,18012,180120184,0.15421314050289894
18,18012,180120188,0.27279229616225303
18,18012,180120215,0.12236009124352108
18,18012,180120224,0.09628029909579153
18,18015,180150002,0.016744584871277213
18,18015,180150007,72.6149236510239
18,18015,180150009,54.01821856870508
18,18015,180150013,0.016744584871277213
18,18015,180150014,0.016744584871277213
18,18015,180150018,0.047808486974805595
18,18015,180150021,67.76203715655521
18,18015,180150023,0.016744584871277213
18,18015,180150026,0.016744584871277213
18,18015,180150030,0.047808486974805595
18,18015,180150031,4.681571374953747
18,18015,180150040,0.047808486974805595
18,18015,180150041,0.047808486974805595
18,18015,180150044,0.15587267559850834
18,18015,180150045,0.03106390210352838
18,18015,180150046,0.009698462135904702
18,18015,180150048,0.016744584871277213
18,18015,180150059,3.7374907580189705
18,18015,180150060,0.016744584871277213
18,18015,180150067,0.3105120929442402
18,18015,180150071,0.047808486974805595
18,18015,180150073,0.016744584871277213
18,18015,180150074,68.29271397007086
18,18015,180150078,0.016744584871277213
18,18015,180150081,0.6170308105821963
18,18015,180150082,0.016744584871277213
18,18015,180150083,67.07876755168633
18,18015,180150085,0.016744584871277213
18,18015,180150150,0.016744584871277213
18,18015,180150151,0.047808486974805595
18,18015,180150152,0.016744584871277213
18,18015,180150328,48.26104468011594
18,18015,180150365,0.03106390210352838
18,18015,180150391,0.029744423204652964
18,18016,180160001,0.009115591499876697
18,18016,180160002,0.009115591499876697
18,18016,180160005,1.256956588197657
18,18016,180160007,0.009115591499876697
18,18016,180160008,0.009115591499876697
18,18016,180160011,0.009115591499876697
18,18016,180160014,0.009115591499876697
18,18016,180160016,0.009115591499876697
18,18016,180160018,0.009115591499876697
18,18016,180160020,0.009115591499876697
18,18016,180160028,0.009115591499876697
18,18016,180160030,0.009115591499876697
18,18016,180160032,0.009115591499876697
18,18016,180160036,0.009115591499876697
18,18016,180160041,0.009115591499876697
18,18016,180160043,0.009115591499876697
18,18016,180160044,1.256956588197657
18,18016,180160046,0.6285004150765072
18,18016,180160047,0.009115591499876697
18,18016,180160048,0.304347406594649
18,18016,180160049,0.009115591499876697
18,18016,180160108,1.256956588197657
18,18020,180200013,1.2685207971266006
18,18020,180200024,0.044878190112257375
18,18020,180200027,26.056647970962548
18,18020,180200037,0.0995297438209448
18,18020,180200040,0.05465155370868743
18,18020,180200041,16.770260714281932
18,18020,180200047,0.05465155370868743
18,18020,180200066,0.05465155370868743
18,18020,180200081,0.05465155370868743
18,18020,180200082,0.05465155370868743
18,18020,180200087,0.05465155370868743
18,18020,180200089,0.044878190112257375
18,18020,180200092,0.05465155370868743
18,18020,180200098,0.044878190112257375
18,18020,180200103,18.547612993293882
18,18020,180200106,20.386584050745725
18,18020,180200117,53.11271424534097
18,18020,180200118,7.327679653976932
18,18020,180200213,0.05465155370868743
18,18020,180200217,0.044878190112257375
18,18020,180200236,9.879330788906932
18,18020,180200254,0.044878190112257375
18,18020,180200270,0.05465155370868743
18,18020,180200283,44.188542774693154
18,18020,180200353,0.05465155370868743
18,18020,180200382,0.05465155370868743
18,18020,180200413,0.05465155370868743
18,18020,180200434,0.044878190112257375
18,18020,180200459,0.044878190112257375
18,18020,180200461,0.044878190112257375
18,18020,180200463,0.044878190112257375
18,18020,180200476,0.05101225470444001
18,18020,180200504,0.044878190112257375
18,18020,180200524,0.044878190112257375
18,18020,180200592,0.05465155370868743
18,18020,180200595,16.143474878087833
18,18020,180200596,0.044878190112257375
18,18020,180200648,0.05465155370868743
18,18020,180200678,0.044878190112257375
18,18020,180200690,0.044878190112257375
23,23001,230010426,0.44472470190000535
23,23001,230010462,0.44472470190000535
23,23001,230010745,0.44472470190000535
23,23001,230010845,0.44472470190000535
23,23001,230010854,0.44472470190000535
23,23001,230010858,0.44472470190000535
23,23001,230010877,0.2839268150602579
23,23001,230010891,0.44472470190000535
23,23001,230010893,0.44472470190000535
23,23001,230010917,0.44472470190000535
23,23001,230010932,0.44472470190000535
23,23001,230010957,0.012215287086814642
23,23001,230010976,0.0392570193913579
23,23001,230010999,0.3543567563364506
23,23001,230011032,0.44472470190000535
23,23001,230011047,0.44472470190000535
23,23001,230011049,0.44472470190000535
25,25001,250010067,0.0526468961445773
25,25001,250010072,0.007511086792394519
25,25001,250010081,1.863689787721073
25,25001,250010082,0.00988397785656154
25,25001,250010090,0.007511086792394519
25,25001,250010095,0.1118341398402854
25,25001,250010119,15.998636765378238
25,25001,250010128,0.007511086792394519
25,25001,250010148,0.22489703062577046
25,25001,250010149,0.1914101046795518
25,25001,250010150,0.006329623605866917
25,25001,250010156,1.3999104584175246
25,25001,250010160,0.007511086792394519
25,25001,250010163,0.0011814631865276024
25,25001,250010166,0.3376139592019107
25,25001,250010169,0.05044675690681957
25,25001,250010178,0.0011814631865276024
25,25001,250010193,0.019987888823825673
25,25001,250010198,0.17660656986242312
25,25001,250010210,0.030722350694715978
25,25001,250010212,0.006329623605866917
25,25001,250010225,0.030722350694715978
25,25001,250010228,0.026480095188624226
25,25001,250010234,0.0011814631865276024
25,25001,250010240,1.4118117516584254
25,25001,250010245,0.005951062916532159
25,25001,250010253,1.339504064661175
25,25001,250010285,0.03251653897901942
25,25001,250010349,0.10239429608214255
25,25001,250010356,1.4180832988883405
25,25001,250010370,0.9693268761493197
25,25001,250010398,0.0775436622565743
25,25001,250010407,0.00988397785656154
25,25001,250010447,0.03206344250626117
25,25001,250010448,0.4369113068114804
25,25001,250010459,0.0011814631865276024
25,25001,250010513,0.0465569277154189
25,25001,250010514,0.3534785935613921
25,25001,250010517,0.007511086792394519
25,25001,250010532,0.052051331330086846
25,25001,250010546,0.10239429608214255
25,25001,250010567,0.0011814631865276024
25,25001,250010598,0.05044675690681957
25,25001,250010626,0.993660895376585
25,25001,250010627,0.11174125990673621
25,25001,250010675,0.19028002185703313
25,25001,250010705,0.0011814631865276024
25,25001,250010727,0.02827836853628233
25,25001,250010733,0.0011814631865276024
25,25001,250010751,0.12378277197232526
25,25001,250010783,0.007511086792394519
25,25001,250010784,0.007511086792394519
25,25001,250010797,0.0011814631865276024
25,25001,250010800,1.2763516504488497
25,25001,250010834,0.4369113068114804
25,25001,250010838,0.0503427493333742
25,25001,250010917,0.07121403865070738
25,25001,250010943,0.006329623605866917
25,25001,250010957,0.007511086792394519
25,25001,250010989,0.0465569277154189
25,25001,250011001,1.863689787721073
25,25001,250011045,0.05044675690681957
25,25001,250011151,0.00988397785656154
25,25001,250011379,0.007511086792394519
25,25002,250020035,0.05684691798615549
25,25002,250020054,0.05684691798615549
25,25002,250020058,0.05684691798615549
25,25002,250020093,0.05684691798615549
25,25002,250020114,0.05684691798615549
25,25002,250020117,0.05684691798615549
25,25002,250020118,0.05684691798615549
25,25002,250020226,0.21900648775281245
25,25006,250060117,0.07065095210964978
25,25006,250060121,0.009728089114231522
25,25006,250060122,0.009728089114231522
25,25006,250060129,0.091320050962314
25,25006,250060132,0.02001651706341654
25,25006,250060133,0.031493261587078686
25,25006,250060136,0.091320050962314
25,25006,250060143,0.24901535292716698
25,25006,250060162,0.0688321249372214
25,25006,250060177,0.091320050962314
25,25006,250060185,0.091320050962314
25,25006,250060201,0.24901535292716698
25,25006,250060236,0.020368906840473412
25,25006,250060281,0.091320050962314
25,25006,250060295,0.091320050962314
25,25006,250060305,0.2233197502901014
25,25006,250060311,0.606639227014266
25,25006,250060318,0.15568131468971166
25,25006,250060321,0.0688321249372214
25,25006,250060341,0.20295433084513806
25,25006,250060349,0.091320050962314
25,25006,250060387,0.020365419444963336
25,25006,250060391,0.20295433084513806
25,25006,250060399,0.091320050962314
25,25006,250060400,0.0688321249372214
25,25006,250060413,0.091320050962314
25,25006,250060421,0.07972266042038054
25,25006,250060431,0.5809739529515132
25,25006,250060443,0.24901535292716698
25,25006,250060453,0.091320050962314
25,25006,250060470,0.091320050962314
25,25006,250060482,0.009728089114231522
25,25006,250060486,0.24901535292716698
25,25006,250060497,0.0688321249372214
25,25006,250060505,0.1311042702588644
25,25006,250060533,0.091320050962314
25,25006,250060537,0.009728089114231522
25,25006,250060539,0.24901535292716698
25,25006,250060541,0.012878508494183422
25,25006,250060544,0.020365419444963336
25,25006,250060547,0.24901535292716698
25,25006,250060556,0.0688321249372214
25,25006,250060566,0.24901535292716698
25,25006,250060579,0.020368906840473412
25,25006,250060600,0.009728089114231522
25,25006,250060601,0.02001651706341654
25,25006,250060612,0.07096705883832835
25,25006,250060614,0.1628569586891737
25,25006,250060622,0.009728089114231522
25,25006,250060627,0.091320050962314
25,25006,250060648,0.091320050962314
25,25006,250060657,0.08845572827949189
25,25006,250060667,0.02001651706341654
25,25006,250060711,0.02001651706341654
25,25006,250060746,0.24901535292716698
25,25006,250060772,0.06746305413670092
25,25006,250060854,0.091320050962314
25,25006,250060882,0.0688321249372214
25,25006,250060903,0.1628569586891737
25,25006,250060960,0.009728089114231522
25,25006,250060975,0.009728089114231522
25,25006,250060997,0.20295433084513806
25,25006,250060999,0.020365419444963336
25,25006,250061003,0.13461999715381856
25,25006,250061041,0.009728089114231522
25,25006,250061042,0.009728089114231522
25,25006,250061044,0.031493261587078686
25,25006,250061061,0.298403896831254
25,25006,250061063,0.009728089114231522
25,25006,250061103,0.020368906840473412
25,25006,250061116,0.0688321249372214
25,25006,250061124,0.009728089114231522
25,25006,250061126,0.011735133049279452
25,25006,250061128,0.24901535292716698
25,25006,250061165,0.010226643683210015
25,25006,250061166,0.24901535292716698
25,25006,250061168,0.20295433084513806
25,25006,250061193,0.36415656792249523
25,25006,250061225,0.009728089114231522
25,25006,250061227,0.07972266042038054
25,25006,250061240,0.1297790523183346
25,25006,250061258,0.0688321249372214
25,25006,250061278,0.24901535292716698
25,25006,250061279,0.02001651706341654
25,25006,250061325,0.1475068310253918
25,25006,250061346,0.010142263157263399
25,25006,250061350,0.24901535292716698
25,25006,250061359,0.020365419444963336
25,25006,250061361,0.009728089114231522
25,25006,250061365,0.009728089114231522
25,25006,250061377,0.091320050962314
25,25006,250061415,0.07972266042038054
25,25006,250061431,0.02001651706341654
25,25006,250061435,0.020365419444963336
25,25006,250061461,0.0688321249372214
25,25006,250061472,0.1628569586891737
25,25006,250061473,0.009728089114231522
25,25006,250061474,0.15047755357824616
25,25006,250061480,0.1628569586891737
25,25006,250061496,0.07972266042038054
25,25006,250061509,0.07972266042038054
25,25006,250061511,0.091320050962314
25,25006,250061514,0.0688321249372214
25,25006,250061526,0.07972266042038054
25,25006,250061563,0.24901535292716698
25,25006,250061584,0.24901535292716698
25,25006,250061622,0.020365419444963336
25,25006,250061659,0.25340867610041795
25,25006,250061665,0.091320050962314
25,25006,250061669,0.173332040743133
25,25006,250061684,0.0688321249372214
25,25006,250061695,0.20295433084513806
25,25006,250061698,0.06188260040852427
25,25006,250061741,0.24901535292716698
25,25006,250061765,0.091320050962314
25,25006,250061832,0.3953377602260336
25,25006,250061998,0.2563088136436939
25,25006,250062019,0.07972266042038054
25,25006,250062033,0.07972266042038054
25,25006,250062156,0.009728089114231522
25,25006,250062160,0.009728089114231522
25,25006,250062164,0.009728089114231522
25,25006,250062255,0.091320050962314
25,25006,250062262,0.16485775746651088
25,25006,250062270,0.091320050962314
25,25006,250062282,0.06188260040852427
25,25006,250062398,0.14835773104831576
25,25006,250062449,0.0688321249372214
25,25006,250062466,0.24901535292716698
25,25006,250062469,0.29747857102391495
25,25006,250062480,0.0688321249372214
25,25006,250062489,0.020368906840473412
25,25006,250062604,0.24901535292716698
25,25006,250062727,0.02853726078900695
25,25006,250062732,0.05970614335696399
25,25006,250062758,0.009728089114231522
25,25006,250062784,0.091320050962314
25,25006,250062807,0.020368906840473412
25,25006,250062875,0.07972266042038054
25,25006,250062910,0.04652059204655886
25,25006,250063028,0.24901535292716698
25,25006,250063081,0.0688321249372214
25,25006,250063086,0.020368906840473412
25,25006,250063106,0.020368906840473412
25,25006,250063141,0.010142263157263399
25,25006,250063254,0.07972266042038054
25,25006,250063466,0.0688321249372214
25,25006,250063537,0.22553547778340424
25,25008,250080028,0.38110374923086165
25,25008,250080029,0.020070639106735587
25,25008,250080032,0.12216820337844057
25,25008,250080045,0.14223884248517615
25,25008,250080061,0.14223884248517615
25,25008,250080064,0.1120581495540589
25,25008,250080074,0.020070639106735587
25,25008,250080085,0.38110374923086165
25,25008,250080100,0.14223884248517615
25,25008,250080171,0.14223884248517615
25,25008,250080172,0.12149968932515545
25,25008,250080211,0.020155175693329773
25,25008,250080398,0.14223884248517615
25,25008,250080409,0.47201922986044736
25,25008,250080421,0.14223884248517615
25,25009,250090001,0.016865353964716195
25,25009,250090018,0.020128539082437755
25,25009,250090023,1.1987436789389783
25,25009,250090034,0.020128539082437755
25,25009,250090044,0.020128539082437755
25,25009,250090060,1.256956588197657
25,25009,250090183,0.020128539082437755
25,25009,250090197,0.020128539082437755
25,25009,250090220,0.020128539082437755
25,25009,250090595,0.020128539082437755
25,25009,250090651,0.020128539082437755
25,25009,250090671,0.020128539082437755
25,25009,250090779,1.256956588197657
25,25010,250100001,1.6641894861822855
25,25010,250100004,0.08628440390361165
25,25010,250100013,1.6492213628905432
25,25010,250100016,1.6641894861822855
25,25010,250100018,8.692815497256815e-4
25,25010,250100022,0.009016158119224944
25,25010,250100026,1.6641894861822855
25,25010,250100029,0.010021440992251038
25,25010,250100031,0.010021440992251038
25,25010,250100035,0.010021440992251038
25,25010,250100036,0.7762350243879821
25,25010,250100037,1.332229445520695
25,25010,250100046,0.5132006620266065
25,25010,250100047,0.20317818076295446
25,25010,250100048,0.36153232514424
25,25010,250100051,0.010021440992251038
25,25010,250100077,0.010021440992251038
25,25010,250100081,0.010021440992251038
25,25010,250100088,1.69388608098224
25,25010,250100097,0.05351866259016255
25,25010,250100104,0.25659289550197806
25,25010,250100115,0.010021440992251038
25,25010,250100117,0.5032009286490418
25,25010,250100118,1.2316846796059606
25,25010,250100119,0.5640425424663353
25,25010,250100122,0.2657020169521042
25,25010,250100124,1.5567399343653785
25,25010,250100126,1.5338005992722155
25,25010,250100132,0.010021440992251038
25,25010,250100135,0.13700257654917053
25,25010,250100137,0.010021440992251038
25,25010,250100143,1.632865377943794
25,25010,250100168,1.6095239134281183
25,25010,250100182,0.05351866259016255
25,25010,250100186,0.010021440992251038
25,25010,250100195,0.010021440992251038
25,25010,250100199,0.5289997462623895
25,25010,250100200,0.010021440992251038
25,25010,250100204,9.48845885565126e-4
25,25010,250100210,0.9079036733072824
25,25010,250100212,1.6641894861822855
25,25010,250100214,0.5132006620266065
25,25010,250100216,0.18592162514323368
25,25010,250100237,1.6269962127186337
25,25010,250100272,1.6641894861822855
25,25010,250100305,1.6641894861822855
25,25010,250100309,0.2863934381530716
25,25010,250100331,1.6641894861822855
25,25010,250100344,0.010021440992251038
25,25010,250100351,0.010021440992251038
25,25010,250100352,0.4251346304483115
25,25010,250100354,1.6641894861822855
25,25010,250100357,0.32117589239364436
25,25010,250100387,1.6641894861822855
25,25010,250100420,1.6641894861822855
25,25010,250100421,0.5141420118920238
25,25010,250100465,1.7474047435724025
25,25010,250100539,0.010021440992251038
25,25010,250100542,0.010021440992251038
25,25010,250100547,1.6641894861822855
25,25010,250100548,0.05351866259016255
25,25010,250100599,1.6097523539029646
25,25010,250100727,0.010021440992251038
25,25010,250100987,0.05351866259016255
25,25010,250101235,0.010021440992251038
25,25010,250101278,0.9980691235987436
25,25010,250101279,0.6272628601391067
25,25010,250101289,0.010021440992251038
25,25010,250101372,0.25714912823036
25,25010,250101408,0.010021440992251038
25,25010,250101523,0.4578545842536346
25,25011,250110042,0.20208587156390959
25,25011,250110065,0.2967241548688486
25,25011,250110079,0.28886001157197355
25,25011,250110114,0.7283836767676454
25,25011,250110119,0.7086368640108742
25,25011,250110129,0.7283836767676454
25,25011,250110148,0.27567572775353677
25,25011,250110220,0.7086368640108742
25,25011,250110228,0.0727746714828331
25,25011,250110233,0.7086368640108742
25,25011,250110239,0.15674296714364364
25,25011,250110280,0.0727746714828331
25,25011,250110380,0.7283836767676454
25,25011,250110381,0.0727746714828331
25,25011,250110386,0.20208587156390959
25,25011,250110457,0.4106147327867709
25,25011,250110562,0.061173852971846236
25,25011,250110563,0.20208587156390959
25,25011,250110695,0.7283836767676454
25,25011,250110700,0.14205039333688654
25,25011,250110707,0.7283836767676454
25,25011,250110723,0.061173852971846236
25,25011,250110741,0.7283836767676454
25,25011,250110751,0.20208587156390959
25,25011,250110781,0.7283836767676454
25,25011,250110941,0.7283836767676454
25,25011,250111162,0.7283836767676454
25,25011,250111273,0.2965702963783741
25,25012,250120001,0.36680843421421155
25,25012,250120128,0.35740140679913013
25,25012,250120133,0.7470929802351362
25,25012,250120134,0.10805808928220718
25,25012,250120135,0.020111647702485323
25,25012,250120162,0.4445435392234474
25,25012,250120169,0.6919995182376569
25,25012,250120187,0.020111647702485323
25,25012,250120191,0.7470929802351362
25,25012,250120197,0.5364519830725184
25,25012,250120208,0.7470929802351362
25,25012,250120230,0.020111647702485323
25,25012,250120240,0.3559204600081742
25,25012,250120241,0.7470929802351362
25,25012,250120243,0.29555494394004345
25,25012,250120249,0.3559204600081742
25,25012,250120255,0.7470929802351362
25,25012,250120268,0.8115386244928455
25,25012,250120274,0.020111647702485323
25,25012,250120278,0.020111647702485323
25,25012,250120284,0.2952944423931837
25,25012,250120288,0.45153803629509265
25,25012,250120294,0.020111647702485323
25,25012,250120300,0.020111647702485323
25,25012,250120304,0.680532861627913
25,25012,250120307,0.29555494394004345
25,25012,250120311,0.7470929802351362
25,25012,250120313,0.020111647702485323
25,25012,250120325,0.46486150867322645
25,25012,250120331,0.7470929802351362
25,25012,250120332,0.020111647702485323
25,25012,250120341,0.45153803629509265
25,25012,250120346,0.020111647702485323
25,25012,250120348,0.45153803629509265
25,25012,250120351,0.1431076528046131
25,25012,250120357,0.4707748279517805
25,25012,250120360,0.020111647702485323
25,25012,250120376,0.7470929802351362
25,25012,250120415,0.7938594539471855
25,25012,250120457,0.02007118258176744
25,25012,250120483,0.6345800738274856
25,25012,250120504,0.4712929197968347
25,25012,250120510,0.8320069270125618
25,25012,250120586,0.10517465266177058
25,25012,250120719,0.3600005881977528
25,25012,250120747,0.29555494394004345
25,25012,250120761,0.08758978676249086
25,25012,250120764,0.6160252036594813
25,25012,250120786,0.7470929802351362
25,25012,250120795,0.07040535429768265
25,25012,250120801,0.6160252036594813
25,25012,250120806,0.6160252036594813
25,25012,250120822,0.7470929802351362
25,25012,250120824,0.3522756994969528
25,25012,250120851,0.3365368050613662
25,25012,250120863,0.8115386244928455
25,25012,250120864,0.8115386244928455
25,25012,250120990,0.29555494394004345
25,25012,250121005,0.45153803629509265
25,25012,250121044,0.6160252036594813
25,25012,250121182,0.05149901741930842
25,25012,250121257,0.44695013685368
25,25012,250121377,0.020111647702485323
25,25012,250121428,0.21742550133340804
25,25012,250121461,0.1407177067284882
25,25012,250121482,0.7470929802351362
25,25013,250130004,0.07667235598490084
25,25013,250130013,0.04938854390408704
25,25013,250130014,0.04938854390408704
25,25013,250130047,0.04938854390408704
25,25013,250130058,0.04938854390408704
25,25013,250130068,0.04938854390408704
25,25013,250130074,0.04938854390408704
25,25013,250130094,0.04938854390408704
25,25013,250130142,0.04938854390408704
25,25013,250130235,0.04938854390408704
25,25013,250130242,0.04938854390408704
25,25013,250130276,0.04938854390408704
25,25013,250130284,0.04938854390408704
25,25013,250130295,0.04938854390408704
25,25013,250130330,0.04938854390408704
25,25013,250130344,0.03274582758859033
25,25013,250130367,0.04938854390408704
25,25013,250130370,0.04938854390408704
25,25013,250130565,0.04938854390408704
25,25013,250130589,0.04938854390408704
25,25014,250140041,0.07040535429768265
25,25014,250140079,0.02016315544718504
25,25014,250140134,0.07040535429768265
25,25014,250140146,0.02016315544718504
25,25014,250140388,0.02016315544718504
25,25014,250140398,0.08758978676249086
25,25014,250140472,0.07040535429768265
25,25014,250140757,0.07040535429768265
25,25016,250160002,0.12216820337844057
25,25016,250160004,0.12216820337844057
25,25016,250160066,0.14237183092350744
25,25016,250160335,0.14237183092350744
25,25016,250160676,0.14237183092350744
25,25016,250160712,0.14237183092350744
25,25016,250160759,0.02007118258176744
25,25016,250160774,0.3559204600081742
25,25017,250170029,0.05114709213430621
25,25017,250170039,0.14989008540542423
25,25017,250170071,0.18172848788266163
25,25017,250170084,0.09890249493992283
25,25017,250170115,0.14989008540542423
25,25017,250170138,0.14989008540542423
25,25017,250170195,0.03999508424764499
25,25017,250170203,0.14989008540542423
25,25017,250170294,0.04459357341011148
25,25017,250170315,0.03999508424764499
25,25017,250170367,0.24879258034534707
25,25017,250170465,0.24879258034534707
25,25017,250170527,0.09890249493992283
25,25017,250170538,0.03999508424764499
25,25017,250170681,0.24879258034534707
25,25017,250170829,0.24879258034534707
25,25017,250170902,0.24879258034534707
25,25017,250171046,0.14989008540542423
25,25017,250171100,0.09890249493992283
25,25017,250171169,0.14989008540542423
25,25017,250171176,0.14989008540542423
25,25017,250171468,0.24879258034534707
25,25017,250171520,0.03999508424764499
25,25017,250171525,0.03999508424764499
25,25017,250171551,0.24879258034534707
25,25017,250171557,0.03999508424764499
25,25017,250171568,0.02999835927531123
25,25017,250171637,0.09890249493992283
25,25017,250171711,0.03999508424764499
25,25018,250180002,0.39378573249578475
25,25018,250180003,0.5212184934920668
25,25018,250180004,1.1389912632632702
25,25018,250180006,2.9405653153881115
25,25018,250180008,0.0688321249372214
25,25018,250180014,2.581243476050038
25,25018,250180018,3.7121906424123097
25,25018,250180019,0.0688321249372214
25,25018,250180022,0.5212184934920668
25,25018,250180036,0.014894360449068248
25,25018,250180037,0.05868986177995801
25,25018,250180041,1.9435080143405423
25,25018,250180049,0.4091598401489183
25,25018,250180054,2.7148030339081193
25,25018,250180064,0.5212184934920668
25,25018,250180066,2.007272130982585
25,25018,250180071,0.048463218096747994
25,25018,250180076,0.014894360449068248
25,25018,250180078,0.5212184934920668
25,25018,250180113,1.6662452720471765
25,25018,250180123,0.5212184934920668
25,25018,250180126,0.27119636501252464
25,25018,250180127,0.048463218096747994
25,25018,250180131,4.789504675170739
25,25018,250180132,0.0688321249372214
25,25018,250180159,0.5212184934920668
25,25018,250180162,0.5831010939005912
25,25018,250180170,1.5894864751288593
25,25018,250180186,0.0688321249372214
25,25018,250180190,0.0688321249372214
25,25018,250180199,0.0688321249372214
25,25018,250180210,0.5212184934920668
25,25018,250180219,0.048463218096747994
25,25018,250180222,0.014894360449068248
25,25018,250180228,0.5212184934920668
25,25018,250180230,0.0688321249372214
25,25018,250180276,0.0688321249372214
25,25018,250180283,0.5212184934920668
25,25018,250180286,0.048463218096747994
25,25018,250180292,0.5212184934920668
25,25018,250180299,3.647611003826102
25,25018,250180320,1.4205083923211843
25,25018,250180322,0.06188260040852427
25,25018,250180349,0.0688321249372214
25,25018,250180354,0.0688321249372214
25,25018,250180355,0.0688321249372214
25,25018,250180357,0.5212184934920668
25,25018,250180361,0.048463218096747994
25,25018,250180364,0.048463218096747994
25,25018,250180368,0.020005670522347092
25,25018,250180374,0.5212184934920668
25,25018,250180375,0.5212184934920668
25,25018,250180378,0.5212184934920668
25,25018,250180379,0.5212184934920668
25,25018,250180380,0.0688321249372214
25,25018,250180392,0.014894360449068248
25,25018,250180407,0.048463218096747994
25,25018,250180434,1.4891685310183616
25,25018,250180455,3.3629198542104475
25,25018,250180462,3.6446583201446945
25,25018,250180528,0.5212184934920668
25,25018,250180557,0.0688321249372214
25,25018,250180561,0.048463218096747994
25,25018,250180588,3.728546892800175
25,25018,250180604,0.048463218096747994
25,25018,250180633,0.25902899217359954
25,25018,250182135,0.0688321249372214
25,25018,250182142,0.0688321249372214
25,25018,250182163,0.25902899217359954
25,25018,250182169,0.0688321249372214
25,25018,250182205,0.757622761703777
25,25018,250182264,0.5212184934920668
25,25018,250182269,0.014894360449068248
26,26012,260120094,8.156151726379042
26,26012,260120100,0.008969513192795217
26,26012,260120172,0.08353564361205697
26,26012,260120220,6.92029328283812
26,26017,260170037,21.286143614116327
26,26017,260170080,14.49484798648119
26,26017,260170102,5.085093982848048
26,26017,260170398,4.813359364690781
26,26017,260170565,14.49484798648119
26,26017,260170759,4.26270323448406
26,26017,260170760,5.083544426802874
26,26018,260180001,6.5353054401051995
26,26018,260180072,0.3481992775447816
26,26018,260180074,4.832496449276805e-4
26,26018,260180077,8.439890148757744
26,26018,260180090,0.33957556605974704
26,26018,260180284,8.439890148757744
26,26018,260180289,8.439890148757744
26,26018,260180311,8.439890148757744
26,26018,260180329,8.439890148757744
26,26018,260180342,0.008672711203187966
26,26018,260180356,8.439890148757744
26,26018,260180364,7.18948021158886
26,26018,260180387,8.439890148757744
26,26018,260180394,8.439890148757744
26,26018,260180526,6.040790832639932
26,26018,260180535,8.439890148757744
26,26018,260180543,5.183624237248351
26,26018,260180552,8.439890148757744
26,26018,260180585,0.33957556605974704
26,26018,260180701,8.439890148757744
26,26018,260180854,0.12947334961606888
26,26018,260180887,8.439890148757744
26,26018,260181193,8.439890148757744
26,26018,260181205,8.434612463649009
26,26018,260181334,8.332960700729089
26,26018,260181550,1.1869672732764482
26,26018,260181600,8.439890148757744
26,26018,260181605,6.527790032321096
26,26018,260181669,8.439890148757744
26,26018,260181712,0.29232970661845803
26,26018,260181719,0.585078342439285
26,26018,260181841,8.439890148757744
26,26018,260181853,3.153161207761407
26,26018,260181954,8.439890148757744
26,26018,260181977,3.1899382354636936
26,26018,260181982,8.439890148757744
26,26018,260182004,8.439890148757744
26,26018,260182035,3.936522968276669
26,26018,260182323,8.439890148757744
26,26018,260182587,7.597761264163971
26,26018,260182602,8.439890148757744
26,26018,260182702,2.7755153427237764
26,26018,260182848,8.439890148757744
26,26018,260182850,8.439890148757744
26,26018,260182862,8.439890148757744
26,26018,260182925,8.439890148757744
26,26018,260182953,8.439890148757744
26,26018,260182963,8.439890148757744
26,26018,260183098,3.0964620865187644
26,26018,260183279,8.439890148757744
26,26025,260250001,1.2362564604258146
26,26025,260250013,0.2653327068387754
26,26025,260250047,0.02029422916262597
26,26025,260250082,2.0446694629786277
26,26025,260250140,0.13045648303282262
26,26025,260250154,0.3245588269156851
26,26025,260250242,0.054841421200025824
26,26026,260260051,1.3105963326068222
26,26029,260290001,2.2808253655975737
26,26029,260290025,6.001798691415606
26,26029,260290075,0.2087741072748471
26,26029,260290111,0.02029422916262597
26,26029,260290144,2.9184598587493453
26,26029,260290224,0.4082948337183115
26,26029,260290226,0.060938075864127174
26,26029,260290254,0.2087741072748471
26,26029,260290271,0.07918620877689682
26,26029,260290422,0.2087741072748471
26,26029,260290453,2.514033838448695
26,26029,260290621,2.2288208433555234
26,26029,260290631,2.930674372254641
26,26029,260290678,0.02029422916262597
26,26029,260290837,17.83692224972386
26,26029,260290877,0.24299678718622214
26,26029,260290894,0.2376397649688016
26,26029,260290924,0.2087741072748471
26,26029,260290926,2.696122720733544
26,26029,260291007,0.5361729264256221
26,26029,260291132,1.7663811541315875
26,26029,260291263,0.5438818636850111
26,26029,260291298,16.072772366129836
26,26029,260291299,18.655638826083223
26,26029,260291364,17.601827681065934
26,26029,260291393,16.072772366129836
26,26029,260291404,0.2087741072748471
26,26029,260291559,16.105346864262845
26,26029,260291637,2.835398353020484
26,26029,260291704,2.9184598587493453
26,26029,260291708,2.9184598587493453
26,26030,260300137,1.0462962153091988
26,26030,260300208,0.18239453348521514
26,26030,260301664,1.222990192677116
26,26030,260301889,1.0462962153091988
26,26030,260302987,1.0462962153091988
26,26030,260303258,0.05001524179942161
26,26030,260303371,1.0462962153091988
26,26030,260303415,0.18239453348521514
26,26033,260330002,12.11013987678005
26,26033,260330005,0.16136529201005587
26,26033,260330008,0.48167083946332756
26,26033,260330011,0.46218347227988066
26,26033,260330012,0.05025433049739897
26,26033,260330019,0.5816580488553387
26,26033,260330020,0.06055370463358611
26,26033,260330028,0.35038335363659306
26,26033,260330031,0.11368551477925107
26,26033,260330032,0.06137808261804469
26,26033,260330035,0.4740071136558396
26,26033,260330036,0.5702740720699173
26,26033,260330038,0.48167083946332756
26,26033,260330041,0.06137808261804469
26,26033,260330044,0.48167083946332756
26,26033,260330051,0.3149046512800646
26,26033,260330054,0.48167083946332756
26,26033,260330055,0.48167083946332756
26,26033,260330058,0.06137808261804469
26,26033,260330063,0.16136529201005587
26,26033,260330067,0.48167083946332756
26,26033,260330070,0.1382002330608302
26,26033,260330074,0.06055370463358611
26,26033,260330088,0.16136529201005587
26,26033,260330089,0.5816580488553387
26,26033,260330099,0.05025433049739897
26,26033,260330100,0.48167083946332756
26,26033,260330112,2.900751484034944
26,26033,260330116,13.328126698258448
26,26033,260330122,0.05025433049739897
26,26033,260330123,3.4310050302842874
26,26033,260330125,0.16136529201005587
26,26033,260330180,1.8665500183995867
26,26033,260330198,0.48167083946332756
26,26033,260330201,0.48167083946332756
26,26033,260330210,0.3477327801868436
26,26033,260330221,0.06055370463358611
26,26033,260330230,0.48167083946332756
26,26033,260330235,0.4586605878093657
26,26033,260330250,0.16136529201005587
26,26033,260330255,0.48167083946332756
26,26033,260330259,0.48167083946332756
26,26033,260330277,0.48167083946332756
26,26033,260330320,0.06556182331339643
26,26033,260330373,3.5305529656014927
26,26033,260330439,0.48167083946332756
26,26033,260330444,0.48167083946332756
26,26047,260470065,0.619642580246117
26,26048,260480001,0.9581503717943584
26,26048,260480004,1.394733731207992
26,26048,260480090,1.2818071284947283
26,26048,260480204,0.8108043193090977
26,26048,260480243,0.11107336590354518
26,26048,260480251,1.2818071284947283
26,26048,260480269,1.394733731207992
26,26048,260480325,1.0082291631971552
26,26071,260710098,3.1899382354636936
26,26071,260710101,2.6047889466893746
26,26071,260710113,0.7500478090910614
26,26071,260710139,3.939986044554755
26,26071,260710140,3.8822093352055846
26,26071,260710141,1.2995696650545299
26,26072,260720157,0.033742930664017796
26,26072,260720186,2.9843438715895525
31,31011,310110001,0.0357665599488914
31,31011,310110059,0.002348925864547491
31,31027,310270004,0.45864301659697293
31,31028,310280001,0.15309032999926805
31,31028,310280080,0.15309032999926805
31,31028,310280139,0.15309032999926805
31,31028,310280166,0.15309032999926805
31,31038,310380004,0.07468652004478127
31,31061,310610001,0.11936405857545138
31,31065,310650001,0.11936405857545138
31,31083,310830001,0.4516952616198063
