CVE_LOC,CVE_MUN,tot_denue_fish,fish_pcapita,prop_uefish
020010001,02001,112,3.387247014988568e-4,0.007425086184036065
020010095,02001,1,5.844535359438924e-4,0.1
020010118,02001,1,6.097560975609756e-4,0.25
020010124,02001,4,0.0032441200324412004,0.05194805194805195
020010139,02001,3,1.0726161106939826e-4,0.0024793388429752068
020010184,02001,1,0.001834862385321101,0.02857142857142857
020010186,02001,1,3.2310177705977385e-4,0.005917159763313609
020010243,02001,1,1.973164956590371e-4,0.00398406374501992
020010247,02001,20,0.001758860258552458,0.041237113402061855
020010736,02001,1,0.009174311926605505,0
020011025,02001,1,4.23728813559322e-4,0.5
020012157,02001,1,0.02127659574468085,0.16666666666666666
020013122,02001,1,0.00202020202020202,0
020013368,02001,1,6.337135614702154e-4,0.3333333333333333
020020001,02002,2,2.3414104188080817e-6,6.825006825006825e-5
020020237,02002,1,2.6483050847457627e-4,0.004629629629629629
020020394,02002,1,0.0012836970474967907,0
020020402,02002,1,0.022727272727272728,0
020020411,02002,1,0.05263157894736842,0
020021195,02002,1,0.0011402508551881414,0
020040001,02004,2,1.104578755084514e-6,3.342972236615575e-5
020050001,02005,1,9.934432743890323e-6,2.4154589371980676e-4
020050086,02005,1,0.02702702702702703,0.25
020050090,02005,2,0.018018018018018018,0.01834862385321101
020050305,02005,4,0.13793103448275862,0.1
020060001,02006,11,0.0023138409760201937,0.03151862464183381
020060003,02006,1,0.045454545454545456,1
020060022,02006,15,0.019206145966709345,0.3
020060040,02006,1,8.87154009936125e-5,0.0025380710659898475
020060085,02006,1,2.7210884353741496e-4,0.015625
020060115,02006,4,0.025477707006369428,0
020060117,02006,1,0.006896551724137931,0
020060118,02006,9,0.025787965616045846,0
020060121,02006,4,9.823182711198428e-4,0.03389830508474576
020060124,02006,2,0.0018656716417910447,2
020060126,02006,5,0.046296296296296294,0
020060127,02006,4,0.008771929824561403,0
020060225,02006,4,0.0020161290322580645,0.0449438202247191
020060248,02006,1,1.0377750103777501e-4,0.0045662100456621
020060585,02006,1,5.3109565032662385e-5,0.0011560693641618498
020060683,02006,1,0.007407407407407408,0
020060837,02006,3,0.013574660633484163,0
020060861,02006,6,0.003992015968063872,0.2857142857142857
020060863,02006,2,1.4413375612568464e-4,0.002849002849002849
030010001,03001,25,5.707111060381235e-4,0.009328358208955223
030010003,03001,41,0.018410417602155366,0.3037037037037037
030010027,03001,2,0.03636363636363636,0
030010049,03001,1,0.0018552875695732839,0
030010112,03001,2,0.05263157894736842,0
030010133,03001,6,6.5695828314902e-4,0.015384615384615385
030010162,03001,1,0.007692307692307693,0
030010224,03001,2,0.00425531914893617,0
030010241,03001,1,0.006493506493506494,0
030010244,03001,1,0.0027397260273972603,0.045454545454545456
030010280,03001,144,0.025078369905956112,0.5413533834586466
030010335,03001,5,0.00725689404934688,0
030010390,03001,1,0.0020491803278688526,0
030010662,03001,1,0.01818181818181818,0.5
030011964,03001,4,0.4,0
030012086,03001,2,0.00390625,2
030012476,03001,3,0.036585365853658534,0
030020001,03002,67,0.004666713101622901,0.09041835357624832
030020014,03002,3,0.0020646937370956643,0.5
030020015,03002,6,0.0025348542458808617,0.045454545454545456
030020049,03002,7,0.022508038585209004,0
030020056,03002,1,9.871668311944718e-4,0.3333333333333333
030020066,03002,29,0.002132980288320094,0.04131054131054131
030020097,03002,28,0.007303077725612937,0.0945945945945946
030020140,03002,8,0.010825439783491205,8
030020149,03002,1,0.0019193857965451055,0.022727272727272728
030020165,03002,6,0.00819672131147541,6
030020456,03002,1,0.012987012987012988,0
030020967,03002,4,0.0392156862745098,1.3333333333333333
030021374,03002,1,0.0023094688221709007,0.058823529411764705
030030001,03003,60,2.398647163000068e-4,0.004932182490752158
030030003,03003,2,2.783576896311761e-4,0.00392156862745098
030030060,03003,2,0.05,0
030030092,03003,2,3.2149172158816913e-4,0.008264462809917356
030030121,03003,2,0.06666666666666667,0
030030224,03003,9,0.022900763358778626,0
030030336,03003,15,0.03631961259079903,7.5
030030392,03003,4,0.0023894862604540022,0.015444015444015444
030030402,03003,2,0.03389830508474576,1
030030778,03003,10,0.14285714285714285,10
030030849,03003,2,0.00909090909090909,2
030030920,03003,3,0.00980392156862745,0.09375
030030963,03003,1,0.00684931506849315,0.3333333333333333
030030985,03003,3,0.02097902097902098,0
030031227,03003,3,0.01098901098901099,0.42857142857142855
030031394,03003,1,0.011111111111111112,0.5
030031424,03003,1,0.003246753246753247,0.05263157894736842
030031558,03003,1,0.09090909090909091,0
030031630,03003,6,0.004415011037527594,0.06451612903225806
030031675,03003,3,0.25,0
030031681,03003,3,0.0967741935483871,0
030032233,03003,2,0.15384615384615385,0
030080001,03008,8,5.870051729830869e-5,0.001402524544179523
030080054,03008,5,2.4667725734358195e-5,6.122199093914534e-4
030080177,03008,1,0.013157894736842105,0
030080217,03008,2,8.620689655172414e-4,0.03225806451612903
030090001,03009,21,0.0012874747103181902,0.022508038585209004
030090071,03009,4,0.044444444444444446,0
030090156,03009,3,0.013215859030837005,0.2727272727272727
030090161,03009,4,0.016129032258064516,0.4
030090197,03009,2,0.16666666666666666,2
030090222,03009,3,0.014285714285714285,0
030090235,03009,2,0.09090909090909091,0
030090358,03009,1,0.025,0
040010002,04001,103,0.10640495867768596,0
040010014,04001,7,0.005700325732899023,0
040020001,04002,177,7.090692764689151e-4,0.013059839150003688
040020087,04002,40,0.004458811726674841,0.08639308855291576
040030001,04003,94,4.915341093297358e-4,0.009557702084392475
040030005,04003,7,0.001329282187618686,0.020588235294117647
040030006,04003,14,0.005162241887905605,0.09722222222222222
040030013,04003,4,0.005917159763313609,0
040030031,04003,9,0.03383458646616541,0
040030101,04003,9,0.0019539730785931393,0.03643724696356275
040030118,04003,10,0.02127659574468085,10
040030199,04003,59,0.007742782152230971,0.13053097345132744
040030262,04003,5,0.0034387895460797797,0
040030614,04003,59,0.007618801652892562,0.12368972746331237
040031351,04003,9,0.125,0
040031722,04003,1,0.14285714285714285,0
040033217,04003,4,0.0029563932002956393,2
040033453,04003,9,0.028662420382165606,0
040040001,04004,120,0.0033520489399145228,0.050955414012738856
040040016,04004,9,0.007550335570469799,0.12162162162162163
040040017,04004,1,0.0014367816091954023,0
040040052,04004,1,0.0044444444444444444,0
040040091,04004,1,3.453038674033149e-4,0.007042253521126761
040040233,04004,1,0.0024390243902439024,0
040040521,04004,1,0.0022271714922048997,0
040070001,04007,14,0.0040172166427546625,0.03636363636363636
040070029,04007,1,0.005208333333333333,0
040070108,04007,1,0.013333333333333334,0
040070110,04007,2,0.003430531732418525,0
040070238,04007,1,0.02040816326530612,0
040070320,04007,15,0.10344827586206896,0
040070521,04007,5,0.030303030303030304,0
040070663,04007,1,0.007352941176470588,0
040120001,04012,76,0.007987388334209143,0.1288135593220339
040120016,04012,2,0.03333333333333333,0
040120055,04012,9,0.0019514310494362533,0.03896103896103896
140200057,14020,1,0.015873015873015872,0.3333333333333333
140200062,14020,1,0.002717391304347826,0.05
140200070,14020,2,0.0022675736961451248,0.030303030303030304
140200082,14020,2,0.0091324200913242,0.2
140200088,14020,1,0.00847457627118644,0
140220006,14022,8,0.001875293014533521,0.017738359201773836
140220033,14022,2,2.874389192296637e-4,0.0024271844660194173
140220047,14022,1,0.041666666666666664,0.07142857142857142
140430001,14043,1,1.2572290671360322e-4,0.0016666666666666668
140430036,14043,1,7.396449704142012e-4,0.009523809523809525
140430062,14043,2,0.001256281407035176,0.0125
140430092,14043,1,0.0017421602787456446,0.029411764705882353
140430094,14043,1,0.0036900369003690036,0
140430146,14043,3,0.0027881040892193307,0.027777777777777776
140670001,14067,8,3.568783847684306e-5,5.67013962718832e-4
140670007,14067,2,0.4,0.2222222222222222
140670009,14067,1,0.0017094017094017094,0.017543859649122806
141000034,14100,1,5.497526113249038e-4,0.009900990099009901
141000065,14100,1,3.125e-4,0.005235602094240838
141000189,14100,1,3.1645569620253165e-4,0.0036496350364963502
141000261,14100,1,0.008620689655172414,0
180040020,18004,5,0.008090614886731391,0.026595744680851064
180040065,18004,4,0.011560693641618497,0.043010752688172046
180040128,18004,24,0.0022656471254602095,0.026696329254727477
180040154,18004,6,0.0021606049693914295,0.009433962264150943
180040186,18004,1,6.935293709688605e-5,7.993605115907274e-4
180040191,18004,1,2.046245140167792e-4,0.0024154589371980675
180040322,18004,2,6.688963210702341e-4,0.011834319526627219
180120001,18012,105,0.009602194787379973,0.10552763819095477
180120003,18012,3,0.0019120458891013384,0.0189873417721519
180120004,18012,3,0.0018214936247723133,0
180120006,18012,22,0.15827338129496402,22
180120009,18012,1,0.0018214936247723133,0
180120013,18012,1,0.0029850746268656717,0
180120014,18012,12,0.022388059701492536,0
180120016,18012,6,0.016172506738544475,0.1875
180120019,18012,20,0.006523157208088715,0.07604562737642585
180120026,18012,3,0.010067114093959731,0.13636363636363635
180120027,18012,12,0.0262582056892779,0
180120030,18012,2,0.002398081534772182,0
180120043,18012,2,0.0011614401858304297,0.014388489208633094
180150004,18015,3,0.0012760527435133986,0
180150006,18015,7,0.016867469879518072,0
180150007,18015,2,0.0015220700152207,0.02631578947368421
180150009,18015,1,0.0016638935108153079,0.021739130434782608
180150021,18015,2,0.0026109660574412533,0.034482758620689655
180150025,18015,123,0.11792905081495686,0
180150031,18015,28,0.029015544041450778,0
180150035,18015,4,0.007782101167315175,0
180150037,18015,2,0.002976190476190476,1
180150038,18015,16,0.0226628895184136,1.0666666666666667
180150044,18015,2,0.002098635886673662,0.028169014084507043
180150057,18015,2,0.002162162162162162,0
180150059,18015,31,0.03934010152284264,0
180150062,18015,9,0.01060070671378092,9
180150065,18015,8,0.011267605633802818,0
180150066,18015,7,0.005709624796084829,1.4
180150069,18015,1,4.1254125412541255e-4,0.005494505494505495
180150074,18015,3,0.008241758241758242,0.25
180150081,18015,6,0.002204261572373255,0.034482758620689655
180150083,18015,2,0.015873015873015872,0.07692307692307693
180160001,18016,9,6.607929515418502e-4,0.006114130434782609
180160004,18016,7,0.015250544662309368,0
180160005,18016,23,0.10407239819004525,23
180160006,18016,2,0.002364066193853428,0
180160016,18016,1,0.001075268817204301,0
180160024,18016,28,0.1206896551724138,0
180160026,18016,3,0.05660377358490566,0
180160028,18016,1,6.353240152477764e-4,0
180160029,18016,16,0.037825059101654845,0
180160031,18016,10,0.010857763300760043,0.15384615384615385
180160032,18016,3,0.004231311706629055,0
180160038,18016,9,0.036290322580645164,1.8
180160039,18016,1,9.066183136899365e-4,0
180160041,18016,1,3.2425421530479895e-4,0.005988023952095809
180160043,18016,1,0.0011049723756906078,0
180160044,18016,36,0.16363636363636364,0
180160046,18016,2,0.002512562814070352,2
180160047,18016,3,6.599208095028596e-4,0.010416666666666666
180160054,18016,7,0.19444444444444445,0
180160091,18016,4,0.0625,0
180160205,18016,15,0.15,0
180160300,18016,43,7.166666666666667,0
180200013,18020,5,3.0938679537157354e-4,0.003589375448671931
180200027,18020,28,0.006716238906212521,0.07387862796833773
180200041,18020,1,5.896226415094339e-4,0.011904761904761904
180200053,18020,1,4.11370274383973e-5,7.58150113722517e-4
180200081,18020,1,6.988120195667365e-4,0.004464285714285714
180200106,18020,7,0.002730109204368175,0.027237354085603113
230010001,23001,3,3.549497746068931e-5,6.038647342995169e-4
230020108,23002,3,0.0014619883040935672,3
230020456,23002,1,0.05,1
230030001,23003,9,6.831638074996204e-4,0.008144796380090498
230030435,23003,1,0.2,1
230040001,23004,6,3.549707740729347e-5,7.142857142857143e-4
230040007,23004,2,0.015037593984962405,0
230040008,23004,3,0.003194888178913738,0
230040014,23004,5,0.002405002405002405,0
230040016,23004,3,5.404431633939831e-4,0.015463917525773196
230040020,23004,4,0.0038424591738712775,0
230040032,23004,2,0.00291970802919708,0
230040037,23004,2,0.0010863661053775121,0.6666666666666666
230040039,23004,2,0.0015325670498084292,0
230040050,23004,1,0.001388888888888889,0
230040053,23004,2,7.587253414264037e-4,0.005194805194805195
230040067,23004,3,0.0027223230490018148,0
230040073,23004,3,0.002827521206409048,0
230040075,23004,1,0.041666666666666664,0
230040106,23004,2,0.0018115942028985507,2
230040110,23004,2,0.001851851851851852,0
230040111,23004,6,0.013761467889908258,0.15384615384615385
230040264,23004,2,0.008130081300813009,0
230042428,23004,2,0.03508771929824561,2
230050001,23005,9,1.012604678008589e-5,3.197158081705151e-4
230070008,23007,7,0.003028991778450887,1.4
230070012,23007,3,0.0016295491580662683,0.00821917808219178
230080001,23008,1,3.279312131487299e-6,9.981036031540073e-5
230090001,23009,2,5.992688919518188e-5,0.0010256410256410256
230090106,23009,1,0.002544529262086514,0.041666666666666664
230100001,23010,1,7.9827572443522e-5,0.0010976948408342481
230100022,23010,2,0.002849002849002849,0
230100258,23010,2,0.16666666666666666,0
230110001,23011,2,1.0413954699297059e-4,0.002328288707799767
250010001,25001,13,4.362284360539447e-5,7.831797096210615e-4
250010067,25001,34,0.014184397163120567,17
250010070,25001,1,8.43810648890389e-5,0.001364256480218281
250010081,25001,4,0.0019521717911176184,0
250010119,25001,76,0.025486250838363516,0.8735632183908046
250010136,25001,1,2.3568230025925054e-4,0.009345794392523364
250010148,25001,8,0.006993006993006993,4
250010160,25001,3,3.1699070160608623e-4,0.006263048016701462
250010166,25001,27,0.02115987460815047,27
250010169,25001,14,0.20588235294117646,0
250010228,25001,1,0.0012853470437017994,1
250010240,25001,60,0.00968054211035818,0.15267175572519084
250010349,25001,11,0.01167728237791932,0.3235294117647059
250010356,25001,2,8.714596949891067e-4,0.025
250010370,25001,1,0.0014245014245014246,0.5
250010407,25001,1,7.818608287724785e-4,0.5
250010448,25001,5,0.006082725060827251,0
250011001,25001,3,0.013215859030837005,0
250011045,25001,2,0.0030816640986132513,0
250020035,25002,47,0.03225806451612903,0
250020084,25002,5,0.005952380952380952,0
250020093,25002,56,0.008489993935718617,0.16568047337278108
250060001,25006,1,1.236986897834778e-6,2.6885334050275574e-5
250060133,25006,80,0.04291845493562232,80
250060305,25006,12,0.0213903743315508,6
250060311,25006,73,0.07684210526315789,73
250060312,25006,1,3.5412018839194025e-5,8.19672131147541e-4
250060341,25006,1,6.769564040075819e-5,8.257638315441783e-4
250060420,25006,4,0.004662004662004662,0
250060544,25006,10,0.012224938875305624,10
250060627,25006,9,0.009574468085106383,3
250061003,25006,1,0.006993006993006993,0
250061044,25006,30,0.04926108374384237,30
250061695,25006,2,0.007067137809187279,2
250062255,25006,2,0.07692307692307693,0
250080004,25008,1,0.006993006993006993,1
250080061,25008,1,0.003787878787878788,0
250080164,25008,7,0.008244994110718492,7
250080171,25008,1,0.0049261083743842365,0
250080176,25008,1,5.091649694501018e-4,0
250080404,25008,2,0.008403361344537815,0
250090001,25009,12,3.5373187124159886e-4,0.0060759493670886075
250090013,25009,88,0.07308970099667775,0
250090020,25009,1,7.369196757553427e-4,0.5
250090043,25009,2,8.100445524503848e-4,0.018691588785046728
250090044,25009,1,6.591957811470006e-4,0
250090060,25009,39,0.008481948673336234,0.17567567567567569
250090062,25009,7,0.004676018704074816,1
250090213,25009,12,0.02575107296137339,0
250100001,25010,6,4.6699875466998757e-4,0.006134969325153374
250100004,25010,2,0.005305039787798408,0
250100016,25010,5,0.0165016501650165,0
250100026,25010,2,0.0024600246002460025,2
250100036,25010,1,0.001996007984031936,0
250100077,25010,1,0.1,0
250100122,25010,5,0.02577319587628866,0
250100212,25010,1,0.0033783783783783786,0
250100237,25010,1,0.0196078431372549,0
250100420,25010,1,0.0625,0
250100547,25010,4,0.04597701149425287,0
250100620,25010,1,0.05,0
250110001,25011,12,1.5414456190830967e-4,0.002066115702479339
250110065,25011,138,0.05047549378200439,1.864864864864865
250110124,25011,1,0.0011049723756906078,0.03125
250110138,25011,1,4.460104366442175e-5,8.904719501335708e-4
250110148,25011,69,0.03470824949698189,0.92
250110188,25011,2,0.0014958863126402393,0.5
250110280,25011,2,0.004761904761904762,0
250110381,25011,1,0.0051813471502590676,0
250110386,25011,7,0.012433392539964476,7
250110695,25011,6,0.0066518847006651885,0
250110707,25011,14,0.03773584905660377,0
250120001,25012,330,7.466485660953673e-4,0.014916602630746283
250120134,25012,1,5.015045135406219e-4,1
250120278,25012,1,0.01098901098901099,0
250120294,25012,1,0.004739336492890996,0
250120348,25012,5,2.9526396598559114e-4,0.005382131324004306
250120370,25012,2,0.038461538461538464,0
250120761,25012,2,5.633802816901409e-4,0.02
250120786,25012,1,0.0013812154696132596,0
250121377,25012,1,0.0017452006980802793,0
250140001,25014,1,5.848979353102884e-5,8.695652173913044e-4
250140015,25014,1,0.002277904328018223,1
250140020,25014,5,0.004409171075837742,5
250140022,25014,2,0.0018066847335140017,0
250140041,25014,5,0.002992220227408737,5
250140079,25014,1,5.112474437627812e-4,0
250140134,25014,3,0.00253592561284869,3
250140146,25014,6,0.0038071065989847717,0
250140287,25014,8,0.00857449088960343,0
250140388,25014,9,0.002073255010366275,0.049723756906077346
250140398,25014,8,0.02622950819672131,8
250160066,25016,19,0.0052054794520547945,0.0778688524590164
250160676,25016,5,0.012048192771084338,0
250180006,25018,19,0.008890968647636874,0.14074074074074075
250180041,25018,19,0.006759160441124155,0.2
250180054,25018,9,0.0043499275012083135,3
250180126,25018,5,0.028409090909090908,0
250180131,25018,6,0.0036407766990291263,3
250180322,25018,13,0.010726072607260726,6.5
250180434,25018,27,0.0903010033444816,27
260120082,26012,1,1.577784790154623e-4,0.004484304932735426
260120172,26012,5,0.1388888888888889,5
260170001,26017,4,5.916809656233359e-5,0.0010937927262783702
260170080,26017,11,0.018835616438356163,0
260170166,26017,17,0.07906976744186046,1.5454545454545454
260180001,26018,4,1.2143143374093817e-5,2.4354603019970775e-4
260180090,26018,2,0.004434589800443459,0
260180284,26018,1,1.3469827586206896e-4,0.0033333333333333335
260180296,26018,1,0.005813953488372093,0
260180357,26018,1,0.009259259259259259,0
260180365,26018,1,3.3311125916055963e-4,0.012345679012345678
260180585,26018,2,0.16666666666666666,0
260250001,26025,29,7.457696857480842e-4,0.0172209026128266
260250013,26025,1,0.0010845986984815619,1
260250082,26025,3,0.08333333333333333,1.5
260260011,26026,1,1.2096286440062901e-4,0.001838235294117647
260290001,26029,105,8.954994754931644e-4,0.020771513353115726
260290025,26029,2,7.974481658692185e-4,0.006756756756756757
260290111,26029,1,5.104645227156713e-4,0
260291298,26029,17,0.0918918918918919,1
260300136,26030,4,0.005865102639296188,0.23529411764705882
260300137,26030,53,0.00821196157421754,0.14763231197771587
260300208,26030,3,0.12,0.42857142857142855
260301214,26030,10,0.022271714922048998,0.37037037037037035
260301215,26030,5,0.19230769230769232,0
260301829,26030,2,0.3333333333333333,0
260301889,26030,4,0.25,2
260303258,26030,2,0.0196078431372549,0
260330001,26033,10,3.2977179791584226e-4,0.004777830864787387
260330002,26033,18,0.009564293304994687,0.3103448275862069
260330011,26033,3,0.004092769440654843,0.75
260330012,26033,2,0.006896551724137931,0
260330017,26033,10,0.00949667616334283,0.18518518518518517
260330019,26033,2,0.004608294930875576,0
260330020,26033,1,0.005235602094240838,0.1111111111111111
260330035,26033,2,0.0036231884057971015,0
260330038,26033,1,9.718172983479105e-4,0
260330054,26033,2,8.55431993156544e-4,0.04
260330055,26033,1,0.0015105740181268882,0
260330062,26033,2,0.003766478342749529,0
260330063,26033,2,0.0035587188612099642,0
260330067,26033,10,0.006756756756756757,0.20408163265306123
260330078,26033,1,0.0026041666666666665,0
260330083,26033,1,9.66183574879227e-4,1
260330094,26033,1,2.0153164046755341e-4,0.0064516129032258064
260330098,26033,1,0.0021413276231263384,0
260330099,26033,61,0.016589611096002176,0.4206896551724138
260330100,26033,5,0.00562429696287964,0
260330110,26033,2,0.005633802816901409,0
260330210,26033,1,0.0018214936247723133,1
260330230,26033,3,0.008021390374331552,0.17647058823529413
260330235,26033,1,0.001443001443001443,0.09090909090909091
260470027,26047,2,0.0060790273556231,0
260470065,26047,19,0.006909090909090909,0.10215053763440861
260480001,26048,101,0.0016211617791046693,0.02707774798927614
260480004,26048,2,0.015151515151515152,0.16666666666666666
260550001,26055,2,1.1319580043580383e-5,2.487252829250093e-4
260550011,26055,119,0.025768731052403637,0.39666666666666667
260710001,26071,2,1.520565650421957e-4,0.0030257186081694403
260710139,26071,21,0.007130730050933786,0.1826086956521739
260710140,26071,1,0.0017985611510791368,0
260710141,26071,18,0.0075,6
260720001,26072,1,1.229256299938537e-4,0.0024271844660194173
260720017,26072,53,0.017719826145101973,0.4774774774774775
260720186,26072,5,0.29411764705882354,0
310110001,31011,214,0.025579727468324168,0.35313531353135313
310270001,31027,4,5.312084993359894e-4,0.007352941176470588
310270004,31027,6,0.15789473684210525,3
310280001,31028,151,0.0615071283095723,0.6425531914893617
310290001,31029,3,4.863024801426487e-4,0.008021390374331552
310380004,31038,98,0.04716073147256978,9.8
310590001,31059,165,0.003931847968545216,0.06385448916408669
310590003,31059,53,0.010900863842040313,0.2054263565891473
310590004,31059,51,0.006718482413384271,0.18545454545454546
310590005,31059,67,0.023312456506610995,0.4855072463768116
310590026,31059,1,1.3585110718652356e-4,0.0058823529411764705
310590078,31059,1,0.002277904328018223,0.2
310610001,31061,46,0.018451664661050943,0.26285714285714284
310610002,31061,11,0.007862759113652609,5.5
310650001,31065,24,0.011599806669888834,0.2033898305084746
310680001,31068,3,0.001160092807424594,0.023255813953488372
310680003,31068,25,0.04132231404958678,12.5
310830001,31083,54,0.028227914270778882,0.2660098522167488
310960009,31096,40,0.02238388360380526,6.666666666666667
311060002,31106,5,0.015197568389057751,5
311060054,31106,6,0.8571428571428571,0
