COM_ID,CVE_LOC,CVE_MUN,tot_denue_aqua,aqua_pcapita,prop_ueaqua
2_1_1,020010001,02001,18,5.443789845517341e-5,0.0011933174224343676
2_1_95,020010095,02001,1,5.844535359438924e-4,0.1
2_1_139,020010139,02001,1,3.5753870356466085e-5,8.264462809917355e-4
2_1_247,020010247,02001,10,8.79430129276229e-4,0.020618556701030927
2_1_942,020010942,02001,1,0.001440922190201729,1
2_2_1,020020001,02002,1,1.1707052094040409e-6,3.412503412503413e-5
2_2_106,020020106,02002,1,0.030303030303030304,0
2_2_243,020020243,02002,1,0.021739130434782608,0
2_2_411,020020411,02002,2,0.10526315789473684,0
2_4_1,020040001,02004,1,5.52289377542257e-7,1.6714861183077876e-5
2_6_1,020060001,02006,3,6.310475389145982e-4,0.008595988538681949
2_6_85,020060085,02006,1,2.7210884353741496e-4,0.015625
2_6_127,020060127,02006,1,0.0021929824561403508,0
2_6_199,020060199,02006,1,0.001183431952662722,0
2_6_585,020060585,02006,2,1.0621913006532477e-4,0.0023121387283236996
3_1_3,030010003,03001,1,4.49034575662326e-4,0.007407407407407408
3_1_162,030010162,03001,1,0.007692307692307693,0
3_1_2821,030012821,03001,2,0.013422818791946308,0
3_2_1,030020001,03002,1,6.965243435258063e-5,0.001349527665317139
3_2_15,030020015,03002,1,4.224757076468103e-4,0.007575757575757576
3_2_66,030020066,03002,2,1.4710208884966165e-4,0.002849002849002849
3_2_97,030020097,03002,1,2.608242044861763e-4,0.0033783783783783786
3_2_967,030020967,03002,2,0.0196078431372549,0.6666666666666666
3_3_1,030030001,03003,12,4.797294326000136e-5,9.864364981504315e-4
3_3_1394,030031394,03003,1,0.011111111111111112,0.5
3_3_2007,030032007,03003,1,0.029411764705882353,0
4_1_15,040010015,04001,2,9.119927040583675e-4,0.6666666666666666
4_2_1,040020001,04002,3,1.2018123329981613e-5,2.2135320593226593e-4
4_2_75,040020075,04002,1,0.0017006802721088435,0
4_2_101,040020101,04002,1,0.00077399380804953565,0
4_2_105,040020105,04002,1,0.0016313213703099511,0.5
4_2_178,040020178,04002,1,0.07692307692307693,0
4_3_1,040030001,04003,6,3.137451761679164e-5,6.100660904931368e-4
4_3_5,040030005,04003,16,0.0030383592859855677,0.047058823529411764
4_3_6,040030006,04003,4,0.0014749262536873156,0.027777777777777776
4_3_13,040030013,04003,3,0.004437869822485207,0
4_3_58,040030058,04003,3,0.002291825821237586,0
4_3_81,040030081,04003,1,5.443658138268917e-4,0
4_3_101,040030101,04003,9,0.0019539730785931393,0.03643724696356275
4_3_199,040030199,04003,2,2.6246719160104987e-4,0.004424778761061947
4_3_262,040030262,04003,3,0.0020632737276478678,0
4_3_364,040030364,04003,1,0.002257336343115124,0
4_3_612,040030612,04003,3,0.003703703703703704,0
4_3_614,040030614,04003,2,2.5826446280991736e-4,0.0041928721174004195
4_3_1138,040031138,04003,2,0.015503875968992248,0
4_3_1843,040031843,04003,1,0.047619047619047616,0
4_3_3402,040033402,04003,1,0.012345679012345678,0
4_4_1,040040001,04004,1,2.7933741165954356e-5,4.246284501061571e-4
4_4_239,040040239,04004,1,0.004310344827586207,0
4_4_243,040040243,04004,1,0.005076142131979695,0
4_4_521,040040521,04004,1,0.0022271714922048997,0
4_7_521,040070521,04007,1,0.006060606060606061,0
14_22_33,140220033,14022,1,1.4371945961483184e-4,0.0012135922330097086
14_43_92,140430092,14043,1,0.0017421602787456446,0.029411764705882353
14_43_146,140430146,14043,1,9.293680297397769e-4,0.009259259259259259
14_67_28,140670028,14067,1,2.5586572166926795e-5,8.136696501220504e-4
14_100_1,141000001,14100,1,1.016053647632595e-4,0.001303780964797914
14_100_65,141000065,14100,1,3.125e-4,0.005235602094240838
14_100_159,141000159,14100,1,8.169934640522876e-4,1
14_100_189,141000189,14100,1,3.1645569620253165e-4,0.0036496350364963502
18_4_1,180040001,18004,1,4.920775514221041e-5,5.753739930955121e-4
18_4_89,180040089,18004,1,9.115770282588879e-4,1
18_4_191,180040191,18004,1,2.046245140167792e-4,0.0024154589371980675
18_12_1,180120001,18012,4,3.657978966620942e-4,0.004020100502512563
18_12_6,180120006,18012,2,0.014388489208633094,2
18_12_14,180120014,18012,10,0.018656716417910446,0
18_12_16,180120016,18012,19,0.05121293800539083,0.59375
18_12_19,180120019,18012,1,3.2615786040443573e-4,0.0038022813688212928
18_12_24,180120024,18012,1,0.03571428571428571,0.029411764705882353
18_12_73,180120073,18012,2,0.02857142857142857,0.08333333333333333
18_15_1,180150001,18015,1,5.548465849192698e-5,4.7505938242280285e-4
18_15_7,180150007,18015,1,7.6103500761035e-4,0.013157894736842105
18_15_25,180150025,18015,2,0.0019175455417066154,0
18_16_5,180160005,18016,2,0.00904977375565611,2
18_16_29,180160029,18016,1,0.002364066193853428,0
18_16_38,180160038,18016,1,0.004032258064516129,0.2
23_1_1,230010001,23001,1,1.1831659153563104e-5,2.0128824476650564e-4
23_2_36,230020036,23002,1,0.011627906976744186,0
23_4_77,230040077,23004,1,6.527415143603133e-4,0
23_4_201,230040201,23004,2,9.354536950420954e-4,0.029850746268656716
23_7_1,230070001,23007,1,1.229256299938537e-4,0.0021321961620469083
23_7_23,230070023,23007,1,7.867820613690008e-4,0
23_11_193,230110193,23011,1,1.422879908935686e-4,0.003472222222222222
25_1_1,250010001,25001,51,1.7113577106731676e-4,0.003072474245436472
25_1_119,250010119,25001,9,0.0030181086519114686,0.10344827586206896
25_1_128,250010128,25001,1,6.993006993006993e-4,0.16666666666666666
25_1_148,250010148,25001,1,8.741258741258741e-4,0.5
25_1_149,250010149,25001,1,3.720238095238095e-4,0.25
25_1_160,250010160,25001,1,1.0566356720202873e-4,0.0020876826722338203
25_1_240,250010240,25001,1,1.6134236850596966e-4,0.002544529262086514
25_2_1,250020001,25002,3,5.497526113249038e-4,0.005671077504725898
25_2_7,250020007,25002,1,3.8925652004671076e-4,0.005780346820809248
25_2_12,250020012,25002,4,0.0038498556304138597,0
25_2_35,250020035,25002,3,0.002059025394646534,0
25_2_67,250020067,25002,1,4.4603033006244426e-4,0.125
25_2_84,250020084,25002,7,0.008333333333333333,0
25_2_93,250020093,25002,24,0.0036385688295936932,0.07100591715976332
25_2_117,250020117,25002,1,0.008064516129032258,0
25_6_1,250060001,25006,57,7.050825317658236e-5,0.0015324640408657078
25_6_133,250060133,25006,1,5.36480686695279e-4,1
25_6_304,250060304,25006,1,0.004901960784313725,0.5
25_6_305,250060305,25006,5,0.008912655971479501,2.5
25_6_311,250060311,25006,8,0.008421052631578947,8
25_6_318,250060318,25006,1,0.002188183807439825,0
25_6_341,250060341,25006,31,0.002098564852423504,0.02559867877786953
25_6_391,250060391,25006,7,0.0038888888888888888,1.75
25_6_420,250060420,25006,5,0.005827505827505828,0
25_6_569,250060569,25006,1,7.077140835102619e-4,0
25_6_627,250060627,25006,4,0.00425531914893617,1.3333333333333333
25_6_1003,250061003,25006,28,0.1958041958041958,0
25_6_1044,250061044,25006,2,0.003284072249589491,2
25_6_1622,250061622,25006,1,0.005780346820809248,0
25_6_1698,250061698,25006,1,0.002617801047120419,0
25_8_164,250080164,25008,2,0.002355712603062426,2
25_8_180,250080180,25008,1,0.007194244604316547,0
25_9_1,250090001,25009,3,8.843296781039972e-5,0.0015189873417721519
25_9_34,250090034,25009,2,2.4554941682013506e-4,0.006060606060606061
25_9_43,250090043,25009,1,4.050222762251924e-4,0.009345794392523364
25_9_60,250090060,25009,4,8.699434536755111e-4,0.018018018018018018
25_11_1,250110001,25011,16,2.055260825444129e-4,0.0027548209366391185
25_11_35,250110035,25011,1,6.83854202284073e-5,0.0013192612137203166
25_11_59,250110059,25011,14,0.007399577167019027,2
25_11_85,250110085,25011,2,0.0013812154696132596,0.6666666666666666
25_11_114,250110114,25011,1,0.013888888888888888,0
25_11_148,250110148,25011,1,5.030181086519115e-4,0.013333333333333334
25_11_228,250110228,25011,1,0.0012610340479192938,0
25_11_239,250110239,25011,1,0.0011363636363636363,1
25_11_269,250110269,25011,1,3.301419610432486e-4,0.007352941176470588
25_11_280,250110280,25011,3,0.007142857142857143,0
25_11_381,250110381,25011,1,0.0051813471502590676,0
25_11_382,250110382,25011,2,0.11764705882352941,2
25_11_695,250110695,25011,1,0.0011086474501108647,0
25_11_720,250110720,25011,1,0.014492753623188406,0
25_11_723,250110723,25011,1,0.0018281535648994515,0
25_11_751,250110751,25011,5,0.14285714285714285,2.5
25_11_780,250110780,25011,1,0.00234192037470726,0
25_12_1,250120001,25012,28,6.335199954748571e-5,0.0012656511323057452
25_12_134,250120134,25012,1,5.015045135406219e-4,1
25_12_786,250120786,25012,1,0.0013812154696132596,0
25_14_1,250140001,25014,1,5.848979353102884e-5,8.695652173913044e-4
25_14_22,250140022,25014,3,0.0027100271002710027,0
25_14_146,250140146,25014,1,6.345177664974619e-4,0
25_16_66,250160066,25016,6,0.0016438356164383563,0.02459016393442623
25_16_131,250160131,25016,1,0.009708737864077669,0
25_16_676,250160676,25016,3,0.007228915662650603,0
25_18_1,250180001,25018,2,6.49434991557345e-5,0.001038961038961039
25_18_2,250180002,25018,1,0.125,0
25_18_6,250180006,25018,3,0.0014038371548900327,0.022222222222222223
25_18_14,250180014,25018,1,0.0010183299389002036,0
25_18_41,250180041,25018,2,7.11490572749911e-4,0.021052631578947368
25_18_54,250180054,25018,1,4.833252779120348e-4,0.3333333333333333
25_18_76,250180076,25018,2,0.018518518518518517,2
25_18_131,250180131,25018,2,0.0012135922330097086,1
25_18_292,250180292,25018,1,9.017132551848512e-4,0.5
26_12_172,260120172,26012,2,0.05555555555555555,2
26_17_80,260170080,26017,1,0.0017123287671232876,0
26_18_1,260180001,26018,12,3.642943012228145e-5,7.306380905991232e-4
26_26_51,260260051,26026,1,0.007246376811594203,1
26_29_1,260290001,26029,3,2.5585699299804695e-5,5.934718100890207e-4
26_29_254,260290254,26029,1,0.0010626992561105207,0.5
26_30_1,260300001,26030,16,1.870113597712851e-5,4.4800358402867225e-4
26_30_137,260300137,26030,2,3.098853424233034e-4,0.005571030640668524
26_30_514,260300514,26030,1,0.0625,0
26_30_1215,260301215,26030,4,0.15384615384615385,0
26_30_1889,260301889,26030,3,0.1875,1.5
26_30_3661,260303661,26030,1,0.01639344262295082,0
26_33_1,260330001,26033,3,9.893153937475267e-5,0.001433349259436216
26_33_63,260330063,26033,1,0.0017793594306049821,0
26_33_82,260330082,26033,1,0.0196078431372549,0
26_33_112,260330112,26033,2,0.05263157894736842,0
26_48_1,260480001,26048,3,4.815332017142582e-5,8.042895442359249e-4
26_48_204,260480204,26048,2,0.125,0
26_55_11,260550011,26055,6,0.00129926375054136,0.02
26_72_186,260720186,26072,14,0.8235294117647058,0
31_29_1,310290001,31029,1,1.6210082671421625e-4,0.00267379679144385
31_33_6,310330006,31033,1,6.613756613756613e-4,0
31_38_4,310380004,31038,1,4.8123195380173246e-4,0.1
31_68_1,310680001,31068,1,3.866976024748647e-4,0.007751937984496124
31_83_1,310830001,31083,1,5.227391531625719e-4,0.0049261083743842365
31_96_1,310960001,31096,1,1.9013937215979313e-5,2.7731558513588466e-4
