NOM_ENT,NOM_MUN,NOM_LOC,deci_lat,deci_lon,CVE_MUN,CVE_LOC,tot_perm,perm_pcapita
BAJA CALIFORNIA,ENSENADA,CORONEL ESTEBAN CANTU,31.7052275,-116.64096888888888,02001,020010184,2,0.003669724770642202
BAJA CALIFORNIA,ENSENADA,EJIDO 27 DE ENERO,31.087761944444445,-116.20153861111112,02001,020013122,1,0.00202020202020202
BAJA CALIFORNIA,ENSENADA,EJIDO EL AJUSCO,31.58338361111111,-116.42178666666668,02001,020013381,1,0.0021321961620469083
BAJA CALIFORNIA,ENSENADA,EJIDO ERENDIRA,31.27332361111111,-116.371395,02001,020010095,5,0.0029222676797194622
BAJA CALIFORNIA,ENSENADA,EJIDO JAMAU,31.493870833333336,-115.70651694444445,02001,020011436,1,0.125
BAJA CALIFORNIA,ENSENADA,EL MORRO,28.0425,-115.18694444444444,02001,020014444,1,0.001652892561983471
BAJA CALIFORNIA,ENSENADA,EL ROSARIO,32.07582027777778,-116.58051305555556,02001,020012465,27,4.5
BAJA CALIFORNIA,ENSENADA,EL SAUZAL DE RODRIGUEZ,31.896220555555555,-116.69870305555555,02001,020010247,51,0.004485093659308768
BAJA CALIFORNIA,ENSENADA,ENSENADA,31.80894388888889,-116.59513388888888,02001,020010001,3300,0.00998028138344846
BAJA CALIFORNIA,ENSENADA,ISLA DE CEDROS,28.095555555555553,-115.19277777777778,02001,020010124,10,0.008110300081103
BAJA CALIFORNIA,ENSENADA,POBLADO HEROES DE CHAPULTEPEC,30.981760277777777,-116.16487583333334,02001,020011025,1,4.23728813559322e-4
BAJA CALIFORNIA,ENSENADA,PUERTECITOS,30.350953611111112,-114.64032555555556,02001,020010892,2,0.08333333333333333
BAJA CALIFORNIA,ENSENADA,REFORMA EL VELADERO,31.7322875,-116.55205305555556,02001,020014943,1,0.0013227513227513227
BAJA CALIFORNIA,ENSENADA,RINCON PUNTA BANDA [RINCON DE BALLENAS],31.7183225,-116.67150944444444,02001,020012224,1,0.25
BAJA CALIFORNIA,ENSENADA,RODOLFO SANCHEZ TABOADA (MANEADERO),31.72355083333333,-116.57149055555556,02001,020010139,9,3.217848332081948e-4
BAJA CALIFORNIA,ENSENADA,SANTO TOMAS,31.551543055555555,-116.40687416666668,02001,020010242,5,0.012658227848101266
BAJA CALIFORNIA,ENSENADA,SANTO TOMAS,31.691676944444445,-116.549985,02001,020015477,5,0.29411764705882354
BAJA CALIFORNIA,MEXICALI,CARRANCITA (COLONIA VENUSTIANO CARRANZA),32.167431944444445,-115.14081972222225,02002,020021634,1,0.011494252873563218
BAJA CALIFORNIA,MEXICALI,EJIDO DOCTOR ALBERTO OVIEDO MOTA (EL INDIVISO),32.02547222222222,-114.98299416666669,02002,020021195,1,0.0011402508551881414
BAJA CALIFORNIA,MEXICALI,MEXICALI,32.641175833333335,-115.47557888888888,02002,020020001,250,2.926763023510102e-4
BAJA CALIFORNIA,MEXICALI,PUENTE QUEMADO (COLONIA VENUSTIANO CARRANZA),32.25885111111111,-115.18072527777778,02002,020020402,1,0.022727272727272728
BAJA CALIFORNIA,MEXICALI,RICARDO MAZON GUERRERO (COLONIA BAJA CALIFORNIA EL POLVORIN),32.240629166666665,-115.104525,02002,020020394,1,0.0012836970474967907
BAJA CALIFORNIA,MEXICALI,SAN FELIPE,31.022920277777775,-114.83890138888889,02002,020020284,489,0.028524762293647553
BAJA CALIFORNIA,PLAYAS DE ROSARITO,EL MORRO,32.26820305555555,-117.00915277777776,02005,020050076,1,0.03333333333333333
BAJA CALIFORNIA,PLAYAS DE ROSARITO,EL MORRO,32.26416666666667,-117.00111111111111,02005,020050304,1,0.016129032258064516
BAJA CALIFORNIA,PLAYAS DE ROSARITO,PLAYAS DE ROSARITO,32.363684166666665,-117.05445888888887,02005,020050001,11,1.0927876018279356e-4
BAJA CALIFORNIA,PLAYAS DE ROSARITO,POPOTLA,32.27755444444444,-117.02866972222222,02005,020050086,4,0.10810810810810811
BAJA CALIFORNIA,PLAYAS DE ROSARITO,PUERTO NUEVO,32.24259638888889,-116.93445805555557,02005,020050090,6,0.05405405405405406
BAJA CALIFORNIA,SAN QUINTIN,ABC (LOS CANELOS) [EMPAQUE],30.67101694444445,-115.97343638888889,02006,020060003,1,0.045454545454545456
BAJA CALIFORNIA,SAN QUINTIN,BAHIA DE LOS ANGELES,28.948094722222223,-113.55998277777778,02006,020060022,24,0.030729833546734954
BAJA CALIFORNIA,SAN QUINTIN,CAMALU,30.843033055555555,-116.062415,02006,020060040,16,0.0014194464158978
BAJA CALIFORNIA,SAN QUINTIN,EJIDO JOSE MARIA MORELOS Y PAVON,28.29411444444445,-114.03430055555556,02006,020060115,2,0.012738853503184714
BAJA CALIFORNIA,SAN QUINTIN,EJIDO NUEVA ODISEA (EL PABELLON),30.382278333333335,-115.85717444444444,02006,020060118,2,0.0057306590257879654
BAJA CALIFORNIA,SAN QUINTIN,EJIDO NUEVO ROSARITO,28.634303055555556,-114.01640972222222,02006,020060120,1,0.005813953488372093
BAJA CALIFORNIA,SAN QUINTIN,EJIDO PAPALOTE,30.476355277777778,-115.9184163888889,02006,020060121,4,9.823182711198428e-4
BAJA CALIFORNIA,SAN QUINTIN,EJIDO RUBEN JARAMILLO,30.924634166666667,-116.12596944444444,02006,020060124,7,0.0065298507462686565
BAJA CALIFORNIA,SAN QUINTIN,EJIDO VALLE TRANQUILO,30.289303055555557,-115.8039897222222,02006,020060126,3,0.027777777777777776
BAJA CALIFORNIA,SAN QUINTIN,EJIDO VILLA JESUS MARIA,28.2807275,-114.00156166666666,02006,020060127,13,0.02850877192982456
BAJA CALIFORNIA,SAN QUINTIN,EL ROSARIO DE ABAJO,30.042765833333338,-115.73664472222222,02006,020060224,1,0.002277904328018223
BAJA CALIFORNIA,SAN QUINTIN,EL ROSARIO DE ARRIBA,30.06396416666667,-115.72086916666667,02006,020060225,3,0.0015120967741935483
BAJA CALIFORNIA,SAN QUINTIN,JUAN MARIA SALVATIERRA [GRANJAS],30.489207500000003,-115.95828444444444,02006,020060440,1,0.06666666666666667
BAJA CALIFORNIA,SAN QUINTIN,LA CHORERA,30.46047,-116.03638611111111,02006,020060449,1,0.009433962264150943
BAJA CALIFORNIA,SAN QUINTIN,LAZARO CARDENAS,30.525980555555556,-115.93194666666668,02006,020060585,1,5.3109565032662385e-5
BAJA CALIFORNIA,SAN QUINTIN,NUEVO URUAPAN,30.07468972222222,-115.70855083333332,02006,020060630,1,9.596928982725527e-4
BAJA CALIFORNIA,SAN QUINTIN,PARCELA NUMERO CINCO (EJIDO NUEVO MEXICALI),30.55563194444445,-115.93056333333334,02006,020060642,1,0.023809523809523808
BAJA CALIFORNIA,SAN QUINTIN,SAN QUINTIN,30.556485277777774,-115.93906138888887,02006,020060001,52,0.01093815734118637
BAJA CALIFORNIA,SAN QUINTIN,SANTA ROSALIITA,28.670738611111112,-114.23428111111112,02006,020060837,2,0.00904977375565611
BAJA CALIFORNIA,SAN QUINTIN,VENUSTIANO CARRANZA (SANTA MARIA),30.402415555555553,-115.89235694444446,02006,020060861,1,6.653359946773121e-4
BAJA CALIFORNIA,SAN QUINTIN,VICENTE GUERRERO,30.73202388888889,-115.98928583333334,02006,020060863,2,1.4413375612568464e-4
BAJA CALIFORNIA,TIJUANA,ALVARADO,32.524719166666664,-116.77017388888888,02004,020042048,1,0.09090909090909091
BAJA CALIFORNIA,TIJUANA,EL ROSARIO,32.534552777777776,-116.74384083333334,02004,020041428,27,1.35
BAJA CALIFORNIA,TIJUANA,TIJUANA,32.53246083333333,-117.01891333333332,02004,020040001,18,9.941208795760628e-6
BAJA CALIFORNIA SUR,COMONDU,CADEJE,26.377905277777774,-112.51236194444444,03001,030010045,1,0.08333333333333333
BAJA CALIFORNIA SUR,COMONDU,CIUDAD CONSTITUCION,25.034635555555557,-111.67333944444444,03001,030010001,572,0.013057870106152265
BAJA CALIFORNIA SUR,COMONDU,CIUDAD INSURGENTES,25.264104444444445,-111.77746194444444,03001,030010133,9,9.8543742472353e-4
BAJA CALIFORNIA SUR,COMONDU,EL CHICHARRON,26.065300555555556,-112.27340083333333,03001,030012476,2,0.024390243902439025
BAJA CALIFORNIA SUR,COMONDU,LA POZA GRANDE,25.768381666666667,-112.02668527777776,03001,030010224,5,0.010638297872340425
BAJA CALIFORNIA SUR,COMONDU,LA PURISIMA,26.18828638888889,-112.07416055555557,03001,030010244,1,0.0027397260273972603
BAJA CALIFORNIA SUR,COMONDU,LAS BARRANCAS,26.00216222222222,-112.19741972222222,03001,030010049,3,0.0055658627087198514
BAJA CALIFORNIA SUR,COMONDU,MARIA AUXILIADORA,25.427455277777774,-111.90055444444444,03001,030010162,3,0.023076923076923078
BAJA CALIFORNIA SUR,COMONDU,PUERTO ADOLFO LOPEZ MATEOS,25.19290611111111,-112.1106136111111,03001,030010003,64,0.028738212842388863
BAJA CALIFORNIA SUR,COMONDU,PUERTO ALCATRAZ,24.50470222222222,-111.84652361111112,03001,030010241,4,0.025974025974025976
BAJA CALIFORNIA SUR,COMONDU,PUERTO CANCUN,24.548403888888892,-111.74650083333331,03001,030010450,1,0.05263157894736842
BAJA CALIFORNIA SUR,COMONDU,PUERTO SAN CARLOS,24.78974555555556,-112.10806194444444,03001,030010280,1109,0.19313827934517588
BAJA CALIFORNIA SUR,COMONDU,SAN JOSE DE COMONDU,26.058766666666667,-111.82369583333332,03001,030010293,7,0.0958904109589041
BAJA CALIFORNIA SUR,COMONDU,SAN JUANICO,26.25719972222222,-112.47860694444444,03001,030012086,4,0.0078125
BAJA CALIFORNIA SUR,COMONDU,SANTO DOMINGO,25.489236666666667,-111.91833166666667,03001,030010335,12,0.01741654571843251
BAJA CALIFORNIA SUR,COMONDU,VILLA IGNACIO ZARAGOZA,25.397045277777774,-111.84292138888888,03001,030010387,4,0.003067484662576687
BAJA CALIFORNIA SUR,COMONDU,VILLA MORELOS,24.92967888888889,-111.62982861111112,03001,030010380,3,0.002523128679562658
BAJA CALIFORNIA SUR,LA PAZ,AGUA AMARGA,24.460880833333334,-111.09454472222222,03003,030030020,11,0.9166666666666666
BAJA CALIFORNIA SUR,LA PAZ,AGUA AMARGA,23.98124444444444,-109.9016852777778,03003,030030336,11,0.026634382566585957
BAJA CALIFORNIA SUR,LA PAZ,ALFREDO V. BONFIL,24.149860555555556,-110.56687777777778,03003,030030945,1,0.011627906976744186
BAJA CALIFORNIA SUR,LA PAZ,BOCA DEL ALAMO,23.893400555555555,-109.80410583333332,03003,030030402,2,0.03389830508474576
BAJA CALIFORNIA SUR,LA PAZ,BOCA DEL SAUZOSO,24.31128027777778,-110.64190805555556,03003,030030060,1,0.025
BAJA CALIFORNIA SUR,LA PAZ,CHAMETLA,24.10197305555556,-110.37407388888889,03003,030030108,2,6.548788474132286e-4
BAJA CALIFORNIA SUR,LA PAZ,EL CARDONAL,23.843370277777776,-109.74802055555556,03003,030031424,4,0.012987012987012988
BAJA CALIFORNIA SUR,LA PAZ,EL CENTENARIO,24.10244861111111,-110.4131275,03003,030030092,3,4.8223758238225364e-4
BAJA CALIFORNIA SUR,LA PAZ,EL PARDITO,24.853102777777774,-110.5807725,03003,030032233,5,0.38461538461538464
BAJA CALIFORNIA SUR,LA PAZ,EL SARGENTO,24.081668611111112,-109.99368916666668,03003,030031630,9,0.006622516556291391
BAJA CALIFORNIA SUR,LA PAZ,ENSENADA DE CORTES,25.0497525,-110.82805388888887,03003,030030121,2,0.06666666666666667
BAJA CALIFORNIA SUR,LA PAZ,GENERAL JUAN DOMINGUEZ COTA,23.97148888888889,-109.95325055555556,03003,030031020,1,9.737098344693282e-4
BAJA CALIFORNIA SUR,LA PAZ,LA PAZ,24.148745,-110.30659,03003,030030001,1438,0.00574875770065683
BAJA CALIFORNIA SUR,LA PAZ,LA VENTANA,24.05016638888889,-109.98984861111111,03003,030030920,2,0.006535947712418301
BAJA CALIFORNIA SUR,LA PAZ,LAS ANIMAS,24.841296666666665,-110.9533052777778,03003,030030421,1,0.014705882352941176
BAJA CALIFORNIA SUR,LA PAZ,LAS POCITAS,24.39413,-111.1054186111111,03003,030030219,1,0.002857142857142857
BAJA CALIFORNIA SUR,LA PAZ,LAS TINAS,23.817075833333337,-109.7242538888889,03003,030030898,1,0.018518518518518517
BAJA CALIFORNIA SUR,LA PAZ,LEY FEDERAL DE REFORMA AGRARIA NUMERO UNO,23.961009722222222,-110.74400472222224,03003,030031500,1,0.01
BAJA CALIFORNIA SUR,LA PAZ,LOS BARRILES,23.680600833333333,-109.7045775,03003,030030392,5,0.002986857825567503
BAJA CALIFORNIA SUR,LA PAZ,NCPE CONQUISTA AGRARIA,23.983498055555557,-110.81320722222222,03003,030030985,2,0.013986013986013986
BAJA CALIFORNIA SUR,LA PAZ,PUERTO CHALE,24.42417027777778,-111.55271305555556,03003,030030224,9,0.022900763358778626
BAJA CALIFORNIA SUR,LA PAZ,PUNTA ALTA,25.013385,-110.76006527777778,03003,030031681,4,0.12903225806451613
BAJA CALIFORNIA SUR,LA PAZ,PUNTA COYOTE,24.703125,-110.69659,03003,030031558,1,0.09090909090909091
BAJA CALIFORNIA SUR,LA PAZ,SAN EVARISTO,24.910759166666665,-110.70970861111113,03003,030030778,34,0.4857142857142857
BAJA CALIFORNIA SUR,LA PAZ,SAN IGNACIO,23.996142777777777,-110.00451333333334,03003,030030784,6,0.4
BAJA CALIFORNIA SUR,LA PAZ,SAN IGNACIO,24.72435472222222,-111.30611666666668,03003,030031711,6,0.5
BAJA CALIFORNIA SUR,LA PAZ,SAN JUAN DE LA COSTA,24.371214444444444,-110.68843055555556,03003,030030963,2,0.0136986301369863
BAJA CALIFORNIA SUR,LA PAZ,SANTA RITA,24.589874166666664,-111.46740444444444,03003,030030849,6,0.02727272727272727
BAJA CALIFORNIA SUR,LA PAZ,SANTA RITA,23.974899166666663,-110.00417472222222,03003,030032148,6,0.6
BAJA CALIFORNIA SUR,LA PAZ,SANTA ROSA,23.978720277777775,-110.0056738888889,03003,030032147,1,0.05
BAJA CALIFORNIA SUR,LA PAZ,TODOS SANTOS,23.450436944444444,-110.22561333333334,03003,030030003,2,2.783576896311761e-4
BAJA CALIFORNIA SUR,LORETO,AGUA VERDE,25.518960277777776,-111.08129777777778,03009,030090216,4,0.5714285714285714
BAJA CALIFORNIA SUR,LORETO,EL MEZQUITE,25.64111611111111,-111.51316,03009,030090164,1,0.1
BAJA CALIFORNIA SUR,LORETO,ENSENADA BLANCA,25.72784555555555,-111.25306305555556,03009,030090156,6,0.02643171806167401
BAJA CALIFORNIA SUR,LORETO,JUNCALITO,25.833705833333333,-111.33326138888889,03009,030090197,1,0.08333333333333333
BAJA CALIFORNIA SUR,LORETO,LIGUI,25.735778055555556,-111.27120166666668,03009,030090161,3,0.012096774193548387
BAJA CALIFORNIA SUR,LORETO,LORETO,26.012777777777774,-111.34333333333332,03009,030090001,302,0.018515112500766356
BAJA CALIFORNIA SUR,LORETO,SAN JAVIER,25.861912500000003,-111.54343416666669,03009,030090206,1,0.0064516129032258064
BAJA CALIFORNIA SUR,LORETO,SAN JUANIQUITO,26.392450277777776,-111.45163944444444,03009,030090358,1,0.025
BAJA CALIFORNIA SUR,LORETO,SAN NICOLAS,26.54461055555556,-111.54796638888888,03009,030090071,5,0.05555555555555555
BAJA CALIFORNIA SUR,LORETO,TIMBABICHI,25.258051666666667,-110.9512213888889,03009,030090235,1,0.045454545454545456
BAJA CALIFORNIA SUR,LOS CABOS,AGUA VERDE,23.16867305555556,-109.70791583333332,03008,030080630,4,0.18181818181818182
BAJA CALIFORNIA SUR,LOS CABOS,BUENAVISTA,23.65735555555555,-109.69832777777778,03008,030080048,1,0.0014184397163120568
BAJA CALIFORNIA SUR,LOS CABOS,CABO SAN LUCAS,22.897018888888887,-109.92518611111112,03008,030080054,146,7.202975914432593e-4
BAJA CALIFORNIA SUR,LOS CABOS,EL CARDON,23.12317305555555,-109.52925833333332,03008,030080383,6,0.4
BAJA CALIFORNIA SUR,LOS CABOS,LA RIBERA,23.596563055555553,-109.58606694444444,03008,030080217,8,0.0034482758620689655
BAJA CALIFORNIA SUR,LOS CABOS,LAS TINAS,23.363014444444445,-109.79580916666669,03008,030080560,1,0.03571428571428571
BAJA CALIFORNIA SUR,LOS CABOS,PALO ESCOPETA,23.2204125,-109.58260833333333,03008,030080177,1,0.013157894736842105
BAJA CALIFORNIA SUR,LOS CABOS,SAN IGNACIO,23.29190638888889,-109.82143555555557,03008,030080447,6,0.25
BAJA CALIFORNIA SUR,LOS CABOS,SAN JOSE DEL CABO,23.06159138888889,-109.69474916666668,03008,030080001,7,5.1362952636020104e-5
BAJA CALIFORNIA SUR,LOS CABOS,SANTA RITA,23.326251944444444,-109.69631416666668,03008,030080386,6,0.1111111111111111
BAJA CALIFORNIA SUR,MULEGE,BAHIA ASUNCION,27.140901944444444,-114.29755805555556,03002,030020014,71,0.048864418444597386
BAJA CALIFORNIA SUR,MULEGE,BAHIA TORTUGAS,27.69174388888889,-114.89567916666668,03002,030020015,385,0.16265314744402196
BAJA CALIFORNIA SUR,MULEGE,CAMPO DELGADITO,26.60546138888889,-113.05683944444444,03002,030020456,2,0.025974025974025976
BAJA CALIFORNIA SUR,MULEGE,EJIDO LICENCIADO ALFREDO VLADIMIR BONFIL,27.36388888888889,-112.70886111111112,03002,030020244,1,0.002967359050445104
BAJA CALIFORNIA SUR,MULEGE,EJIDO SAN LUCAS,27.22209333333333,-112.22268055555556,03002,030020165,2,0.00273224043715847
BAJA CALIFORNIA SUR,MULEGE,EL CARDON,26.79987638888889,-113.14943805555556,03002,030020967,6,0.058823529411764705
BAJA CALIFORNIA SUR,MULEGE,EL DATIL,26.532867222222222,-112.91499361111111,03002,030020049,9,0.028938906752411574
BAJA CALIFORNIA SUR,MULEGE,EL DATIL,27.673203055555557,-113.0975322222222,03002,030021515,9,0.9
BAJA CALIFORNIA SUR,MULEGE,GUERRERO NEGRO,27.971833055555553,-114.05302111111112,03002,030020066,284,0.020888496616651958
BAJA CALIFORNIA SUR,MULEGE,HEROICA MULEGE,26.891565,-111.98140055555557,03002,030020097,28,0.007303077725612937
BAJA CALIFORNIA SUR,MULEGE,ISLA NATIVIDAD,27.8539925,-115.17051611111113,03002,030020076,1,0.0037313432835820895
BAJA CALIFORNIA SUR,MULEGE,PUNTA ABREOJOS,26.717676388888886,-113.57315666666666,03002,030020116,50,0.0511770726714432
BAJA CALIFORNIA SUR,MULEGE,SAN BRUNO,27.1623825,-112.16193694444443,03002,030020140,8,0.010825439783491205
BAJA CALIFORNIA SUR,MULEGE,SAN IGNACIO,27.281974166666664,-112.8949475,03002,030020149,6,0.011516314779270634
BAJA CALIFORNIA SUR,MULEGE,SANTA ROSALIA,27.33686833333333,-112.26827472222222,03002,030020001,821,0.05718464860346869
CAMPECHE,CALKINI,ANEXO SAN MATEO,20.31735638888889,-90.04177583333333,04001,040010150,1,0.015873015873015872
CAMPECHE,CALKINI,CALKINI,20.371226111111113,-90.05073944444445,04001,040010001,11,6.896984136936485e-4
CAMPECHE,CALKINI,ISLA ARENA,20.690499444444445,-90.45245916666669,04001,040010002,456,0.47107438016528924
CAMPECHE,CAMPECHE,CASTAMAY,19.837024166666662,-90.43043222222222,04002,040020073,1,7.898894154818325e-4
CAMPECHE,CAMPECHE,LERMA,19.806181666666667,-90.60070194444444,04002,040020087,37,0.004124400847174228
CAMPECHE,CAMPECHE,SAN FRANCISCO,19.745899166666668,-90.50034388888888,04002,040020875,1,0.043478260869565216
CAMPECHE,CAMPECHE,SAN FRANCISCO DE CAMPECHE,19.844814166666666,-90.53964916666666,04002,040020001,1010,0.0040461015210938095
CAMPECHE,CARMEN,ATASTA,18.61923416666667,-92.10385027777777,04003,040030006,430,0.15855457227138642
CAMPECHE,CARMEN,CIUDAD DEL CARMEN,18.637789444444444,-91.83645,04003,040030001,772,0.0040368546000271914
CAMPECHE,CARMEN,COLONIA EMILIANO ZAPATA,18.664831944444444,-92.31144638888888,04003,040030262,1,6.87757909215956e-4
CAMPECHE,CARMEN,EL CARMEN,18.2553975,-91.26746638888888,04003,040033789,1,0.014285714285714285
CAMPECHE,CARMEN,ISLA AGUADA,18.78302083333333,-91.4834563888889,04003,040030199,388,0.050918635170603674
CAMPECHE,CARMEN,NUEVO CAMPECHITO,18.645004166666663,-92.46523861111112,04003,040030118,5,0.010638297872340425
CAMPECHE,CARMEN,NUEVO PROGRESO,18.622946666666667,-92.28904861111111,04003,040030005,3,5.69692366122294e-4
CAMPECHE,CARMEN,PITAL VIEJO,18.550441111111112,-91.12468638888888,04003,040033453,1,0.0031847133757961785
CAMPECHE,CARMEN,PUERTO RICO,18.620912222222223,-91.93906083333334,04003,040030013,2,0.0029585798816568047
CAMPECHE,CARMEN,SABANCUY,18.97464472222222,-91.180515,04003,040030614,486,0.06275826446280992
CAMPECHE,CARMEN,SAN ANTONIO,18.466702777777776,-91.09252027777778,04003,040033511,1,0.125
CAMPECHE,CARMEN,SAN ANTONIO CARDENAS,18.61777916666667,-92.22438666666667,04003,040030101,5,0.0010855405992184109
CAMPECHE,CARMEN,SANTA ISABEL,18.733713611111114,-91.62666444444444,04003,040030007,1,0.14285714285714285
CAMPECHE,CHAMPOTON,CHAMPOTON,19.35621861111111,-90.72389111111112,04004,040040001,662,0.018492136651861783
CAMPECHE,CHAMPOTON,LA JOYA,19.48297583333333,-90.67524305555555,04004,040040016,1,8.389261744966443e-4
CAMPECHE,CHAMPOTON,VILLAMAR,19.29159777777778,-90.77247194444443,04004,040040521,1,0.0022271714922048997
CAMPECHE,PALIZADA,EL PARAISO,18.236106111111113,-92.1189097222222,04007,040070663,1,0.007352941176470588
CAMPECHE,PALIZADA,PALIZADA,18.253598333333333,-92.09090166666668,04007,040070001,323,0.09268292682926829
CAMPECHE,PALIZADA,RIBERA GOMEZ,18.271676944444444,-91.98876861111113,04007,040070521,1,0.006060606060606061
CAMPECHE,PALIZADA,RIBERA SAN EDUARDO,18.284803333333336,-91.95139722222224,04007,040070109,1,0.005555555555555556
CAMPECHE,PALIZADA,SAN ANTONIO,18.04621305555556,-91.8791275,04007,040070378,1,0.1
CAMPECHE,PALIZADA,SANTA ISABEL,18.333492777777774,-92.09526555555556,04007,040070110,1,0.0017152658662092624
CAMPECHE,SEYBAPLAYA,SEYBAPLAYA,19.639196944444443,-90.68830111111112,04012,040120001,797,0.0837624802942722
CAMPECHE,SEYBAPLAYA,VILLA MADERO,19.528409166666663,-90.69850138888889,04012,040120055,65,0.01409366869037294
CAMPECHE,SEYBAPLAYA,XKEULIL,19.628823333333333,-90.62800472222222,04012,040120056,1,9.407337723424271e-4
CAMPECHE,TENABO,EMILIANO ZAPATA,19.824409166666666,-90.15415055555556,04008,040080002,2,0.0042643923240938165
JALISCO,CABO CORRIENTES,AGUA CALIENTE,20.252585555555555,-105.41261416666669,14020,140200097,1,0.02
JALISCO,CABO CORRIENTES,CHIMO,20.471456944444444,-105.5919886111111,14020,140200021,1,0.004524886877828055
JALISCO,CABO CORRIENTES,EL TUITO,20.31833333333333,-105.32388888888887,14020,140200001,1,2.607561929595828e-4
JALISCO,CABO CORRIENTES,EMILIANO ZAPATA,20.443661944444443,-105.28026833333334,14020,140200127,3,0.21428571428571427
JALISCO,CABO CORRIENTES,LOS CORRALES,20.410305555555553,-105.67108333333334,14020,140200082,3,0.0136986301369863
JALISCO,CABO CORRIENTES,PEREGRINA DE GOMEZ (LA BOQUITA),20.186311111111113,-105.53719444444444,14020,140200123,1,0.025
JALISCO,CABO CORRIENTES,PIZOTA,20.489505555555557,-105.49088888888888,14020,140200057,1,0.015873015873015872
JALISCO,CABO CORRIENTES,TEHUAMIXTLE (TEHUALMIXTLE),20.238111111111113,-105.57533333333332,14020,140200088,1,0.00847457627118644
JALISCO,CABO CORRIENTES,YELAPA,20.487291666666668,-105.44280861111112,14020,140200070,2,0.0022675736961451248
JALISCO,CIHUATLAN,BARRA DE NAVIDAD,19.208055555555553,-104.68055555555556,14022,140220006,568,0.13314580403187998
JALISCO,CIHUATLAN,CIHUATLAN,19.238343333333333,-104.56299777777778,14022,140220001,1,5.3228296162239846e-5
JALISCO,CIHUATLAN,LAZARO CARDENAS,19.327054166666667,-104.7090975,14022,140220017,1,0.005154639175257732
JALISCO,CIHUATLAN,SAN PATRICIO (MELAQUE),19.225277777777777,-104.70111111111112,14022,140220033,6,8.623167576889911e-4
JALISCO,CIHUATLAN,SANTA CECILIA,19.232343055555553,-104.69999583333332,14022,140220120,2,0.16666666666666666
JALISCO,LA HUERTA,ARROYO SECO,19.33210611111111,-104.9498525,14043,140430012,1,0.0030581039755351682
JALISCO,LA HUERTA,EJIDO EL RINCON,19.405656666666665,-104.67482111111111,14043,140430094,1,0.0036900369003690036
JALISCO,LA HUERTA,EL REBALSITO DE APAZULCO,19.306358055555556,-104.88652722222224,14043,140430092,1,0.0017421602787456446
JALISCO,LA HUERTA,EMILIANO ZAPATA,19.384003611111112,-104.96510833333332,14043,140430036,3,0.0022189349112426036
JALISCO,LA HUERTA,LA MANZANILLA,19.285158055555556,-104.78706416666668,14043,140430062,1,6.28140703517588e-4
JALISCO,LA HUERTA,PERULA,19.591846944444445,-105.12349694444444,14043,140430146,5,0.004646840148698885
JALISCO,LA HUERTA,SAN MATEO,19.576665277777774,-105.08470138888887,14043,140430099,2,0.0024449877750611247
JALISCO,MASCOTA,BELLAVISTA,20.453096944444443,-104.77878277777778,14058,140580021,1,0.09090909090909091
JALISCO,MASCOTA,LA PALAPA,20.679871944444447,-105.09375055555554,14058,140580122,1,0.017857142857142856
JALISCO,MASCOTA,MASCOTA,20.525555555555556,-104.78222222222222,14058,140580001,1,1.0785159620362382e-4
JALISCO,MASCOTA,SAN PEDRO,20.439111666666665,-104.74995638888888,14058,140580163,1,0.0625
JALISCO,MASCOTA,SANTA ROSA,20.539444444444445,-104.68611111111112,14058,140580133,1,0.012345679012345678
JALISCO,PUERTO VALLARTA,BOCA DE TOMATES,20.671611944444447,-105.27673472222222,14067,140670007,1,0.2
JALISCO,PUERTO VALLARTA,BOCA DE TOMATLAN,20.512058888888888,-105.31393277777778,14067,140670009,1,0.0017094017094017094
JALISCO,PUERTO VALLARTA,EL GUAYABO,20.732331388888888,-105.20674722222222,14067,140670024,1,0.058823529411764705
JALISCO,PUERTO VALLARTA,MISMALOYA,20.530943333333333,-105.28959694444444,14067,140670008,4,0.0071301247771836
JALISCO,PUERTO VALLARTA,OJO DE AGUA,20.745869444444445,-105.15405555555556,14067,140670257,1,0.002840909090909091
JALISCO,PUERTO VALLARTA,PUERTO VALLARTA,20.613611111111112,-105.22722222222222,14067,140670001,403,0.0017977748632709688
JALISCO,PUERTO VALLARTA,SAN PEDRO,20.54736138888889,-105.11972222222222,14067,140670180,1,0.03571428571428571
JALISCO,TALPA DE ALLENDE,AGUA CALIENTE,20.47879194444444,-105.12255972222222,14084,140840004,1,0.25
JALISCO,TALPA DE ALLENDE,LOS SAUCES,20.262609722222223,-104.78948194444445,14084,140840218,1,0.06666666666666667
JALISCO,TOMATLAN,EL PORTEZUELO,20.028993055555553,-105.47558138888888,14100,141000115,1,0.004273504273504274
JALISCO,TOMATLAN,JOSE MARIA MORELOS,19.67638888888889,-105.18222222222222,14100,141000065,1,3.125e-4
JALISCO,TOMATLAN,LA CRUZ DE LORETO,20.00757861111111,-105.45644055555556,14100,141000034,1,5.497526113249038e-4
JALISCO,TOMATLAN,LA ESTANZUELA,19.984528611111113,-104.9325325,14100,141000048,1,0.2
JALISCO,TOMATLAN,LA GLORIA,19.94378805555555,-105.36905277777775,14100,141000054,1,0.001610305958132045
JALISCO,TOMATLAN,PRESA CAJON DE PENA (LA PRESA),20.00277,-105.14087083333334,14100,141000261,1,0.008620689655172414
NAYARIT,ACAPONETA,EL CARRIZAL,22.604645555555557,-105.08616638888888,18001,180010301,1,0.014705882352941176
NAYARIT,ACAPONETA,RANCHO VIEJO,22.470907777777775,-105.04727472222224,18001,180010159,1,0.08333333333333333
NAYARIT,ACAPONETA,SAN MIGUEL,22.33392611111111,-105.28435166666668,18001,180010094,3,0.004524886877828055
NAYARIT,ACAPONETA,SANTA CRUZ,22.468100555555555,-105.1185425,18001,180010096,2,0.008333333333333333
NAYARIT,ACAPONETA,ZACATECAS,22.58844222222222,-105.0698847222222,18001,180010138,2,0.046511627906976744
NAYARIT,BAHIA DE BANDERAS,AGUAMILPA,20.919809722222222,-105.03038611111111,18020,180200004,1,0.0016638935108153079
NAYARIT,BAHIA DE BANDERAS,BUCERIAS,20.756219722222223,-105.33945083333332,18020,180200013,6,3.7126415444588826e-4
NAYARIT,BAHIA DE BANDERAS,CORRAL DEL RISCO (PUNTA DE MITA),20.77509694444444,-105.51192055555556,18020,180200106,1,3.90015600624025e-4
NAYARIT,BAHIA DE BANDERAS,CRUZ DE HUANACAXTLE,20.750230277777774,-105.3826822222222,18020,180200027,134,0.03214200047973135
NAYARIT,BAHIA DE BANDERAS,DESARROLLO PUNTA MITA,20.7809625,-105.529675,18020,180200236,1,0.0040650406504065045
NAYARIT,BAHIA DE BANDERAS,EL COLOMO,20.868438611111113,-105.15658611111112,18020,180200026,1,6.839945280437756e-4
NAYARIT,BAHIA DE BANDERAS,HIGUERA BLANCA,20.798514444444447,-105.46669194444443,18020,180200041,1,5.896226415094339e-4
NAYARIT,BAHIA DE BANDERAS,MEZCALES,20.728523055555552,-105.28258027777778,18020,180200053,1,4.11370274383973e-5
NAYARIT,BAHIA DE BANDERAS,VALLE DE BANDERAS,20.80676,-105.24792416666666,18020,180200001,2,2.290950744558992e-4
NAYARIT,COMPOSTELA,CHACALA,21.166316388888887,-105.22607083333334,18004,180040065,9,0.02601156069364162
NAYARIT,COMPOSTELA,LA PENITA DE JALTEMBA,21.040603888888892,-105.249545,18004,180040128,107,0.010101010101010102
NAYARIT,COMPOSTELA,LOS AYALA,21.02513527777778,-105.28583555555556,18004,180040020,3,0.0048543689320388345
NAYARIT,COMPOSTELA,MEZCALES,21.28256722222222,-105.03971083333332,18004,180040106,1,0.1111111111111111
NAYARIT,COMPOSTELA,PAJARITOS,21.2866675,-105.03172166666668,18004,180040120,1,0.07142857142857142
NAYARIT,COMPOSTELA,PLATANITOS,21.352614444444445,-105.23906416666668,18004,180040137,1,0.022222222222222223
NAYARIT,COMPOSTELA,RINCON DE GUAYABITOS,21.024273333333333,-105.26599777777778,18004,180040154,3,0.0010803024846957148
NAYARIT,COMPOSTELA,ZACUALPAN,21.25086388888889,-105.16536194444446,18004,180040191,2,4.092490280335584e-4
NAYARIT,ROSAMORADA,COLONIAS 18 DE MARZO,22.045797222222223,-105.30927944444444,18010,180100008,1,7.79423226812159e-4
NAYARIT,ROSAMORADA,FRANCISCO VILLA,22.220893333333333,-105.33038972222222,18010,180100047,2,0.0023014959723820483
NAYARIT,ROSAMORADA,LLANO DEL TIGRE,22.127143333333333,-105.30441111111112,18010,180100014,1,9.92063492063492e-4
NAYARIT,ROSAMORADA,PERICOS,22.04922555555556,-105.35441888888889,18010,180100022,1,4.8426150121065375e-4
NAYARIT,ROSAMORADA,PESCADERO,22.18792138888889,-105.32644944444444,18010,180100023,1,0.0011148272017837235
NAYARIT,ROSAMORADA,PIMIENTILLO,22.016121666666667,-105.41082111111112,18010,180100025,5,0.0033200531208499337
NAYARIT,ROSAMORADA,ROSAMORADA,22.12254527777778,-105.20413027777778,18010,180100001,1,2.6896180742334586e-4
NAYARIT,ROSAMORADA,SANTA FE,22.03619138888889,-105.07287861111112,18010,180100034,1,0.0018552875695732839
NAYARIT,SAN BLAS,ATICAMA,21.483671666666663,-105.19666277777776,18012,180120003,1,6.373486297004461e-4
NAYARIT,SAN BLAS,BAHIA DE MATANCHEN,21.498193611111112,-105.20035833333334,18012,180120073,1,0.014285714285714285
NAYARIT,SAN BLAS,BOCA DEL ASADERO,21.642999444444445,-105.42515583333332,18012,180120006,13,0.09352517985611511
NAYARIT,SAN BLAS,EL ESPINO,21.370558333333335,-105.18824611111113,18012,180120017,1,0.013333333333333334
NAYARIT,SAN BLAS,GUADALUPE VICTORIA,21.679675,-105.32704666666666,18012,180120019,1,3.2615786040443573e-4
NAYARIT,SAN BLAS,LA CHIRIPA,21.6253625,-105.31164138888887,18012,180120016,1,0.0026954177897574125
NAYARIT,SAN BLAS,LAURELES Y GONGORA (EL CIRUELO),21.658930833333333,-105.36649,18012,180120009,2,0.0036429872495446266
NAYARIT,SAN BLAS,LAURELES Y GONGORA (EL LIMON),21.655001388888888,-105.38667055555555,18012,180120027,3,0.006564551422319475
NAYARIT,SAN BLAS,PIMIENTILLO,21.68086694444445,-105.35222527777778,18012,180120037,5,0.015772870662460567
NAYARIT,SAN BLAS,SAN BLAS,21.54173805555556,-105.28604638888888,18012,180120001,533,0.048742569730224054
NAYARIT,SAN BLAS,SANTA CRUZ DE MIRAMAR,21.43257,-105.19778861111112,18012,180120043,2,0.0011614401858304297
NAYARIT,SANTIAGO IXCUINTLA,AZTLAN DE LAS GARZAS,21.8257625,-105.39183305555557,18015,180150006,1,0.0024096385542168677
NAYARIT,SANTIAGO IXCUINTLA,BOCA DE CAMICHIN,21.74544722222222,-105.49019,18015,180150007,4,0.0030441400304414
NAYARIT,SANTIAGO IXCUINTLA,CAMPO DE LOS LIMONES,21.804111944444447,-105.41935027777778,18015,180150009,1,0.0016638935108153079
NAYARIT,SANTIAGO IXCUINTLA,EL COLOMO,21.79638888888889,-104.98361111111112,18015,180150018,1,0.023255813953488372
NAYARIT,SANTIAGO IXCUINTLA,EL LIMON,21.84183694444444,-105.31995472222222,18015,180150036,2,0.002638522427440633
NAYARIT,SANTIAGO IXCUINTLA,EL NOVILLERO,21.82314055555555,-105.25639805555556,18015,180150042,1,0.0038461538461538464
NAYARIT,SANTIAGO IXCUINTLA,MEXCALTITAN DE URIBE,21.90608972222222,-105.47540638888889,18015,180150038,2,0.0028328611898017
NAYARIT,SANTIAGO IXCUINTLA,PALMAR DE CUAUTLA,22.22024611111111,-105.64724777777778,18015,180150025,4,0.003835091083413231
NAYARIT,SANTIAGO IXCUINTLA,PUERTA DE PALAPARES,22.104754722222225,-105.62992777777777,18015,180150057,2,0.002162162162162162
NAYARIT,SANTIAGO IXCUINTLA,SAN ANDRES,21.913204722222225,-105.57072222222222,18015,180150062,2,0.002355712603062426
NAYARIT,SANTIAGO IXCUINTLA,SAN MIGUEL NUMERO DOS (EL QUEMADO),21.828660833333338,-105.39090194444444,18015,180150065,1,0.0014084507042253522
NAYARIT,SANTIAGO IXCUINTLA,SANTA CRUZ,21.980936944444444,-105.60137555555556,18015,180150066,2,0.0016313213703099511
NAYARIT,SANTIAGO IXCUINTLA,SANTIAGO IXCUINTLA,21.808335833333334,-105.20604444444444,18015,180150001,215,0.011929201575764301
NAYARIT,SANTIAGO IXCUINTLA,VILLA JUAREZ,21.691890833333332,-105.38708555555556,18015,180150081,1,3.673769287288758e-4
NAYARIT,TECUALA,ANTONIO R. LAURELES,22.237165555555556,-105.42929555555556,18016,180160004,1,0.002178649237472767
NAYARIT,TECUALA,EL LIMON,22.305114166666662,-105.44717,18016,180160023,2,0.002336448598130841
NAYARIT,TECUALA,EL MACHO (POZO DE HIGUERAS II),22.28676666666667,-105.4762638888889,18016,180160079,4,0.005797101449275362
NAYARIT,TECUALA,LAS LUMBRES,22.2597,-105.34603916666666,18016,180160024,1,0.004310344827586207
NAYARIT,TECUALA,LOS MORILLOS,22.269188888888888,-105.52113638888888,18016,180160029,1,0.002364066193853428
NAYARIT,TECUALA,NOVILLERO,22.381965555555556,-105.66134472222222,18016,180160031,5,0.0054288816503800215
NAYARIT,TECUALA,PAJARITOS,22.457658055555555,-105.52852944444444,18016,180160032,1,0.0014104372355430183
NAYARIT,TECUALA,PASO HONDO,22.3959225,-105.561245,18016,180160036,1,0.0019723865877712033
NAYARIT,TECUALA,PLAYA NOVILLERO,22.378330833333333,-105.68342833333334,18016,180160038,2,0.008064516129032258
NAYARIT,TECUALA,QUIMICHIS,22.36245055555556,-105.53866083333334,18016,180160041,1,3.2425421530479895e-4
NAYARIT,TECUALA,RIO VIEJO,22.393653333333333,-105.53456972222222,18016,180160043,1,0.0011049723756906078
NAYARIT,TECUALA,SAN CAYETANO,22.451887222222226,-105.6849613888889,18016,180160046,1,0.001256281407035176
NAYARIT,TECUALA,SAN FELIPE AZTATAN,22.385179722222222,-105.41693111111113,18016,180160047,1,2.199736031676199e-4
NAYARIT,TECUALA,TECUALA,22.395041111111112,-105.4560338888889,18016,180160001,556,0.0408223201174743
NAYARIT,TUXPAN,PALMA GRANDE,21.993005,-105.38948861111112,18018,180180012,1,4.780114722753346e-4
NAYARIT,TUXPAN,TUXPAN,21.944790277777777,-105.29808722222222,18018,180180001,1085,0.049289056466633355
NAYARIT,TUXPAN,UNION DE CORRIENTES,21.97684972222222,-105.43048277777778,18018,180180018,3,0.0028222013170272815
NAYARIT,XALISCO,EL CARRIZAL,21.378333333333337,-104.93194444444444,18008,180080005,1,0.0027247956403269754
NAYARIT,XALISCO,SAN ANTONIO,21.37048861111111,-105.06540805555557,18008,180080028,1,0.006134969325153374
QUINTANA ROO,BACALAR,REFORMA,18.813231666666667,-88.57211611111111,23010,230100271,1,8.244023083264633e-4
QUINTANA ROO,BENITO JUAREZ,CANCUN,21.16141611111111,-86.8248111111111,23005,230050001,123,1.3838930599450718e-4
QUINTANA ROO,COZUMEL,COZUMEL,20.503784166666662,-86.95758833333333,23001,230010001,83,9.820277097457376e-4
QUINTANA ROO,COZUMEL,COZUMEL,20.453388888888888,-86.98447222222222,23001,230011014,83,4.368421052631579
QUINTANA ROO,FELIPE CARRILLO PUERTO,PUNTA HERRERO,19.321010555555556,-87.46224777777778,23002,230020456,1,0.05
QUINTANA ROO,ISLA MUJERES,ISLA MUJERES,21.256569166666665,-86.74609166666667,23003,230030001,140,0.010626992561105207
QUINTANA ROO,LAZARO CARDENAS,CHIQUILA,21.43259888888889,-87.33571388888889,23007,230070008,9,0.0038944180008654264
QUINTANA ROO,LAZARO CARDENAS,HOLBOX,21.52319861111111,-87.37872666666667,23007,230070012,280,0.1520912547528517
QUINTANA ROO,OTHON P. BLANCO,CALDERITAS,18.55622444444445,-88.25258277777777,23004,230040016,1,1.801477211313277e-4
QUINTANA ROO,OTHON P. BLANCO,CHETUMAL,18.493889444444445,-88.29789888888888,23004,230040001,259,0.0015322905080815013
QUINTANA ROO,OTHON P. BLANCO,MAHAHUAL,18.716683333333332,-87.70839305555556,23004,230040053,1,3.7936267071320183e-4
QUINTANA ROO,OTHON P. BLANCO,XCALAK,18.27386444444444,-87.835195,23004,230040111,2,0.0045871559633027525
QUINTANA ROO,PUERTO MORELOS,PUERTO MORELOS,20.8484525,-86.87617722222221,23011,230110001,5,2.603488674824265e-4
QUINTANA ROO,SOLIDARIDAD,PLAYA DEL CARMEN,20.6281425,-87.07549999999999,23008,230080001,37,1.2133454886503007e-4
QUINTANA ROO,TULUM,TULUM,20.210776666666668,-87.46320472222223,23009,230090001,72,0.0021573680110265475
SINALOA,AHOME,AHOME,25.920549722222223,-109.17469777777778,25001,250010070,19,0.001603240232891739
SINALOA,AHOME,AMPLIACION NUEVO BACHOMOBAMPO NUMERO DOS,25.735574722222225,-109.133725,25001,250011151,1,0.0625
SINALOA,AHOME,BACHOMOBAMPO NUMERO DOS,25.738664166666663,-109.14769,25001,250010407,1,7.818608287724785e-4
SINALOA,AHOME,BACOREHUIS,26.31753305555555,-109.08557888888888,25001,250010081,9,0.004392386530014641
SINALOA,AHOME,CAMPO NUEVO,26.0841625,-109.37831444444444,25001,250011045,1,0.0015408320493066256
SINALOA,AHOME,CASA BLANCA,25.865272222222224,-108.9978388888889,25001,250010425,3,0.17647058823529413
SINALOA,AHOME,EJIDO 9 DE DICIEMBRE,25.751780277777776,-109.02842361111112,25001,250010189,1,5.065856129685917e-4
SINALOA,AHOME,EJIDO ROSENDO G. CASTRO,25.635156944444443,-109.0534597222222,25001,250010370,2,0.002849002849002849
SINALOA,AHOME,EL AGUAJITO,25.958983055555557,-109.3279847222222,25001,250010067,43,0.017939090529828953
SINALOA,AHOME,EL ALHUATE,25.87993944444445,-109.33085166666666,25001,250010675,2,0.004672897196261682
SINALOA,AHOME,EL COLORADO,25.75987444444445,-109.31582138888888,25001,250010119,92,0.03085177733065057
SINALOA,AHOME,EL HECHO,26.28559888888889,-109.1165072222222,25001,250011001,2,0.00881057268722467
SINALOA,AHOME,EL RANCHITO,25.95060611111111,-109.2839686111111,25001,250010210,1,0.0047169811320754715
SINALOA,AHOME,EL RANCHITO,26.071870277777776,-109.229955,25001,250010416,1,0.045454545454545456
SINALOA,AHOME,GUSTAVO DIAZ ORDAZ (EL CARRIZO),26.270023055555555,-109.03632361111111,25001,250010156,1,2.061855670103093e-4
SINALOA,AHOME,HIGUERA DE ZARAGOZA,25.966262222222223,-109.29673305555556,25001,250010160,8,8.453085376162299e-4
SINALOA,AHOME,JITZAMURI,26.214748888888888,-109.26525805555556,25001,250010166,28,0.0219435736677116
SINALOA,AHOME,LAS GRULLAS MARGEN DERECHA,25.8791875,-109.33781111111112,25001,250010148,12,0.01048951048951049
SINALOA,AHOME,LAS GRULLAS MARGEN IZQUIERDA,25.85668888888889,-109.32677472222224,25001,250010149,7,0.0026041666666666665
SINALOA,AHOME,LAS LAJITAS,26.096984444444445,-109.37382916666668,25001,250010169,11,0.16176470588235295
SINALOA,AHOME,LAZARO CARDENAS (MUELLECITO),25.599657777777775,-108.96880111111112,25001,250010448,6,0.0072992700729927005
SINALOA,AHOME,LOS MOCHIS,25.783416944444447,-108.99434277777776,25001,250010001,2914,0.009778228174316884
SINALOA,AHOME,PAREDONES,25.666383055555553,-108.9891,25001,250010349,1,0.0010615711252653928
SINALOA,AHOME,POBLADO NUMERO CINCO,26.2238475,-109.06135027777778,25001,250010356,2,8.714596949891067e-4
SINALOA,AHOME,TOPOLOBAMPO,25.59868722222222,-109.04952527777778,25001,250010240,525,0.08470474346563407
SINALOA,ANGOSTURA,BATURY,25.272036666666665,-108.24051527777776,25002,250020012,1,9.624639076034649e-4
SINALOA,ANGOSTURA,CHUMPILIHUIZTLE,25.3398275,-108.15006472222224,25002,250020037,1,0.0029940119760479044
SINALOA,ANGOSTURA,COSTA AZUL,25.10281666666667,-108.13766194444445,25002,250020035,12,0.008236101578586136
SINALOA,ANGOSTURA,EL FUERTE,25.382048611111113,-108.16839722222224,25002,250020048,972,57.1764705882353
SINALOA,ANGOSTURA,EL RANCHITO,25.31660638888889,-108.15565944444444,25002,250020188,1,0.0064516129032258064
SINALOA,ANGOSTURA,LA ESPERANZA,25.34917861111111,-108.18641305555556,25002,250020043,1,6.234413965087282e-4
SINALOA,ANGOSTURA,LA ILAMA,25.2644225,-108.18215361111112,25002,250020181,1,0.0036496350364963502
SINALOA,ANGOSTURA,LA REFORMA,25.080774722222223,-108.0538725,25002,250020093,2016,0.30563978168587025
SINALOA,ANGOSTURA,LEOPOLDO SANCHEZ CELIS (EL GATO DE LARA),25.122296666666667,-108.01534111111113,25002,250020067,4,0.001784121320249777
SINALOA,ANGOSTURA,PALOS VERDES,25.274474444444444,-108.06563,25002,250020082,1,0.037037037037037035
SINALOA,ANGOSTURA,PLAYA COLORADA,25.289555,-108.32433166666668,25002,250020084,8,0.009523809523809525
SINALOA,CULIACAN,AGUA CALIENTITA,24.95669611111111,-107.33618916666666,25006,250061242,3,0.2727272727272727
SINALOA,CULIACAN,CASA BLANCA,24.81311527777778,-107.57676888888888,25006,250061116,3,0.046153846153846156
SINALOA,CULIACAN,COSPITA,24.105978055555557,-107.12949527777778,25006,250060311,3,0.003157894736842105
SINALOA,CULIACAN,COSTA RICA,24.590405,-107.38957222222224,25006,250060312,4,1.416480753567761e-4
SINALOA,CULIACAN,CULIACAN ROSALES,24.808808055555556,-107.39375611111112,25006,250060001,2546,0.003149368641887345
SINALOA,CULIACAN,EJIDO CANAN,24.64218805555555,-107.44204361111112,25006,250062073,7,0.01569506726457399
SINALOA,CULIACAN,EL ALHUATE,24.52182361111111,-107.33644194444445,25006,250062758,2,0.15384615384615385
SINALOA,CULIACAN,EL CONCHAL,24.242914444444445,-107.32920722222222,25006,250060305,2,0.0035650623885918
SINALOA,CULIACAN,EL RANCHITO,24.746128055555555,-107.37606027777775,25006,250062518,1,9.784735812133072e-4
SINALOA,CULIACAN,EL ROBALAR,24.365997222222223,-107.53007666666666,25006,250061044,5,0.008210180623973728
SINALOA,CULIACAN,ELDORADO,24.322975555555555,-107.36294416666668,25006,250060341,7,4.738694828053073e-4
SINALOA,CULIACAN,IMALA,24.856213611111112,-107.2168913888889,25006,250060413,1,0.003424657534246575
SINALOA,CULIACAN,JESUS MARIA,25.088672777777777,-107.45190611111111,25006,250060421,8,0.004369197160021846
SINALOA,CULIACAN,LA COMPUERTA,24.390858333333338,-107.28127777777776,25006,250060304,1,0.004901960784313725
SINALOA,CULIACAN,LA ESPERANZA,24.274890833333338,-107.13920805555556,25006,250061664,1,0.004901960784313725
SINALOA,CULIACAN,LA FLORIDA,24.48310833333333,-107.30433805555556,25006,250061365,1,0.003289473684210526
SINALOA,CULIACAN,LA GUASIMA,24.865784166666668,-107.41027555555556,25006,250060969,2,0.004842615012106538
SINALOA,CULIACAN,LA REFORMA,24.536523333333335,-107.27409972222222,25006,250060600,2016,7.225806451612903
SINALOA,CULIACAN,LA REFORMA,25.012855,-107.39251472222224,25006,250060601,2016,9.122171945701357
SINALOA,CULIACAN,LAS AGUAMITAS,24.865808333333337,-107.32369944444444,25006,250060106,12,0.09302325581395349
SINALOA,CULIACAN,LAS ARENITAS,24.372021944444445,-107.53737222222222,25006,250060133,13,0.006974248927038627
SINALOA,CULIACAN,LAS HIGUERAS,25.01870333333333,-107.53739388888889,25006,250060397,1,0.005025125628140704
SINALOA,CULIACAN,LAS PALMAS,24.340443055555554,-107.37146666666666,25006,250061472,1,0.008064516129032258
SINALOA,CULIACAN,LAS TAPIAS,24.650078055555554,-107.15646361111112,25006,250060707,1,0.03125
SINALOA,CULIACAN,LEOPOLDO SANCHEZ CELIS,24.448090277777776,-107.37708194444444,25006,250060438,2,5.863383172090296e-4
SINALOA,CULIACAN,LOS BRASILES,24.876941666666667,-107.10271666666668,25006,250060185,1,0.011764705882352941
SINALOA,CULIACAN,PALO VERDE,24.881641666666667,-107.1280972222222,25006,250060533,1,0.014925373134328358
SINALOA,CULIACAN,PAREDONES,24.98317472222222,-107.4831325,25006,250060539,1,0.002967359050445104
SINALOA,CULIACAN,PUEBLO NUEVO,24.593285277777778,-107.35279444444444,25006,250060936,3,0.002008032128514056
SINALOA,CULIACAN,PUEBLO NUEVO,25.046046111111114,-107.40597944444444,25006,250061509,3,0.17647058823529413
SINALOA,CULIACAN,SAN DIEGO,24.380390555555557,-107.3316475,25006,250060638,1,8.928571428571428e-4
SINALOA,CULIACAN,SANALONA,24.801516111111113,-107.13851944444446,25006,250060627,1,0.0010638297872340426
SINALOA,EL FUERTE,ADOLFO LOPEZ MATEOS (JAHUARA SEGUNDO),26.227117777777774,-108.95458583333334,25010,250100102,2,4.462293618920125e-4
SINALOA,EL FUERTE,AGUA CALIENTITA,26.593159999999997,-108.49338416666669,25010,250100004,3,0.007957559681697613
SINALOA,EL FUERTE,ARROYO DE LOS ARMENTA,26.40768222222222,-108.71011361111113,25010,250100016,5,0.0165016501650165
SINALOA,EL FUERTE,BAROTEN,26.4021075,-108.6529675,25010,250100026,1,0.0012300123001230013
SINALOA,EL FUERTE,EL ALHUATE,25.904091388888887,-108.88385055555555,25010,250100401,2,0.013245033112582781
SINALOA,EL FUERTE,EL FUERTE,26.42159888888889,-108.61996638888888,25010,250100001,972,0.07565379825653798
SINALOA,EL FUERTE,EL MAHONE,26.50605305555555,-108.56769388888888,25010,250100122,3,0.015463917525773196
SINALOA,EL FUERTE,EL MEZQUITE,26.553207222222223,-108.7416688888889,25010,250100507,1,0.09090909090909091
SINALOA,EL FUERTE,EL RANCHITO,25.967111944444444,-108.94919194444444,25010,250100540,1,0.0016260162601626016
SINALOA,EL FUERTE,EL VADO,26.399567777777776,-108.66358555555556,25010,250100212,1,0.0033783783783783786
SINALOA,EL FUERTE,LA CRUZ,26.368121944444447,-108.66940194444445,25010,250101278,3,0.030303030303030304
SINALOA,EL FUERTE,LA GUASIMA,26.03123555555555,-108.7160688888889,25010,250100090,2,0.11764705882352941
SINALOA,EL FUERTE,LAS CABANILLAS,26.38907777777778,-108.6315225,25010,250100036,1,0.001996007984031936
SINALOA,EL FUERTE,LAZARO CARDENAS,26.299753333333335,-108.92467361111112,25010,250101289,4,0.007797270955165692
SINALOA,EL FUERTE,LO DE MAYO (ALAMO CAIDO),26.418635833333333,-108.7141852777778,25010,250100547,2,0.022988505747126436
SINALOA,EL FUERTE,LOS CALLEJONES (LOS LLANETES),26.45344722222222,-108.7656138888889,25010,250100420,2,0.125
SINALOA,EL FUERTE,PALO VERDE,26.31243527777778,-108.93146777777778,25010,250101293,1,0.0016339869281045752
SINALOA,EL FUERTE,POTRERO DE LOS SOTO,26.247228055555556,-108.32311833333333,25010,250100155,5,0.023923444976076555
SINALOA,EL FUERTE,SAN BLAS,26.084025277777776,-108.76248472222224,25010,250100179,1,1.7274140611504577e-4
SINALOA,EL FUERTE,SAN PEDRO,26.524535555555556,-108.47436361111112,25010,250100182,2,0.005025125628140704
SINALOA,ELOTA,ABOCHO (ESTACION ABOCHO),24.00015388888889,-106.96985638888889,25008,250080002,1,0.0038461538461538464
SINALOA,ELOTA,CASAS VIEJAS,24.039729444444447,-106.81010972222222,25008,250080132,3,0.0037313432835820895
SINALOA,ELOTA,CELESTINO GAZCA VILLASENOR,23.8194775,-106.8804372222222,25008,250080164,1,0.001177856301531213
SINALOA,ELOTA,EL CHIRIMOLE,24.205668888888887,-106.6455263888889,25008,250080029,1,0.015873015873015872
SINALOA,ELOTA,EL PORTEZUELO DE ARRIBA,24.21286611111111,-106.70916666666668,25008,250080064,1,0.00980392156862745
SINALOA,ELOTA,EL SABINAL,24.236366944444445,-106.74636222222222,25008,250080074,1,0.008928571428571428
SINALOA,ELOTA,EL SOLITO,24.19037416666667,-106.73923111111112,25008,250080421,1,0.014705882352941176
SINALOA,ELOTA,ENSENADA,24.05814277777778,-106.69863222222224,25008,250080032,3,0.007874015748031496
SINALOA,ELOTA,LA CRUZ,23.91540388888889,-106.89271166666668,25008,250080001,3,1.5196028771147807e-4
SINALOA,ELOTA,PAREDON COLORADO,24.09627861111111,-106.68039138888888,25008,250080061,1,0.003787878787878788
SINALOA,ELOTA,PUEBLO NUEVO,23.99092361111111,-106.95871694444445,25008,250080176,3,0.0015274949083503055
SINALOA,ESCUINAPA,EJIDO DE LA CAMPANA NUMERO UNO,22.697813055555557,-105.60332388888888,25009,250090013,1,8.305647840531562e-4
SINALOA,ESCUINAPA,ESCUINAPA DE HIDALGO,22.83505138888889,-105.77787583333333,25009,250090001,752,0.02216719726447353
SINALOA,ESCUINAPA,LA CAMPANA NUMERO DOS (EL POCHOTE),22.718821666666663,-105.59764638888888,25009,250090012,1,0.003787878787878788
SINALOA,ESCUINAPA,LA CIENEGA,22.78091111111111,-105.54844027777776,25009,250090099,1,0.05263157894736842
SINALOA,ESCUINAPA,LA CONCHA (LA CONCEPCION),22.528655,-105.45223166666666,25009,250090020,1,7.369196757553427e-4
SINALOA,ESCUINAPA,LA ESTACADA,22.779897777777776,-105.8540175,25009,250090595,2,0.18181818181818182
SINALOA,ESCUINAPA,OJO DE AGUA DE PALMILLAS,22.619055,-105.60389416666666,25009,250090043,2,8.100445524503848e-4
SINALOA,ESCUINAPA,PALMITO DEL VERDE,22.660435277777776,-105.77128277777776,25009,250090044,2,0.0013183915622940012
SINALOA,ESCUINAPA,TEACAPAN,22.53861305555556,-105.73863722222222,25009,250090060,15,0.0032622879512831664
SINALOA,ESCUINAPA,TECUALILLA,22.7661325,-105.67148416666669,25009,250090062,1,6.680026720106881e-4
SINALOA,GUASAVE,22-15 [CAMPO PESQUERO],25.50095361111111,-108.74140916666668,25011,250110941,2,0.016
SINALOA,GUASAVE,ALAMITO CAIMANERO,25.305544166666667,-108.4660225,25011,250110042,1,0.0036496350364963502
SINALOA,GUASAVE,BAMOA,25.70748888888889,-108.3432736111111,25011,250110052,1,3.417634996582365e-4
SINALOA,GUASAVE,BOCA DEL RIO,25.28701,-108.4981675,25011,250110386,10,0.017761989342806393
SINALOA,GUASAVE,CASA BLANCA,25.430745277777778,-108.42444416666667,25011,250110085,3,0.0020718232044198894
SINALOA,GUASAVE,EL BURRION,25.53926777777778,-108.41102027777778,25011,250110064,1,2.4740227610094015e-4
SINALOA,GUASAVE,EL CARACOL,25.492865555555557,-108.74582138888888,25011,250110695,2,0.0022172949002217295
SINALOA,GUASAVE,EL CERRO CABEZON,25.565598611111113,-108.85645777777778,25011,250110065,19,0.006949524506217996
SINALOA,GUASAVE,EL COLORADITO,25.50575277777778,-108.71756194444444,25011,250110707,6,0.016172506738544475
SINALOA,GUASAVE,EL COLORADO,25.52432333333333,-108.43413972222224,25011,250110477,92,1.1219512195121952
SINALOA,GUASAVE,EL HUITUSSI,25.509794166666666,-108.77542861111112,25011,250110148,13,0.006539235412474849
SINALOA,GUASAVE,EL HUITUSSI Y ANEXOS (EL HUITUSSITO),25.643898611111112,-108.69144277777778,25011,250110300,4,0.0045871559633027525
SINALOA,GUASAVE,EL PLATANITO,25.55053138888889,-108.31693888888888,25011,250110627,1,0.0017152658662092624
SINALOA,GUASAVE,EL SACRIFICIO,25.427348055555555,-108.63136444444444,25011,250110228,1,0.0012610340479192938
SINALOA,GUASAVE,EL TORTUGO,25.408089444444443,-108.6491263888889,25011,250110280,2,0.004761904761904762
SINALOA,GUASAVE,GABRIEL LEYVA SOLANO (BENITO JUAREZ),25.66433083333333,-108.6385863888889,25011,250110132,1,3.975036769090114e-5
SINALOA,GUASAVE,GUASAVE,25.56554722222222,-108.4718175,25011,250110001,2077,0.0266798545902966
SINALOA,GUASAVE,JESUS MARIA,25.51822861111111,-108.4475752777778,25011,250110151,8,0.028368794326241134
SINALOA,GUASAVE,JESUS MARIA,25.61282388888889,-108.78217444444444,25011,250110362,8,0.047337278106508875
SINALOA,GUASAVE,JUAN JOSE RIOS,25.755126666666666,-108.82083916666666,25011,250110138,2,8.92020873288435e-5
SINALOA,GUASAVE,LA BRECHA,25.368931111111113,-108.42172944444444,25011,250110059,4,0.0021141649048625794
SINALOA,GUASAVE,LA PITAHAYA,25.311650555555556,-108.52755277777776,25011,250110563,3,0.05172413793103448
SINALOA,GUASAVE,LAS GLORIAS,25.29461694444445,-108.51696611111112,25011,250110751,1,0.02857142857142857
SINALOA,GUASAVE,PALOS VERDES,25.379532222222224,-108.45821833333332,25011,250110188,1,7.479431563201197e-4
SINALOA,GUASAVE,RANCHITO DE ZAVALA,25.718610833333333,-108.32118666666666,25011,250110216,1,0.0013812154696132596
SINALOA,GUASAVE,SAN CARLOS,25.54550194444445,-108.56764944444444,25011,250110637,1,0.034482758620689655
SINALOA,GUASAVE,SAN FERNANDO,25.557069444444444,-108.60824583333331,25011,250110233,1,0.0013531799729364006
SINALOA,MAZATLAN,AMPLIACION EL CASTILLO,23.19446222222222,-106.3217872222222,25012,250120806,3,0.038461538461538464
SINALOA,MAZATLAN,AMPLIACION EL ZAPOTE,23.20182944444444,-106.31257777777778,25012,250121044,1,0.0038461538461538464
SINALOA,MAZATLAN,BARRON,23.12361611111111,-106.27623222222222,25012,250120134,2,0.0010030090270812437
SINALOA,MAZATLAN,CAMPO PUEBLO NUEVO,23.275790277777777,-106.2060788888889,25012,250120822,1,0.009345794392523364
SINALOA,MAZATLAN,EL CASTILLO,23.1947,-106.33948388888888,25012,250120162,7,0.0026789131266743206
SINALOA,MAZATLAN,EL PLACER,23.575073888888888,-106.18823111111112,25012,250120278,1,0.01098901098901099
SINALOA,MAZATLAN,EL POZOLE,23.189833888888888,-106.2302777777778,25012,250120288,3,0.007653061224489796
SINALOA,MAZATLAN,EL TECOMATE DE SIQUEROS,23.305219444444447,-106.25425805555555,25012,250120331,1,0.003389830508474576
SINALOA,MAZATLAN,EL WALAMO,23.141124444444443,-106.2456488888889,25012,250120761,2,5.633802816901409e-4
SINALOA,MAZATLAN,GUAMUCHIL,23.647237222222223,-106.06935333333332,25012,250120200,4,0.09090909090909091
SINALOA,MAZATLAN,LOMAS DE MONTERREY,23.254884722222226,-106.2560336111111,25012,250120786,1,0.0013812154696132596
SINALOA,MAZATLAN,LOS COPALES,23.580926666666667,-106.15366277777778,25012,250120370,2,0.038461538461538464
SINALOA,MAZATLAN,LOS POZOS,23.1917925,-106.24262444444444,25012,250121005,2,0.02564102564102564
SINALOA,MAZATLAN,LOS ZAPOTES,23.452604444444443,-106.46318388888888,25012,250120355,1,0.0035971223021582736
SINALOA,MAZATLAN,MARMOL DE SALCIDO (MARMOL),23.48424277777778,-106.60163444444444,25012,250120249,1,0.0017793594306049821
SINALOA,MAZATLAN,MAZATLAN,23.20031583333333,-106.4222213888889,25012,250120001,1804,0.004081678827988008
SINALOA,MAZATLAN,MIRAVALLES,23.297687777777774,-106.32152055555557,25012,250120255,1,0.008130081300813009
SINALOA,MAZATLAN,POTRERILLOS,23.584309444444443,-106.21997972222222,25012,250120690,1,0.07692307692307693
SINALOA,MAZATLAN,SAN MARCOS,23.53859638888889,-106.22578305555557,25012,250120313,2,0.13333333333333333
SINALOA,MAZATLAN,SAN MARCOS,23.527859444444445,-106.23198305555556,25012,250121377,2,0.0034904013961605585
SINALOA,MAZATLAN,SAN PEDRO,23.4326275,-106.46274777777778,25012,250120728,2,0.16666666666666666
SINALOA,MAZATLAN,VILLA UNION,23.18864277777778,-106.21996388888888,25012,250120348,7,4.1336955237982755e-4
SINALOA,MOCORITO,AGUA SALADA,25.026331666666664,-107.61900583333332,25013,250130014,1,0.02127659574468085
SINALOA,MOCORITO,EL MEZQUITE,25.610879444444446,-107.871775,25013,250130184,1,0.0016863406408094434
SINALOA,MOCORITO,EL RANCHITO,25.61796027777778,-107.81689,25013,250130610,1,0.16666666666666666
SINALOA,MOCORITO,LAS AGUAMITAS,25.103863055555557,-107.53397888888888,25013,250130739,12,0.14457831325301204
SINALOA,MOCORITO,POTRERILLOS,25.46721222222222,-107.99662972222222,25013,250130251,1,0.0053475935828877
SINALOA,MOCORITO,ROSA MORADA,25.368004444444445,-107.83673277777775,25013,250130109,1,0.003003003003003003
SINALOA,NAVOLATO,ALTATA,24.63577,-107.93103833333332,25018,250180006,16,0.007487131492746842
SINALOA,NAVOLATO,CAMPO CLOUTHIER,24.5897175,-107.53401888888888,25018,250180228,1,0.0016260162601626016
SINALOA,NAVOLATO,DAUTILLOS,24.722728888888888,-107.97467694444444,25018,250180054,24,0.011599806669888834
SINALOA,NAVOLATO,EL BLEDAL,24.82351583333333,-107.8089725,25018,250180023,1,0.0011198208286674132
SINALOA,NAVOLATO,EL CASTILLO,24.5436075,-107.70241916666669,25018,250180041,7,0.0024902170046246885
SINALOA,NAVOLATO,EL TETUAN NUEVO,24.62283,-107.9066275,25018,250180434,5,0.016722408026755852
SINALOA,NAVOLATO,LAS AGUAMITAS,24.67794444444445,-107.52029166666668,25018,250180002,12,1.5
SINALOA,NAVOLATO,LAS AGUAMITAS,24.573765,-107.79917166666668,25018,250180131,12,0.007281553398058253
SINALOA,NAVOLATO,LAS ARENITAS,24.713427222222226,-107.8063375,25018,250180554,13,0.9285714285714286
SINALOA,NAVOLATO,LAS PUENTES (GUADALUPE VICTORIA),24.532596388888887,-107.54023222222222,25018,250180322,6,0.0049504950495049506
SINALOA,NAVOLATO,LICENCIADO BENITO JUAREZ (CAMPO GOBIERNO),24.65737,-107.54077833333334,25018,250180374,1,2.9854310962502986e-5
SINALOA,NAVOLATO,LOS POCHOTES,24.84138722222222,-107.76194361111112,25018,250180089,1,0.0055248618784530384
SINALOA,NAVOLATO,NAVOLATO,24.767218888888888,-107.69676027777778,25018,250180001,1706,0.05539680477984154
SINALOA,NAVOLATO,ROSA MORADA,24.67229027777778,-107.69158555555556,25018,250180098,1,0.0016051364365971107
SINALOA,NAVOLATO,SAN BLAS,24.872444444444444,-107.65416277777778,25018,250180607,1,0.0020876826722338203
SINALOA,NAVOLATO,SAN PEDRO,24.7735225,-107.55399305555557,25018,250180355,2,4.8508367693427115e-4
SINALOA,NAVOLATO,SATAYA,24.629322777777777,-107.65574861111112,25018,250180078,1,0.0016806722689075631
SINALOA,NAVOLATO,YAMETO,24.78689638888889,-108.04689333333332,25018,250180126,8,0.045454545454545456
SINALOA,ROSARIO,AGUA VERDE,22.89022027777778,-105.97308111111111,25014,250140388,8,0.0018428933425478
SINALOA,ROSARIO,CHAMETLA,22.877786666666665,-105.95803111111113,25014,250140146,10,0.006345177664974619
SINALOA,ROSARIO,CRUZ PEDREGOZA,22.95512833333333,-105.93638305555557,25014,250140015,1,0.002277904328018223
SINALOA,ROSARIO,EJIDO CAJON OJO DE AGUA NUMERO DOS,22.900690555555553,-105.97232222222222,25014,250140079,1,5.112474437627812e-4
SINALOA,ROSARIO,EJIDO GREGORIO VAZQUEZ MORENO (SAN JOACHIN),22.965435555555555,-106.13654833333334,25014,250140020,2,0.001763668430335097
SINALOA,ROSARIO,EL MATADERO,22.997338333333335,-106.04773527777778,25014,250140287,1,0.0010718113612004287
SINALOA,ROSARIO,EL PORTEZUELO,23.05892888888889,-105.97921527777778,25014,250140329,1,0.011764705882352941
SINALOA,ROSARIO,EL POZOLE,22.913832777777777,-105.91151222222224,25014,250140049,3,0.001288659793814433
SINALOA,ROSARIO,EL ROSARIO,22.990874166666668,-105.85375666666664,25014,250140001,1230,0.07194244604316546
SINALOA,ROSARIO,LA GUASIMA,22.93858944444445,-106.11826833333332,25014,250140022,2,0.0018066847335140017
SINALOA,ROSARIO,LA REFORMA,22.93111027777778,-105.89493416666669,25014,250140053,2016,8.727272727272727
SINALOA,ROSARIO,LAS HIGUERAS,23.053545555555555,-105.95524055555556,25014,250140024,1,0.001519756838905775
SINALOA,ROSARIO,LOS POZOS,23.009962777777776,-106.15285944444445,25014,250140041,2,0.0011968880909634949
SINALOA,ROSARIO,POTRERILLOS,23.02680388888889,-105.94433666666669,25014,250140047,1,0.0011037527593818985
SINALOA,ROSARIO,POTRERO DE LOS LAURELES,23.065168333333332,-105.71894083333332,25014,250140048,1,0.007194244604316547
SINALOA,ROSARIO,TEODORO BELTRAN (LA HACIENDA),23.01082,-106.15528833333336,25014,250140134,1,8.453085376162299e-4
SINALOA,SAN IGNACIO,BARRAS DE PIAXTLA,23.664549444444443,-106.80200055555557,25016,250160676,3,0.007228915662650603
SINALOA,SAN IGNACIO,DIMAS (ESTACION DIMAS),23.721843333333332,-106.7817875,25016,250160066,2,5.47945205479452e-4
SINALOA,SAN IGNACIO,EL POZOLE,23.599515555555556,-106.71940583333334,25016,250160131,3,0.02912621359223301
SINALOA,SAN IGNACIO,LOMAS DEL MAR DE PIAXTLA (LA PLAYA),23.4879775,-106.6216586111111,25016,250160774,2,0.018867924528301886
SINALOA,SAN IGNACIO,LOS BRASILES,24.038792222222224,-106.05974666666668,25016,250160027,1,0.06666666666666667
SINALOA,SAN IGNACIO,SAN IGNACIO,23.940275833333335,-106.42549694444445,25016,250160001,1,2.079002079002079e-4
SINALOA,SAN IGNACIO,SAN JAVIER,23.919566111111113,-106.50920277777776,25016,250160151,5,0.01818181818181818
SINALOA,SINALOA,BACUBIRITO,25.80855111111111,-107.91678361111111,25017,250171046,2,0.0017331022530329288
SINALOA,SINALOA,BACURATO,25.859816666666667,-107.89684555555556,25017,250170367,2,0.0091324200913242
SINALOA,SINALOA,EL AGUAJITO,25.90810972222222,-108.51373805555556,25017,250170626,43,0.4673913043478261
SINALOA,SINALOA,EL AGUAJITO,25.830613888888887,-108.0751425,25017,250170627,43,0.48314606741573035
SINALOA,SINALOA,EL AGUAJITO,25.762048333333333,-107.90746694444444,25017,250171757,43,0.2986111111111111
SINALOA,SINALOA,EL MEZQUITE,25.7066975,-108.10735333333332,25017,250170159,1,0.003194888178913738
SINALOA,SINALOA,EL PLATANITO,26.1908375,-108.29814277777776,25017,250170195,1,0.014925373134328358
SINALOA,SINALOA,EL PLATANITO,25.89620638888889,-108.35412194444444,25017,250170598,1,0.005813953488372093
SINALOA,SINALOA,EL SABINAL,26.216331666666665,-108.28904777777778,25017,250171568,1,0.03225806451612903
SINALOA,SINALOA,EL SABINAL,26.160076666666665,-108.04804583333332,25017,250171724,1,0.0625
SINALOA,SINALOA,LA PITAHAYA,25.79870777777778,-108.49577888888888,25017,250170889,3,0.02027027027027027
SINALOA,SINALOA,LAS HIGUERAS,25.918437222222224,-108.10355583333332,25017,250170778,1,0.125
SINALOA,SINALOA,LAS LAJITAS,26.15393861111111,-108.09861472222222,25017,250171692,11,0.4074074074074074
SINALOA,SINALOA,PIEDRA BOLA,25.978903888888887,-108.3442475,25017,250170187,1,0.05555555555555555
SINALOA,SINALOA,POTRERILLOS,25.719731666666664,-108.04372916666668,25017,250170206,1,0.011904761904761904
SINALOA,SINALOA,POTRERILLOS,25.69599888888889,-108.216025,25017,250170901,1,0.020833333333333332
SINALOA,SINALOA,POTRERILLOS,25.88444611111111,-107.92821055555557,25017,250170902,1,0.041666666666666664
SINALOA,SINALOA,SAN IGNACIO,26.070745,-107.84128722222222,25017,250170948,1,0.047619047619047616
SINALOA,SINALOA,SAN PEDRO,25.66696166666667,-108.1053461111111,25017,250170956,2,0.125
SINALOA,SINALOA,SANTIAGO DE OCORONI,25.94522166666667,-108.41513416666668,25017,250170172,1,6.920415224913495e-4
SONORA,BACUM,BACUM,27.550578333333338,-110.08267472222222,26012,260120001,1,2.311604253351826e-4
SONORA,BACUM,FRANCISCO JAVIER MINA (CAMPO 60),27.46125333333333,-110.11127583333332,26012,260120082,1,1.577784790154623e-4
SONORA,BACUM,SAN JOSE,27.118725833333333,-110.14326222222223,26012,260120172,1,0.027777777777777776
SONORA,BACUM,SAN JOSE DE BACUM,27.515205555555557,-110.14333444444443,26012,260120093,2,4.6382189239332097e-4
SONORA,BACUM,VILLA GUADALUPE,27.210898888888888,-110.1321975,26012,260120100,1,0.0022727272727272726
SONORA,BENITO JUAREZ,ACEITUNITAS (SUBE Y BAJA),27.079138055555557,-109.9140288888889,26071,260710140,1,0.0017985611510791368
SONORA,BENITO JUAREZ,BACHOCO,27.099036944444443,-109.81437888888888,26071,260710127,4,0.36363636363636365
SONORA,BENITO JUAREZ,PAREDON COLORADO (PAREDON VIEJO),27.078218055555556,-109.93268305555556,26071,260710139,27,0.009168081494057725
SONORA,BENITO JUAREZ,PAREDONCITO,27.057083055555555,-109.9129252777778,26071,260710141,24,0.01
SONORA,BENITO JUAREZ,VILLA JUAREZ,27.12781,-109.84257333333332,26071,260710001,20,0.001520565650421957
SONORA,CABORCA,15 DE SEPTIEMBRE,30.873086666666666,-112.9717611111111,26017,260170397,1,0.0024330900243309003
SONORA,CABORCA,ALVARO OBREGON,30.791845,-112.99437388888887,26017,260170009,2,0.002635046113306983
SONORA,CABORCA,DESEMBOQUE,30.569561944444445,-113.006935,26017,260170080,8,0.0136986301369863
SONORA,CABORCA,HEROICA CABORCA,30.714073888888887,-112.14835472222222,26017,260170001,10,1.4792024140583397e-4
SONORA,CABORCA,PLUTARCO ELIAS CALLES (LA Y GRIEGA),30.80955611111111,-112.72108,26017,260170246,2,3.876720294630742e-4
SONORA,CABORCA,PUERTO LOBOS,30.271829166666667,-112.84492277777775,26017,260170166,2,0.009302325581395349
SONORA,CAJEME,18 DE SEPTIEMBRE,27.46138861111111,-109.86190138888888,26018,260180810,1,0.0625
SONORA,CAJEME,31 DE OCTUBRE,27.297690000000003,-110.03696083333332,26018,260180397,1,8.163265306122449e-4
SONORA,CAJEME,BENITO JUAREZ,27.416981111111113,-110.01545472222222,26018,260180084,1,0.008547008547008548
SONORA,CAJEME,BUENAVISTA,27.801033333333333,-109.90342472222224,26018,260180090,7,0.015521064301552107
SONORA,CAJEME,CIUDAD OBREGON,27.49648888888889,-109.93271611111112,26018,260180001,1829,0.0055524523078043985
SONORA,CAJEME,COCORIT,27.575563055555556,-109.9584888888889,26018,260180284,1,1.3469827586206896e-4
SONORA,CAJEME,EL CAMPITO,27.49638888888889,-110.057755,26018,260180106,1,0.043478260869565216
SONORA,CAJEME,EL PORVENIR,28.12164166666667,-109.8932863888889,26018,260180357,1,0.009259259259259259
SONORA,CAJEME,ESPERANZA,27.580675555555555,-109.9305275,26018,260180311,6,1.532019201307323e-4
SONORA,CAJEME,FRANCISCO I. MADERO (CAMPO 30),27.483177777777776,-110.05723527777778,26018,260180314,1,7.692307692307692e-4
SONORA,CAJEME,KILOMETRO NUEVE (EL PUEBLITO),27.653695,-109.89947472222222,26018,260180543,1,0.0030959752321981426
SONORA,CAJEME,PUEBLO YAQUI,27.356001111111112,-110.033485,26018,260180403,1,7.055669230226487e-5
SONORA,CAJEME,QUETCHEHUECA,27.262519166666667,-109.94777305555556,26018,260180365,5,0.0016655562958027982
SONORA,EMPALME,CRUZ DE PIEDRA,27.95094222222222,-110.6756402777778,26025,260250013,1,0.0010845986984815619
SONORA,EMPALME,EMPALME,27.957605833333332,-110.81599333333332,26025,260250001,25,6.429049015069691e-4
SONORA,ETCHOJOA,ETCHOJOA,26.910833333333333,-109.62527777777775,26026,260260001,1,1.0171905197843556e-4
SONORA,ETCHOJOA,NAVOLATO,27.033448611111112,-109.56766444444445,26026,260260057,1,0.0016474464579901153
SONORA,GUAYMAS,GUASIMAS (DE BELEM),27.88617,-110.58143861111112,26029,260290111,1,5.104645227156713e-4
SONORA,GUAYMAS,HEROICA GUAYMAS,27.923248611111113,-110.88944472222222,26029,260290001,1756,0.014976162656819015
SONORA,GUAYMAS,LA MANGA (CAMPO PESQUERO LA MANGA),27.979733055555553,-111.1238247222222,26029,260291298,1,0.005405405405405406
SONORA,GUAYMAS,SAN CARLOS (SAN CARLOS NUEVO GUAYMAS),27.94836611111111,-111.05181638888888,26029,260290025,2,7.974481658692185e-4
SONORA,GUAYMAS,SONORA,28.06585666666667,-110.53375194444445,26029,260290293,1,0.00980392156862745
SONORA,HERMOSILLO,BAHIA DE KINO,28.8255225,-111.93968527777778,26030,260300137,1073,0.16625348621010227
SONORA,HERMOSILLO,BUENA VISTA,29.244211944444444,-110.63771444444446,26030,260300152,1,0.05555555555555555
SONORA,HERMOSILLO,EL CARDONAL,28.452616388888888,-111.685715,26030,260301829,3,0.5
SONORA,HERMOSILLO,EL CHOYUDO (LOS JAPONESES),28.320640277777777,-111.45215277777778,26030,260301214,8,0.017817371937639197
SONORA,HERMOSILLO,EL PORVENIR,28.764791944444443,-111.3402772222222,26030,260300412,1,0.09090909090909091
SONORA,HERMOSILLO,HERMOSILLO,29.074891666666662,-110.95846361111111,26030,260300001,45,5.2596944935673934e-5
SONORA,HERMOSILLO,HERMOSILLO,28.640329444444443,-111.52669472222222,26030,260300289,45,1.40625
SONORA,HERMOSILLO,PLAN DE AYALA,28.571048333333337,-111.55566583333334,26030,260300403,1,0.001984126984126984
SONORA,HERMOSILLO,PUNTA CHUECA,29.01472888888889,-112.1602725,26030,260300136,8,0.011730205278592375
SONORA,HERMOSILLO,SAHUIMERO,28.5529475,-111.74846638888889,26030,260303258,2,0.0196078431372549
SONORA,HERMOSILLO,SAN FRANCISCO DE BATUC,29.18351388888889,-110.83079027777778,26030,260300492,2,0.008888888888888889
SONORA,HERMOSILLO,SAN JOSE,28.69489638888889,-111.45367111111112,26030,260301102,1,0.041666666666666664
SONORA,HERMOSILLO,SAN JOSE,28.686642777777777,-111.53889,26030,260301124,1,0.08333333333333333
SONORA,HERMOSILLO,SAN JOSE,29.10171111111111,-111.78805555555556,26030,260302039,1,0.1111111111111111
SONORA,HERMOSILLO,TASTIOTA,28.367228333333333,-111.457155,26030,260301215,1,0.038461538461538464
SONORA,HUATABAMPO,AGIABAMPO NUMERO DOS (EL CAMPITO),26.324196666666666,-109.0970325,26033,260330180,1,0.002012072434607646
SONORA,HUATABAMPO,AGIABAMPO UNO,26.36616777777778,-109.14652111111111,26033,260330002,11,0.005844845908607864
SONORA,HUATABAMPO,ALVARO OBREGON,26.504055833333332,-109.15343944444444,26033,260330110,2,0.005633802816901409
SONORA,HUATABAMPO,BACHANTAHUI,26.77284,-109.63296555555554,26033,260330011,4,0.005457025920873124
SONORA,HUATABAMPO,BACHOCO,26.72700833333333,-109.41742944444444,26033,260330012,4,0.013793103448275862
SONORA,HUATABAMPO,BENITO JUAREZ,26.602988055555556,-109.1755663888889,26033,260330050,1,0.004291845493562232
SONORA,HUATABAMPO,CHAPULTEPEC,26.74363027777778,-109.61361222222222,26033,260330255,5,0.011185682326621925
SONORA,HUATABAMPO,EL PORVENIR,26.845320277777777,-109.64948305555556,26033,260330075,1,0.006578947368421052
SONORA,HUATABAMPO,EL RIITO,26.77715,-109.63199472222222,26033,260330210,1,0.0018214936247723133
SONORA,HUATABAMPO,ESTACION DON,26.427473333333335,-109.02873583333331,26033,260330033,1,0.007407407407407408
SONORA,HUATABAMPO,ETCHOROPO,26.771666666666665,-109.68333333333334,26033,260330038,6,0.0058309037900874635
SONORA,HUATABAMPO,HUATABAMPO,26.82689694444445,-109.64415333333334,26033,260330001,1789,0.05899617464714418
SONORA,HUATABAMPO,JUAN DE LA BARRERA,26.407811388888888,-109.0941636111111,26033,260330048,1,0.00130718954248366
SONORA,HUATABAMPO,LA ESCALERA,26.777090555555553,-109.65089166666668,26033,260330035,1,0.0018115942028985507
SONORA,HUATABAMPO,LA UNION,26.82018611111111,-109.6085611111111,26033,260330094,2,4.0306328093510683e-4
SONORA,HUATABAMPO,LAS BOCAS,26.58960888888889,-109.332095,26033,260330017,10,0.00949667616334283
SONORA,HUATABAMPO,LAS MILPAS,26.796546666666668,-109.76991361111112,26033,260330063,3,0.005338078291814947
SONORA,HUATABAMPO,LOMA DE ETCHOROPO,26.765659444444445,-109.68180916666668,26033,260330054,3,0.0012831479897348161
SONORA,HUATABAMPO,LOMA DE MORONCARIT,26.751557777777776,-109.6722302777778,26033,260330055,2,0.0030211480362537764
SONORA,HUATABAMPO,LOS BUITBORES,26.760699166666665,-109.71346055555556,26033,260330019,4,0.009216589861751152
SONORA,HUATABAMPO,MELCHOR OCAMPO,26.532260555555556,-109.17571722222225,26033,260330062,1,0.0018832391713747645
SONORA,HUATABAMPO,MORONCARIT,26.734291944444447,-109.6159461111111,26033,260330067,28,0.01891891891891892
SONORA,HUATABAMPO,PUEBLO VIEJO,26.792219722222224,-109.71099527777778,26033,260330078,1,0.0026041666666666665
SONORA,HUATABAMPO,YAVAROS (ISLA LAS VIEJAS),26.704953333333332,-109.52010638888888,26033,260330099,51,0.013870002719608376
SONORA,NAVOJOA,AGIABAMPO,27.207020277777776,-109.52291944444444,26042,260420002,3,0.75
SONORA,NAVOJOA,AGIABAMPO,27.196886111111112,-109.54135111111113,26042,260420209,3,0.008645533141210375
SONORA,NAVOJOA,BUENAVISTA,27.03950166666667,-109.51043694444444,26042,260420016,7,0.01871657754010695
SONORA,NAVOJOA,CHOACALLE,26.772905833333333,-109.22980916666668,26042,260420041,1,0.0027100271002710027
SONORA,NAVOJOA,FUNDICION,27.33083055555555,-109.73553444444444,26042,260420048,1,0.0010638297872340426
SONORA,NAVOJOA,LOS BAHUISES,27.121546388888888,-109.46897638888888,26042,260420006,1,8.103727714748784e-4
SONORA,NAVOJOA,NAVOJOA,27.0815975,-109.44554611111111,26042,260420001,1,8.269520202437855e-6
SONORA,NAVOJOA,SAN JOSE MASIACA,26.74602944444445,-109.24696166666666,26042,260420108,1,0.0018552875695732839
SONORA,PITIQUITO,DESEMBOQUE DE LOS SERIS (EL DESEMBOQUE),29.505154166666667,-112.3961302777778,26047,260470027,3,0.00911854103343465
SONORA,PITIQUITO,PITIQUITO,30.675995833333335,-112.05392527777778,26047,260470001,1,1.945903872348706e-4
SONORA,PITIQUITO,PUERTO LIBERTAD,29.909170277777775,-112.68645111111113,26047,260470065,92,0.03345454545454545
SONORA,PUERTO PENASCO,BAHIA LA CHOYA,31.34165111111111,-113.63513194444444,26048,260480004,1,0.007575757575757576
SONORA,PUERTO PENASCO,PUERTO PENASCO,31.306780833333335,-113.54013083333334,26048,260480001,1080,0.017335195261713295
SONORA,SAN IGNACIO RIO MUERTO,BAHIA DE LOBOS,27.354544444444446,-110.45269444444445,26072,260720017,32,0.010698762955533266
SONORA,SAN IGNACIO RIO MUERTO,SAN IGNACIO RIO MUERTO,27.411415,-110.24151416666666,26072,260720001,5,6.146281499692685e-4
SONORA,SAN IGNACIO RIO MUERTO,SONORA,27.394019166666663,-110.3429911111111,26072,260720146,1,0.034482758620689655
SONORA,SAN LUIS RIO COLORADO,GOLFO DE SANTA CLARA,31.689948611111113,-114.50091861111112,26055,260550011,1280,0.2771762667821568
SONORA,SAN LUIS RIO COLORADO,SAN LUIS RIO COLORADO,32.47983111111111,-114.77962444444444,26055,260550001,1,5.659790021790192e-6
YUCATAN,CELESTUN,CELESTUN,20.86009166666667,-90.39946361111112,31011,310110001,705,0.08426966292134831
YUCATAN,DZEMUL,DZEMUL,21.211503055555553,-89.30881388888889,31026,310260001,1,2.8843380444188056e-4
YUCATAN,DZEMUL,SAN EDUARDO,21.23311805555555,-89.276285,31026,310260006,1,0.017543859649122806
YUCATAN,DZIDZANTUN,DZIDZANTUN,21.246678333333335,-89.042975,31027,310270001,11,0.0014608233731739709
YUCATAN,DZIDZANTUN,SANTA CLARA,21.373820277777774,-89.01375416666667,31027,310270004,3,0.07894736842105263
YUCATAN,DZILAM DE BRAVO,DZILAM DE BRAVO,21.393229166666668,-88.89187972222223,31028,310280001,944,0.3845213849287169
YUCATAN,DZILAM DE BRAVO,PUEBLO NUEVO,21.38266944444445,-88.8907313888889,31028,310280080,2,0.008771929824561403
YUCATAN,DZILAM GONZALEZ,DZILAM GONZALEZ,21.280125,-88.92974055555555,31029,310290001,14,0.0022694115739990274
YUCATAN,HUNUCMA,HUNUCMA,21.016154166666663,-89.87705166666666,31038,310380001,5,1.759819794453048e-4
YUCATAN,HUNUCMA,SISAL,21.1648975,-90.03254027777778,31038,310380004,496,0.2386910490856593
YUCATAN,IXIL,IXIL,21.153000277777775,-89.48121111111111,31039,310390001,1,2.4301336573511544e-4
YUCATAN,MAXCANU,PARAISO,20.6754,-90.117705,31048,310480012,1,0.0013831258644536654
YUCATAN,MOTUL,KOMCHEN MARTINEZ,21.152445,-89.26410083333333,31052,310520021,4,0.03571428571428571
YUCATAN,MOTUL,MOTUL DE CARRILLO PUERTO,21.095550555555555,-89.28392472222222,31052,310520001,3,1.1502626433035543e-4
YUCATAN,PROGRESO,CAMPESTRE FLAMBOYANES,21.21001,-89.66153277777778,31059,310590026,2,2.717022143730471e-4
YUCATAN,PROGRESO,CHELEM,21.26873638888889,-89.74295083333334,31059,310590003,11,0.0022624434389140274
YUCATAN,PROGRESO,CHICXULUB (CHICXULUB PUERTO),21.294428611111112,-89.60716916666667,31059,310590004,37,0.004874193123435648
YUCATAN,PROGRESO,CHUBURNA,21.251853333333333,-89.81621333333334,31059,310590005,70,0.024356297842727904
YUCATAN,PROGRESO,EL PARAISO,21.194325833333338,-89.65164722222222,31059,310590078,1,0.002277904328018223
YUCATAN,PROGRESO,PROGRESO,21.282577222222223,-89.663595,31059,310590001,1459,0.03476706779459073
YUCATAN,PROGRESO,SAN IGNACIO,21.1602625,-89.65422777777778,31059,310590009,2,0.002254791431792559
YUCATAN,RIO LAGARTOS,LAS COLORADAS,21.608724722222224,-87.99060722222222,31061,310610002,14,0.010007147962830594
YUCATAN,RIO LAGARTOS,RIO LAGARTOS,21.597750555555553,-88.1579775,31061,310610001,732,0.29362214199759323
YUCATAN,SAN FELIPE,SAN FELIPE,21.567598888888888,-88.23206333333333,31065,310650001,343,0.16578057032382792
YUCATAN,SINANCHE,SAN CRISANTO,21.35328138888889,-89.17180888888889,31068,310680003,45,0.0743801652892562
YUCATAN,SINANCHE,SINANCHE,21.225595,-89.18578333333333,31068,310680001,6,0.002320185614849188
YUCATAN,TELCHAC PUEBLO,TELCHAC,21.20334888888889,-89.27126722222222,31082,310820001,366,0.10469107551487414
YUCATAN,TELCHAC PUERTO,TELCHAC PUERTO,21.343003888888887,-89.264225,31083,310830001,51,0.026659696811291166
YUCATAN,TIZIMIN,DZONOT CARRETERO,21.402026944444444,-87.87817194444443,31096,310960019,1,4.366812227074236e-4
YUCATAN,TIZIMIN,EL CUYO,21.516858888888887,-87.67814027777779,31096,310960009,304,0.17011751538891998
YUCATAN,TIZIMIN,MOCTEZUMA,21.41125083333333,-87.70801611111112,31096,310960031,1,0.0022675736961451248
YUCATAN,TIZIMIN,PARAISO,21.23551,-87.68016750000001,31096,310960914,1,0.03125
YUCATAN,TIZIMIN,TIZIMIN,21.143523055555555,-88.15226611111112,31096,310960001,3,5.704181164793794e-5
YUCATAN,YOBAIN,CHABIHAU,21.3562825,-89.11791888888888,31106,311060002,23,0.06990881458966565
YUCATAN,YOBAIN,PUERTO DE ABRIGO,21.354514444444447,-89.14256111111112,31106,311060054,1,0.14285714285714285
YUCATAN,YOBAIN,YOBAIN,21.2334675,-89.11650027777777,31106,311060001,5,0.0026652452025586353
