CVE_MUN,CVE_LOC,POBTOT,tot_catch_mt,catch_percapita
02001,020010001,330652,280633.01,0.8487261834194259
02001,020010247,11371,22583.266,1.9860404537859466
02001,020014943,756,7,0.009259259259259259
02002,020020001,854186,3520.437,0.004121393935278733
02002,020020284,17143,3661.056,0.21355982033483054
03001,030010001,43805,26.035,5.943385458281018e-4
03003,030030001,250141,95.821,3.830679496763825e-4
04001,040010002,968,38.239,0.03950309917355371
04002,040020001,249623,295.622,0.001184273885018608
04003,040030006,2712,187.206,0.0690287610619469
14020,140200001,3835,437.942,0.11419608865710561
14020,140200021,221,394.29,1.7841176470588236
14020,140200057,63,194.422,3.086063492063492
14020,140200070,882,319.857,0.3626496598639456
14020,140200082,219,581.635,2.655867579908676
14020,140200088,118,375.791,3.184669491525424
14020,140200097,50,152.87,3.0574
14020,140200127,14,1954.57,139.61214285714286
14022,140220006,4266,10033.1434,2.3518854664791378
14022,140220017,194,0.375,0.0019329896907216496
14022,140220033,6958,1321.2594,0.18989068697901695
14022,140220120,12,97.972,8.164333333333333
14043,140430012,327,427.196,1.3064097859327217
14043,140430036,1352,1954.57,1.445687869822485
14043,140430062,1592,148.595,0.09333856783919597
14043,140430092,574,210.091,0.3660121951219512
14043,140430094,271,0.527,0.001944649446494465
14043,140430099,818,405.351,0.49553911980440096
14043,140430146,1076,1464.308,1.3608810408921932
14058,140580001,9272,1.987,2.1430112165660053e-4
14058,140580021,11,33.008,3.000727272727273
14058,140580122,56,1.987,0.03548214285714286
14058,140580133,81,0.686,0.008469135802469137
14067,140670001,224166,4184.4761,0.018666863395876268
14067,140670007,5,114.467,22.8934
14067,140670008,561,6118.78,10.906916221033867
14067,140670009,585,261.96,0.44779487179487176
14067,140670257,352,76.719,0.21795170454545454
14084,140840004,4,152.87,38.2175
14100,141000034,1819,517.5313,0.2845141836173722
14100,141000048,5,1428.439,285.68780000000004
14100,141000054,621,195.7438,0.3152074074074074
14100,141000065,3200,436.969,0.1365528125
14100,141000261,116,37.747,0.3254051724137931
18001,180010094,663,1194.088,1.8010377073906485
18001,180010096,240,464.115,1.9338125
18001,180010159,12,429.836,35.81966666666667
18004,180040020,618,348.801,0.5644029126213592
18004,180040065,346,4297.11,12.419393063583813
18004,180040106,9,212.597,23.62188888888889
18004,180040120,14,115.376,8.241142857142858
18004,180040128,10593,8292.167,0.782796846974417
18004,180040137,45,71.079,1.5795333333333332
18004,180040154,2777,399.703,0.14393338134677708
18004,180040191,4887,240.471,0.04920626151012891
18008,180080028,163,22.299,0.1368036809815951
18010,180100001,3718,1551.0356000000002,0.41716933835395376
18010,180100008,1283,166.36,0.12966484801247077
18010,180100014,1008,1338.934,1.3283075396825397
18010,180100022,2065,1551.0356000000002,0.7511068280871671
18010,180100023,897,2479.652,2.7643835005574138
18010,180100025,1506,1510.531,1.0030086321381142
18010,180100034,539,200.785,0.3725139146567718
18010,180100047,869,1939.7675,2.232183544303797
18012,180120001,10935,34704.792,3.1737349794238683
18012,180120003,1569,188.2,0.11994901210962396
18012,180120006,139,1368.26,9.843597122302159
18012,180120009,549,262.361,0.47788888888888886
18012,180120017,75,81.351,1.08468
18012,180120019,3066,88.615,0.028902478799739072
18012,180120027,457,262.248,0.5738468271334792
18012,180120037,317,1510.531,4.765082018927445
18012,180120043,1722,1688.952,0.980808362369338
18015,180150001,18023,16412.794,0.9106582699883483
18015,180150006,415,5.195,0.012518072289156627
18015,180150007,1314,10753.901,8.184095129375951
18015,180150009,601,819.846,1.364136439267887
18015,180150018,43,11.569,0.269046511627907
18015,180150025,1043,661.849,0.634562799616491
18015,180150036,758,228.883,0.3019564643799472
18015,180150038,706,2210.549,3.1310892351274786
18015,180150042,260,824.097,3.169603846153846
18015,180150057,925,550.401,0.595028108108108
18015,180150062,849,182.422,0.21486690223792698
18015,180150065,710,20.28,0.028563380281690143
18015,180150066,1226,464.115,0.3785603588907015
18015,180150081,2722,516.623,0.18979537105069805
18016,180160001,13620,19885.7185,1.4600380690161527
18016,180160004,459,1027.0275,2.2375326797385617
18016,180160023,856,228.883,0.26738668224299067
18016,180160029,423,1620.071,3.8299550827423166
18016,180160031,921,1467.211,1.5930629750271443
18016,180160032,709,115.376,0.1627306064880113
18016,180160036,507,48.435,0.09553254437869822
18016,180160038,248,1031.679,4.159995967741936
18016,180160041,3084,164.215,0.05324740596627756
18016,180160043,905,212.445,0.23474585635359116
18016,180160046,796,325.883,0.4094007537688442
18016,180160047,4546,75.26,0.016555213374395073
18016,180160079,690,129.249,0.18731739130434782
18018,180180001,22013,26867.5471,1.2205309180938537
18018,180180012,2092,333.566,0.15944837476099424
18018,180180018,1063,1070.797,1.007334901222954
18020,180200004,601,842.369,1.4016123128119802
18020,180200013,16161,1492.499,0.09235189654105563
18020,180200026,1462,11.569,0.007913132694938442
18020,180200027,4169,10240.038,2.456233629167666
18020,180200041,1696,215.137,0.1268496462264151
18020,180200053,24309,212.597,0.008745608622320952
18020,180200106,2564,228.817,0.08924219968798752
18020,180200236,246,513.86,2.088861788617886
23001,230010001,84519,708.684,0.008384907535583715
23001,230011014,19,708.684,37.299157894736844
23002,230020456,20,215.309,10.76545
23003,230030001,13174,1610.5396,0.12225137391832398
23004,230040001,169028,2318.206,0.013714922971342027
23004,230040053,2636,186.919,0.07091009104704098
23004,230040111,436,181.027,0.4151995412844036
23005,230050001,888797,2678.2238500000003,0.003013313332515749
23007,230070008,2311,3183.1555,1.3773931198615317
23007,230070012,1841,3325.22415,1.8062054046713742
23008,230080001,304942,286.734,9.402902847098791e-4
23009,230090001,33374,393.20390000000003,0.011781743273206689
23011,230110001,19205,169.595,0.008830773236136423
25001,250010001,298009,164587.79048,0.5522913418051133
25001,250010067,2397,5120.192,2.1360834376303712
25001,250010070,11851,4290.816,0.3620636233229263
25001,250010081,2049,4424.374,2.159284529038555
25001,250010119,2982,15800.651,5.298675720992622
25001,250010148,1144,1168.132,1.0210944055944056
25001,250010149,2688,4473.391,1.6642079613095238
25001,250010156,4850,9.884,0.002037938144329897
25001,250010160,9464,744.789,0.07869706255283178
25001,250010166,1276,5604.439,4.392193573667712
25001,250010169,68,2318.5725,34.09665441176471
25001,250010210,212,220.568,1.0404150943396226
25001,250010240,6198,19063.47178,3.0757456889319137
25001,250010349,942,4391.742,4.662146496815287
25001,250010356,2295,1773.441,0.7727411764705883
25001,250010370,702,13.976,0.01990883190883191
25001,250010407,1279,174.65,0.13655199374511337
25001,250010416,22,220.568,10.025818181818183
25001,250010425,17,1221.277,71.83982352941177
25001,250010448,822,1043.547,1.269521897810219
25001,250010675,428,544.256,1.271626168224299
25001,250011001,227,858.929,3.783828193832599
25001,250011045,649,126.104,0.19430508474576272
25001,250011151,16,257.815,16.1134375
25002,250020035,1457,7776.372,5.337249142072753
25002,250020043,1604,98.59,0.06146508728179551
25002,250020048,17,18002.3785,1058.9634411764705
25002,250020067,2242,1988.106,0.8867555753791257
25002,250020084,840,5277.765,6.283053571428572
25002,250020093,6596,85151.1095,12.909507201334144
25002,250020181,274,478.583,1.746653284671533
25002,250020188,155,220.568,1.4230193548387098
25006,250060001,808416,97751.37118,0.12091716539504414
25006,250060106,129,8701.349,67.45231782945737
25006,250060133,1864,7228.11603,3.8777446512875535
25006,250060304,204,7.183,0.03521078431372549
25006,250060305,561,704.70405,1.2561569518716578
25006,250060311,950,1682.6146899999999,1.7711733578947366
25006,250060312,28239,481.472,0.017049895534544425
25006,250060341,14772,1067.3776,0.07225681018142432
25006,250060397,199,7.27,0.03653266331658291
25006,250060413,292,701.37409,2.4019660616438356
25006,250060421,1831,2024.99208,1.1059487056253414
25006,250060438,3411,715.555,0.20977865728525358
25006,250060533,67,1.8,0.026865671641791045
25006,250060539,337,4391.742,13.031875370919883
25006,250060600,279,85151.1095,305.20110931899643
25006,250060601,221,85151.1095,385.2991380090498
25006,250060627,940,57.88,0.06157446808510639
25006,250060707,32,8,0.25
25006,250060936,1494,1171.685,0.784260374832664
25006,250060969,413,50.115,0.12134382566585956
25006,250061044,609,715.2801999999999,1.1745159277504105
25006,250061116,65,1221.277,18.788876923076923
25006,250061242,11,2218.64,201.69454545454545
25006,250061365,304,3.65,0.01200657894736842
25006,250061472,124,14.351,0.11573387096774194
25006,250061509,17,1171.685,68.92264705882353
25006,250061664,204,98.59,0.4832843137254902
25006,250062073,446,1553.357,3.4828632286995513
25006,250062518,1022,220.568,0.21581996086105676
25006,250062758,13,544.256,41.86584615384615
25008,250080001,19742,1286.42894,0.06516203728092392
25008,250080002,260,138.799,0.5338423076923077
25008,250080029,63,580.825,9.219444444444445
25008,250080032,381,18434.25,48.38385826771653
25008,250080061,264,969.487,3.672299242424242
25008,250080064,102,371.16476,3.6388701960784315
25008,250080074,112,651.54,5.817321428571428
25008,250080132,804,32.909,0.04093159203980099
25008,250080164,849,116.11466,0.1367663839811543
25008,250080176,1964,1171.685,0.5965809572301425
25008,250080421,68,580.825,8.54154411764706
25009,250090001,33924,14695.65268,0.43319339346775143
25009,250090012,264,3.73,0.01412878787878788
25009,250090020,1357,25.44,0.018747236551215917
25009,250090043,2469,100.514,0.04071040907249899
25009,250090044,1517,9.047,0.005963744232036916
25009,250090060,4598,1669.195,0.3630263157894737
25009,250090062,1497,22.856,0.015267869071476287
25009,250090595,11,65.852,5.986545454545455
25010,250100001,12848,18002.3785,1.4011813900996264
25010,250100004,377,2218.64,5.8849867374005305
25010,250100016,303,2484.143,8.198491749174918
25010,250100026,813,995.89,1.2249569495694956
25010,250100036,501,6.09,0.01215568862275449
25010,250100090,17,50.115,2.9479411764705885
25010,250100102,4482,75.467,0.016837795626952253
25010,250100122,194,704.2535,3.6301726804123713
25010,250100155,209,2799.538,13.39491866028708
25010,250100179,5789,14.914,0.002576265330799793
25010,250100182,398,7.879,0.0197964824120603
25010,250100212,296,19.699,0.06655067567567569
25010,250100401,151,544.256,3.604344370860927
25010,250100420,16,185.282,11.580125
25010,250100507,11,168.566,15.324181818181819
25010,250100540,615,220.568,0.3586471544715447
25010,250100547,87,384.67,4.421494252873563
25010,250101278,99,1286.42894,12.994231717171717
25010,250101289,513,869.073,1.6940994152046782
25010,250101293,612,1.8,0.0029411764705882353
25011,250110001,77849,142823.19,1.834618171074773
25011,250110052,2926,29.793,0.01018215994531784
25011,250110059,1892,155.444,0.08215856236786469
25011,250110064,4042,990.258,0.24499208312716478
25011,250110065,2734,8421.04,3.080117044623263
25011,250110085,1448,1221.277,0.8434233425414365
25011,250110132,25157,238.637,0.009485908494653576
25011,250110138,22421,97.785,0.0043613130547254806
25011,250110148,1988,5064.778,2.547675050301811
25011,250110151,282,2024.99208,7.180822978723405
25011,250110216,724,0.12,1.6574585635359117e-4
25011,250110228,793,238.637,0.30092938209331654
25011,250110280,420,653.744,1.5565333333333333
25011,250110300,872,2723.145,3.1228727064220183
25011,250110362,169,2024.99208,11.982201656804733
25011,250110386,563,3583.128,6.364348134991119
25011,250110477,82,15800.651,192.69086585365852
25011,250110563,58,1705.778,29.40996551724138
25011,250110627,583,19.91,0.034150943396226416
25011,250110695,902,2183.394,2.420614190687361
25011,250110707,371,641.534,1.7292021563342317
25011,250110751,35,360.092,10.288342857142856
25011,250110941,125,252.987,2.023896
25012,250120001,441975,1068743.88351,2.4181093580179875
25012,250120134,1994,57.862,0.029018054162487462
25012,250120162,2613,8203.76297,3.139595472636816
25012,250120200,44,1158.305,26.32511363636364
25012,250120255,123,0.373,0.003032520325203252
25012,250120278,91,76.13,0.8365934065934065
25012,250120288,392,44.152,0.1126326530612245
25012,250120313,15,285.344,19.022933333333334
25012,250120331,295,24.215,0.08208474576271187
25012,250120348,16934,162.051,0.009569564190386204
25012,250120370,52,126.378,2.4303461538461537
25012,250120690,13,19.767,1.5205384615384614
25012,250120728,12,7.879,0.6565833333333333
25012,250120761,3550,98.463,0.027736056338028166
25012,250120786,724,33.724,0.046580110497237565
25012,250120822,107,440.021,4.112345794392524
25012,250121005,78,152.592,1.9563076923076925
25012,250121044,260,285.344,1.097476923076923
25012,250121377,573,285.344,0.49798254799301916
25013,250130014,47,58.38,1.2421276595744681
25013,250130109,333,876.708,2.6327567567567565
25013,250130184,593,168.566,0.28425969645868465
25013,250130251,187,19.767,0.10570588235294118
25013,250130610,6,220.568,36.76133333333333
25013,250130739,83,8701.349,104.83553012048193
25014,250140001,17097,4799.5615,0.28072536117447505
25014,250140015,439,33.081,0.07535535307517086
25014,250140020,1134,61.873,0.05456172839506172
25014,250140022,1107,50.115,0.045271002710027104
25014,250140024,658,7.27,0.011048632218844985
25014,250140041,1671,152.592,0.09131777378815081
25014,250140047,906,19.767,0.021817880794701986
25014,250140048,139,0.055,3.956834532374101e-4
25014,250140049,2328,44.152,0.018965635738831615
25014,250140053,231,85151.1095,368.6195216450217
25014,250140079,1956,32.131,0.016426891615541922
25014,250140134,1183,76.658,0.06479966187658495
25014,250140146,1576,1560.532,0.9901852791878172
25014,250140287,933,255.1065,0.2734260450160772
25014,250140329,85,371.16476,4.3666442352941175
25014,250140388,4341,966.563,0.22265906473162866
25016,250160001,4810,18.33,0.0038108108108108104
25016,250160066,3650,65.377,0.017911506849315067
25016,250160131,103,44.152,0.4286601941747573
25016,250160151,275,151.426,0.5506399999999999
25016,250160676,415,385.529,0.9289855421686747
25016,250160774,106,12.538,0.11828301886792453
25017,250170159,313,168.566,0.5385495207667732
25017,250170172,1445,9.845,0.006813148788927336
25017,250170195,67,19.91,0.2971641791044776
25017,250170206,84,19.767,0.23532142857142857
25017,250170367,219,2412.702,11.016904109589042
25017,250170598,172,19.91,0.11575581395348837
25017,250170626,92,5120.192,55.65426086956522
25017,250170627,89,5120.192,57.530247191011235
25017,250170778,8,7.27,0.90875
25017,250170889,148,1705.778,11.525527027027028
25017,250170901,48,19.767,0.41181249999999997
25017,250170902,24,19.767,0.8236249999999999
25017,250170948,21,18.33,0.8728571428571428
25017,250170956,16,7.879,0.4924375
25017,250171046,1154,2151.976,1.8647972270363953
25017,250171568,31,651.54,21.017419354838708
25017,250171692,27,2318.5725,85.87305555555557
25017,250171724,16,651.54,40.72125
25017,250171757,144,5120.192,35.55688888888889
25018,250180001,30796,100011.52853,3.2475493093258865
25018,250180002,8,8701.349,1087.668625
25018,250180006,2137,11127.14642,5.206900524099204
25018,250180041,2811,8203.76297,2.9184500071149055
25018,250180054,2069,15171.4313,7.332736249395843
25018,250180078,595,1365.055,2.2942100840336135
25018,250180098,623,876.708,1.4072359550561797
25018,250180126,176,2651.21134,15.063700795454544
25018,250180131,1648,8701.349,5.279944781553398
25018,250180228,615,96.57260000000001,0.15702861788617886
25018,250180322,1212,3718.321,3.067921617161716
25018,250180355,4123,7.879,0.0019109871452825612
25018,250180374,33496,58.886,0.001758000955337951
25018,250180434,299,5487.02,18.35123745819398
25018,250180554,14,7228.11603,516.2940021428572
25018,250180607,479,14.914,0.0311356993736952
26012,260120082,6338,152.038,0.023988324392552857
26012,260120093,4312,43.688,0.010131725417439704
26012,260120172,36,113.26,3.1461111111111113
26017,260170001,67604,3939.2665,0.05826972516419147
26017,260170009,759,83.26,0.10969696969696971
26017,260170080,584,5051.539,8.649895547945205
26017,260170166,215,608.633,2.830851162790698
26018,260180001,329404,435351.76430000004,1.3216347230148997
26018,260180090,451,9.377,0.02079157427937916
26018,260180106,23,79.553,3.4588260869565217
26018,260180284,7424,1261.424,0.16991163793103448
26018,260180311,39164,845.387,0.021585818608926565
26018,260180365,3002,53.528,0.017830779480346434
26018,260180397,1225,31.196,0.025466122448979594
26025,260250001,38886,5711.558,0.14687954533765366
26025,260250013,922,663.596,0.7197353579175705
26026,260260001,9831,79.553,0.008092055742040484
26029,260290001,117253,1787678.293,15.246333083162051
26029,260290025,2508,28.727,0.01145414673046252
26029,260290111,1959,4246.736,2.1678080653394587
26029,260291298,185,68.72,0.37145945945945946
26030,260300001,855563,48434.03,0.0566107113093951
26030,260300136,682,458.31,0.6720087976539589
26030,260300137,6454,207734.102,32.18687666563372
26030,260300289,32,48434.03,1513.5634375
26030,260301102,24,113.26,4.719166666666667
26030,260301124,12,113.26,9.438333333333334
26030,260301214,449,955.124,2.1272249443207127
26030,260301829,6,120.309,20.0515
26030,260302039,9,113.26,12.584444444444445
26030,260303258,102,51.411,0.504029411764706
26033,260330001,30324,489156.5155,16.131002357868354
26033,260330002,1882,1216.738,0.6465132837407014
26033,260330011,733,1893.449,2.583150068212824
26033,260330012,290,2924.824,10.0856
26033,260330017,1053,2630.509,2.4981092117758785
26033,260330019,434,322.398,0.742852534562212
26033,260330035,552,134.529,0.24371195652173913
26033,260330038,1029,708.288,0.6883265306122449
26033,260330054,2338,413.213,0.17673781009409753
26033,260330055,662,133.531,0.2017084592145015
26033,260330062,531,100.3,0.18888888888888888
26033,260330063,562,118.265,0.21043594306049823
26033,260330067,1480,2875.577,1.9429574324324326
26033,260330078,384,1088.193,2.8338359375
26033,260330094,4962,0.945,1.9044740024183796e-4
26033,260330099,3677,148422.2505,40.365039570301875
26033,260330110,355,83.26,0.23453521126760565
26033,260330210,549,104.999,0.19125500910746812
26042,260420001,120926,1021.92,0.008450788085275293
26042,260420002,4,628.628,157.157
26042,260420006,1234,543.823,0.4406993517017828
26042,260420016,374,9.377,0.025072192513368986
26042,260420108,539,57.94,0.10749536178107606
26042,260420209,347,628.628,1.8116080691642653
26047,260470027,329,395.307,1.2015410334346506
26047,260470065,2750,5551.873,2.018862909090909
26048,260480001,62301,100978.17883,1.620811525176161
26055,260550001,176685,1178.982,0.006672790559470243
26055,260550011,4618,258879.10949,56.05870712213079
26071,260710001,13153,6581.162,0.5003544438531133
26071,260710127,11,2924.824,265.8930909090909
26071,260710139,2945,3664.6883,1.2443763327674022
26071,260710140,556,29.738,0.05348561151079136
26071,260710141,2400,7088.076,2.953365
26072,260720001,8135,9.913,0.001218561770129072
26072,260720017,2991,11959.862,3.9986165162153124
31011,310110001,8366,38858.164,4.64477217308152
31026,310260001,3467,0.171,4.9322180559561585e-5
31027,310270001,7530,58.543,0.007774634794156706
31027,310270004,38,37.576,0.9888421052631579
31028,310280001,2455,29309.954,11.938881466395113
31028,310280080,228,39.02,0.171140350877193
31029,310290001,6169,1070.269,0.1734914897065975
31038,310380001,28412,215.062,0.007569407292693228
31038,310380004,2078,13022.269,6.266731953801733
31048,310480012,723,149.896,0.2073250345781466
31052,310520001,26081,152.477,0.005846286568766535
31052,310520021,112,3870.238,34.55569642857143
31059,310590001,41965,108739.983,2.5912065530799473
31059,310590003,4862,515.285,0.10598210612916495
31059,310590004,7591,3210.97,0.4229969700961665
31059,310590005,2874,6231.49,2.1682289491997215
31059,310590009,887,1136.636,1.2814385569334836
31059,310590026,7361,423.182,0.05748974324140742
31059,310590078,439,1053.707,2.400243735763098
31061,310610001,2493,8906.661,3.572667870036101
31061,310610002,1399,865.928,0.6189621157969979
31065,310650001,2069,7594.47,3.6705993233446113
31068,310680001,2586,30.997,0.01198646558391338
31068,310680003,605,651.035,1.076090909090909
31082,310820001,3496,3186.792,0.9115537757437071
31083,310830001,1913,3074.931,1.6073868269733402
31096,310960001,52593,1649.906,0.03137120909626756
31096,310960009,1787,4265.299,2.3868489087856744
31096,310960019,2290,11.483,0.005014410480349345
31096,310960031,441,20.93,0.04746031746031746
31096,310960914,32,149.896,4.68425
31106,311060002,329,154.737,0.4703252279635258
31106,311060054,7,9062.888,1294.698285714286
NA,NA,NA,1898730.6695899998,NA
